candidateKey,sourceKind,ownerId,ownerName,skillKey,passiveName,oldClassification,genericClassification,genericMechanismTags,evidenceTaskKeys,evidenceSourcePaths,evidenceSourceWorktrees,remainingGap,dataGapMissingFields,dataGapEvidenceJson,outOfScopeExcludedBehavior,outOfScopeEvidenceJson
hero_skill|hero_akshan|P|无所不用,hero_skill,hero_akshan,影哨,P,无所不用,already_covered,partial,every_n_hit|on_hit|stacking_dirty_fighting|magic_proc_on_third_stack,wasm-generic-akshan-dirty-fighting|wasm-generic-akshan-dirty-fighting,wasm/tinygo_engine_v2/internal/runtime/generic_akshan_dirty_fighting_test.go|db/game_manage/seeds/lol_generic_akshan_dirty_fighting_seed.sql,wasm|backend,blocked_data：被动第二发 50% AD 仅 after a delay，exact delay ms 未公布（secondShotDelayMs / second_shot_exact_delay_ms_not_published）；runtime：技能命中叠层缺 accurate_ability_hit_event_wiring（不得用 ability_started 替代）；out_of_scope：英雄护盾、取消第二发移速、换目标/小兵/多目标非核心分支。,,,,
hero_skill|hero_akshan|Q|去而复还,hero_skill,hero_akshan,影哨,Q,去而复还,out_of_scope_for_single_target_dps,blocked,cooldown_or_haste_without_rotation,,,,缺精确 generic provider seed/mount/live publish/E2E；不得因旧 out_of_scope 标签放行。,,"{""sourceVersion"":""lol-wiki-rev-4007510"",""sourceRef"":""数据参考/lol-wiki-current-champions/normalized/generic/akshan-q.json@rev4007510 sha256:1cbf7dda955849d05ad2d7e578ed9507f8f61fc7525c5ed006a25185915b5f5b"",""availableEffectTables"":{},""availableCooldowns"":[],""availableCosts"":{},""tooltipPlaceholders"":[],""unresolvedDamagePlaceholders"":[],""varsMapEmpty"":true,""variablesEmpty"":true,""variables"":[],""missingFields"":[],""gapKind"":""none"",""reasonZh"":""当前 League Wiki 模板已提供可核验数值合同；剩余为实现/runtime 缺口。"",""blocker"":""""}",,
hero_skill|hero_akshan|W|赴险夺人,hero_skill,hero_akshan,影哨,W,赴险夺人,out_of_scope_for_single_target_dps,out_of_scope,meta_or_non_target_dps,,,,,,,economy_gold,"{""sourceRef"":""数据参考/lol-wiki-current-champions/normalized/generic/akshan-w.json@rev3989407 sha256:d1f66a7d68ae4ac2b607bd580c911a124a384da5117e9688e9bbb392c1caff12"",""sourceTextSummary"":""被动效果：敌方英雄在击杀了阿克尚的友方英雄时，会被标记为恶人。如果阿克尚击杀了一名恶人，那么他会复活被该恶人击杀的友方英雄，获得额外金币，并清除所有恶人标记。 主动施放时，阿克尚会进入伪装状态并在朝着恶人移动时获得移动速度和法力回复。在离开草丛或墙体附近后，阿克尚会失去伪装状态。 {{ Spell_AkshanW_Tooltip_{{ gamemodeint"",""reviewedPrimaryTargetDamageBranch"":true,""boundaryCategory"":""economy_or_post_takedown"",""excludedBehavior"":""economy_gold"",""boundaryReason"":""赴险夺人：击杀/经济收益发生在当前唯一主目标死亡之后，encounter 已结束；审计边界外。"",""damageRelevantSubBranchDisposition"":""post_kill_next_encounter_only""}"
hero_skill|hero_akshan|E|骄行荡寇,hero_skill,hero_akshan,影哨,E,骄行荡寇,out_of_scope_for_single_target_dps,out_of_scope,swing_path_non_single_target|heroic_swing_movement,,,,,,,explicit_user_audit_scope,"{""sourceRef"":""数据参考/lol-wiki-current-champions/normalized/reviewed-contracts.json#akshan-e@rev4007412"",""sourceTextSummary"":""阿克尚发射一个钩爪来吸附住地形，然后围绕它进行摆荡，在摆荡时快速朝相距最近的敌人开火。他可以提前从绳索上荡下来，或在与一名敌方英雄或地形产生碰撞时落下。 第一段施放：阿克尚发射一个钩爪，吸附在命中的第一个地形上。 第二段施放：阿克尚在地形附近摆荡，朝相距最近的敌人进行快速射击，每次射击造成{{ damagetodeal }}物理伤害。 第三段施放：阿克尚从绳"",""reviewedPrimaryTargetDamageBranch"":true,""boundaryCategory"":""explicit_user_scope"",""excludedBehavior"":""explicit_user_audit_scope"",""boundaryReason"":""骄行荡寇：用户显式划定审计范围外；主目标伤害分支已复核为边界外。"",""damageRelevantSubBranchDisposition"":""trigger_phrase_no_damage_amp""}"
hero_skill|hero_akshan|R|恩怨相抵,hero_skill,hero_akshan,影哨,R,恩怨相抵,out_of_scope_for_single_target_dps,blocked,meta_or_non_target_dps,,,,缺精确 generic provider seed/mount/live publish/E2E；不得因旧 out_of_scope 标签放行。,,"{""sourceVersion"":""lol-wiki-rev-3982549"",""sourceRef"":""数据参考/lol-wiki-current-champions/normalized/generic/akshan-r.json@rev3982549 sha256:f6707ea62ac3c40823b6b1ee5984d19987f49a35283f7795e04cd8b36359ef32"",""availableEffectTables"":{},""availableCooldowns"":[],""availableCosts"":{},""tooltipPlaceholders"":[],""unresolvedDamagePlaceholders"":[],""varsMapEmpty"":true,""variablesEmpty"":true,""variables"":[],""missingFields"":[],""gapKind"":""none"",""reasonZh"":""当前 League Wiki 模板已提供可核验数值合同；剩余为实现/runtime 缺口。"",""blocker"":""""}",,
hero_skill|hero_aphelios|P|传知者与真知者,hero_skill,hero_aphelios,残月之肃,P,传知者与真知者,needs_manual_baseline,out_of_scope,weapon_ammo_swap_system,,,,,,,aphelios_weapon_ammo_swap_system,"{""sourceRef"":""数据参考/lol-wiki-current-champions/normalized/generic/aphelios-p.json@rev4022691 sha256:f89d11798f5ae62bde50b9a22bff7bc9e03360fb14cb232410a839459a50781e"",""sourceTextSummary"":""厄斐琉斯拥有5件由他妹妹拉露恩所制的皎月武器。他同一时间可以使用2件：1件主手武器和1件副手武器。每件武器都有1种独特的普攻方式和1个独特的技能。攻击和技能都会消耗该武器的弹药。在弹药耗尽后，厄斐琉斯会弃掉该武器，并且拉露恩会召唤下一件武器给厄斐琉斯。"",""reviewedPrimaryTargetDamageBranch"":true,""boundaryCategory"":""complex_owner_skip"",""excludedBehavior"":""aphelios_weapon_ammo_swap_system"",""boundaryReason"":""传知者与真知者：复杂所有者/武器弹药系统整包跳过；主目标伤害分支已复核为边界外。"",""damageRelevantSubBranchDisposition"":""aphelios_owner_allowlist""}"
hero_skill|hero_aphelios|Q|武器技能,hero_skill,hero_aphelios,残月之肃,Q,武器技能,out_of_scope_for_single_target_dps,out_of_scope,weapon_ammo_swap_system,,,,,,,aphelios_weapon_ammo_swap_system,"{""sourceRef"":""数据参考/lol-wiki-current-champions/normalized/generic/aphelios-q.json@rev3963883 sha256:95c3bafeb5c1558022cfd687495336b6a254c5fe3ab373b1b2f6b0a00c5e52dd"",""sourceTextSummary"":""厄斐琉斯拥有5个不同的主动技能，基于他的主手武器： 通碧(步枪)：长距离射击，能够标记目标来跟进一次长距离攻击。 断魄(短镰枪)：在快速奔跑的同时用两把武器攻击附近的敌人。 坠明(加农炮)：禁锢被这把武器减速的所有敌人。 荧焰(喷火器)：引爆锥形范围内的敌人并用你的副手武器攻击他们。 折镜(飞轮刃)：部署一个装备着你副手武器的驻灵。 {{ spellmodi"",""reviewedPrimaryTargetDamageBranch"":true,""boundaryCategory"":""complex_owner_skip"",""excludedBehavior"":""aphelios_weapon_ammo_swap_system"",""boundaryReason"":""武器技能：复杂所有者/武器弹药系统整包跳过；主目标伤害分支已复核为边界外。"",""damageRelevantSubBranchDisposition"":""aphelios_owner_allowlist""}"
hero_skill|hero_aphelios|W|月相轮转,hero_skill,hero_aphelios,残月之肃,W,月相轮转,needs_manual_baseline,out_of_scope,weapon_ammo_swap_system,,,,,,,aphelios_weapon_ammo_swap_system,"{""sourceRef"":""数据参考/lol-wiki-current-champions/normalized/generic/aphelios-w.json@rev3970739 sha256:f3fb3134b57ae063602a10fabc22f2653c59f18eddd0a7d6d9c95eeb8205471e"",""sourceTextSummary"":""厄斐琉斯将主手武器和副手武器互换，同时替换他的普攻方式和主动技能。 切换主手武器与副手武器，装备坠明。{{ spellmodifierdescriptionappend }}"",""reviewedPrimaryTargetDamageBranch"":true,""boundaryCategory"":""complex_owner_skip"",""excludedBehavior"":""aphelios_weapon_ammo_swap_system"",""boundaryReason"":""月相轮转：复杂所有者/武器弹药系统整包跳过；主目标伤害分支已复核为边界外。"",""damageRelevantSubBranchDisposition"":""aphelios_owner_allowlist""}"
hero_skill|hero_aphelios|E|武器队列系统,hero_skill,hero_aphelios,残月之肃,E,武器队列系统,out_of_scope_for_single_target_dps,out_of_scope,weapon_ammo_swap_system,,,,,,,aphelios_weapon_ammo_swap_system,"{""sourceRef"":""数据参考/lol-wiki-current-champions/normalized/generic/aphelios-e.json@rev3998993 sha256:4e8678cf455dbbf1eebd50d9a7e318ef9e56f47e80f263a8e8d92a4be0efabb0"",""sourceTextSummary"":""厄斐琉斯没有E技能。这个技能栏位会显示拉露恩将为他提供的下一件武器。武器序列在开始时是固定的，但可以随着游戏时间来变更——在一件武器弹药耗尽后，就会进入序列的末端。 {{ spellmodifierdescriptionappend }}"",""reviewedPrimaryTargetDamageBranch"":true,""boundaryCategory"":""complex_owner_skip"",""excludedBehavior"":""aphelios_weapon_ammo_swap_system"",""boundaryReason"":""武器队列系统：复杂所有者/武器弹药系统整包跳过；主目标伤害分支已复核为边界外。"",""damageRelevantSubBranchDisposition"":""aphelios_owner_allowlist""}"
hero_skill|hero_aphelios|R|清辉夜凝,hero_skill,hero_aphelios,残月之肃,R,清辉夜凝,out_of_scope_for_single_target_dps,out_of_scope,weapon_ammo_swap_system,,,,,,,aphelios_weapon_ammo_swap_system,"{""sourceRef"":""数据参考/lol-wiki-current-champions/normalized/generic/aphelios-r.json@rev3996444 sha256:29aae204e6987b0049678b38b3ca912ae940f9a5de3bd525a8cffadd543f0d2b"",""sourceTextSummary"":""发射一道凝结的月光来引爆敌方英雄。还会施加厄斐琉斯主手武器的独特效果。 厄斐琉斯发射一道浓缩爆裂的月光，在命中一位敌方英雄时爆炸，以对周围的敌人们造成{{ maxdamage }}物理伤害。 随后，厄斐琉斯会用他的主手武器攻击所有英雄。{{ Spell_ApheliosR_WeaponMod_{{ f1 }} }}{{ spellmodifierdescri"",""reviewedPrimaryTargetDamageBranch"":true,""boundaryCategory"":""complex_owner_skip"",""excludedBehavior"":""aphelios_weapon_ammo_swap_system"",""boundaryReason"":""清辉夜凝：复杂所有者/武器弹药系统整包跳过；主目标伤害分支已复核为边界外。"",""damageRelevantSubBranchDisposition"":""aphelios_owner_allowlist""}"
hero_skill|hero_ashe|P|冰霜射击,hero_skill,hero_ashe,寒冰射手,P,冰霜射击,needs_runtime_extension,blocked,deterministic_random_crit_sequence,,,,缺 deterministic_random_crit_sequence / on_crit_event 运行时原语；不得用 expected-crit 冒充完成。,,"{""sourceVersion"":""lol-wiki-rev-4038216"",""sourceRef"":""数据参考/lol-wiki-current-champions/normalized/generic/ashe-p.json@rev4038216 sha256:def2547f895e1533754e9265fd36f995a30258f11ca947cd737a70ea17df51da"",""availableEffectTables"":{},""availableCooldowns"":[],""availableCosts"":{},""tooltipPlaceholders"":[],""unresolvedDamagePlaceholders"":[],""varsMapEmpty"":true,""variablesEmpty"":true,""variables"":[],""missingFields"":[],""gapKind"":""none"",""reasonZh"":""当前 League Wiki 模板已提供可核验数值合同；剩余为实现/runtime 缺口。"",""blocker"":""""}",,
hero_skill|hero_ashe|Q|射手的专注,hero_skill,hero_ashe,寒冰射手,Q,射手的专注,needs_runtime_extension,migrated,stacking_stat_modifier_on_hit|attack_speed_percent_add|cast_condition,wasm-generic-ashe-rangers-focus|wasm-generic-ashe-rangers-focus,wasm/tinygo_engine_v2/internal/runtime/generic_ashe_rangers_focus_test.go|db/game_manage/seeds/lol_generic_ashe_rangers_focus_seed.sql,wasm|backend,,,,,
hero_skill|hero_ashe|W|万箭齐发,hero_skill,hero_ashe,寒冰射手,W,万箭齐发,already_covered,migrated,ability_flat_bonus_ad_damage|first_missile_only,wasm-generic-ashe-volley|wasm-generic-ashe-volley,wasm/tinygo_engine_v2/internal/runtime/generic_ashe_volley_test.go|db/game_manage/seeds/lol_generic_ashe_volley_seed.sql,wasm|backend,,,,,
hero_skill|hero_ashe|E|鹰击长空,hero_skill,hero_ashe,寒冰射手,E,鹰击长空,out_of_scope_for_single_target_dps,out_of_scope,meta_or_non_target_dps,,,,,,,ward_vision_or_trap_reveal,"{""sourceRef"":""数据参考/lol-wiki-current-champions/normalized/generic/ashe-e.json@rev3936951 sha256:218c7d2ecbf561f64b35a97e57f47a853a036a4923517eb278b572a7640dedc0"",""sourceTextSummary"":""艾希将她的猎鹰之灵派去执行侦查任务，可派往地图上的任意地点。 艾希派出一只鹰，在地图上的任一位置提供5秒的视野。它还会在飞行时显形附近的区域。 这个技能可持有2层充能（{{ chargecooldown }}秒充能时间）。{{ spellmodifierdescriptionappend }}"",""reviewedPrimaryTargetDamageBranch"":true,""boundaryCategory"":""pure_vision"",""excludedBehavior"":""ward_vision_or_trap_reveal"",""boundaryReason"":""鹰击长空：纯视野/显形/守卫侦察，不含伤害；审计边界外。"",""damageRelevantSubBranchDisposition"":""no_primary_target_damage_branch""}"
hero_skill|hero_ashe|R|魔法水晶箭,hero_skill,hero_ashe,寒冰射手,R,魔法水晶箭,out_of_scope_for_single_target_dps,blocked,multi_target_or_area,,,,缺精确 generic provider seed/mount/live publish/E2E；不得因旧 out_of_scope 标签放行。,,"{""sourceVersion"":""lol-wiki-rev-4026934"",""sourceRef"":""数据参考/lol-wiki-current-champions/normalized/generic/ashe-r.json@rev4026934 sha256:1d9ccefa98a41e57a088e76aaca16f7a78141e7373616520e2d6ba13f450664f"",""availableEffectTables"":{},""availableCooldowns"":[],""availableCosts"":{},""tooltipPlaceholders"":[],""unresolvedDamagePlaceholders"":[],""varsMapEmpty"":true,""variablesEmpty"":true,""variables"":[],""missingFields"":[],""gapKind"":""none"",""reasonZh"":""当前 League Wiki 模板已提供可核验数值合同；剩余为实现/runtime 缺口。"",""blocker"":""""}",,
hero_skill|hero_azir|P|恕瑞玛的传承,hero_skill,hero_azir,沙漠皇帝,P,恕瑞玛的传承,out_of_scope_for_single_target_dps,out_of_scope,meta_or_non_target_dps,,,,,,,building_or_epic_monster_damage,"{""sourceRef"":""数据参考/lol-wiki-current-champions/normalized/generic/azir-p.json@rev3962342 sha256:729b83b1ac5fc8472dec4ae416d66aa6cbb10d53d869d84b45b0882d8b23a007"",""sourceTextSummary"":""阿兹尔可以从友方或敌方防御塔的废墟中召唤太阳圆盘。"",""reviewedPrimaryTargetDamageBranch"":true,""boundaryCategory"":""building_or_nonchampion_only"",""excludedBehavior"":""building_or_epic_monster_damage"",""boundaryReason"":""恕瑞玛的传承：仅作用于防御塔/史诗野怪/非英雄单位，非英雄主目标 DPS；审计边界外。"",""damageRelevantSubBranchDisposition"":""other_target_or_building_only""}"
hero_skill|hero_azir|Q|狂沙猛攻,hero_skill,hero_azir,沙漠皇帝,Q,狂沙猛攻,out_of_scope_for_single_target_dps,blocked,meta_or_non_target_dps,,,,缺精确 generic provider seed/mount/live publish/E2E；不得因旧 out_of_scope 标签放行。,,"{""sourceVersion"":""lol-wiki-rev-4024967"",""sourceRef"":""数据参考/lol-wiki-current-champions/normalized/generic/azir-q.json@rev4024967 sha256:168e2568c6795859e68831eb23b59b62d249aceb07cf3740403b1616516b51f2"",""availableEffectTables"":{},""availableCooldowns"":[],""availableCosts"":{},""tooltipPlaceholders"":[],""unresolvedDamagePlaceholders"":[],""varsMapEmpty"":true,""variablesEmpty"":true,""variables"":[],""missingFields"":[],""gapKind"":""none"",""reasonZh"":""当前 League Wiki 模板已提供可核验数值合同；剩余为实现/runtime 缺口。"",""blocker"":""""}",,
hero_skill|hero_azir|W|沙兵现身,hero_skill,hero_azir,沙漠皇帝,W,沙兵现身,out_of_scope_for_single_target_dps,blocked,meta_or_non_target_dps,,,,缺精确 generic provider seed/mount/live publish/E2E；不得因旧 out_of_scope 标签放行。,,"{""sourceVersion"":""lol-wiki-rev-4043850"",""sourceRef"":""数据参考/lol-wiki-current-champions/normalized/generic/azir-w.json@rev4043850 sha256:eda21de63ba2907f5b5406cbb54bd545b78abaae01ca7471ddf9b2a8ecef0ffa"",""availableEffectTables"":{},""availableCooldowns"":[],""availableCosts"":{},""tooltipPlaceholders"":[],""unresolvedDamagePlaceholders"":[],""varsMapEmpty"":true,""variablesEmpty"":true,""variables"":[],""missingFields"":[],""gapKind"":""none"",""reasonZh"":""当前 League Wiki 模板已提供可核验数值合同；剩余为实现/runtime 缺口。"",""blocker"":""""}",,
hero_skill|hero_azir|E|流沙移形,hero_skill,hero_azir,沙漠皇帝,E,流沙移形,out_of_scope_for_single_target_dps,blocked,meta_or_non_target_dps,,,,缺精确 generic provider seed/mount/live publish/E2E；不得因旧 out_of_scope 标签放行。,,"{""sourceVersion"":""lol-wiki-rev-4022609"",""sourceRef"":""数据参考/lol-wiki-current-champions/normalized/generic/azir-e.json@rev4022609 sha256:2c5f2625e9c82b0a9edf181aa5c87e3ca855f105e6bd7b0acdf6b6d811e516bd"",""availableEffectTables"":{},""availableCooldowns"":[],""availableCosts"":{},""tooltipPlaceholders"":[],""unresolvedDamagePlaceholders"":[],""varsMapEmpty"":true,""variablesEmpty"":true,""variables"":[],""missingFields"":[],""gapKind"":""none"",""reasonZh"":""当前 League Wiki 模板已提供可核验数值合同；剩余为实现/runtime 缺口。"",""blocker"":""""}",,
hero_skill|hero_azir|R|禁军之墙,hero_skill,hero_azir,沙漠皇帝,R,禁军之墙,out_of_scope_for_single_target_dps,blocked,multi_target_or_area,,,,缺精确 generic provider seed/mount/live publish/E2E；不得因旧 out_of_scope 标签放行。,,"{""sourceVersion"":""lol-wiki-rev-4042859"",""sourceRef"":""数据参考/lol-wiki-current-champions/normalized/generic/azir-r.json@rev4042859 sha256:92cf30c1d9452936b24cb3e20c28bf1f417748db64a60ea382238db5212e8251"",""availableEffectTables"":{},""availableCooldowns"":[],""availableCosts"":{},""tooltipPlaceholders"":[],""unresolvedDamagePlaceholders"":[],""varsMapEmpty"":true,""variablesEmpty"":true,""variables"":[],""missingFields"":[],""gapKind"":""none"",""reasonZh"":""当前 League Wiki 模板已提供可核验数值合同；剩余为实现/runtime 缺口。"",""blocker"":""""}",,
hero_skill|hero_caitlyn|P|爆头,hero_skill,hero_caitlyn,皮城女警,P,爆头,out_of_scope_for_single_target_dps,blocked,on_hit|crit_scaling,,,,缺 Caitlyn P Headshot 主目标伤害与暴击缩放 runtime/数据闭环。,,"{""sourceVersion"":""lol-wiki-rev-3982560"",""sourceRef"":""数据参考/lol-wiki-current-champions/normalized/generic/caitlyn-p.json@rev3982560 sha256:5f36d295e4099c5ee5a091b17f0db9f2a50819939a449e59b95d247baaac8251"",""availableEffectTables"":{},""availableCooldowns"":[],""availableCosts"":{},""tooltipPlaceholders"":[],""unresolvedDamagePlaceholders"":[],""varsMapEmpty"":true,""variablesEmpty"":true,""variables"":[],""missingFields"":[],""gapKind"":""none"",""reasonZh"":""当前 League Wiki 模板已提供可核验数值合同；剩余为实现/runtime 缺口。"",""blocker"":""""}",,
hero_skill|hero_caitlyn|Q|和平使者,hero_skill,hero_caitlyn,皮城女警,Q,和平使者,out_of_scope_for_single_target_dps,blocked,meta_or_non_target_dps,,,,缺精确 generic provider seed/mount/live publish/E2E；不得因旧 out_of_scope 标签放行。,,"{""sourceVersion"":""lol-wiki-rev-4007583"",""sourceRef"":""数据参考/lol-wiki-current-champions/normalized/generic/caitlyn-q.json@rev4007583 sha256:6c40deba7b6e60ab9c06bc014a214a8be4319c4ddf22c550237b659f19307caf"",""availableEffectTables"":{},""availableCooldowns"":[],""availableCosts"":{},""tooltipPlaceholders"":[],""unresolvedDamagePlaceholders"":[],""varsMapEmpty"":true,""variablesEmpty"":true,""variables"":[],""missingFields"":[],""gapKind"":""none"",""reasonZh"":""当前 League Wiki 模板已提供可核验数值合同；剩余为实现/runtime 缺口。"",""blocker"":""""}",,
hero_skill|hero_caitlyn|W|约德尔诱捕器,hero_skill,hero_caitlyn,皮城女警,W,约德尔诱捕器,out_of_scope_for_single_target_dps,blocked,meta_or_non_target_dps,,,,缺精确 generic provider seed/mount/live publish/E2E；不得因旧 out_of_scope 标签放行。,,"{""sourceVersion"":""lol-wiki-rev-4023135"",""sourceRef"":""数据参考/lol-wiki-current-champions/normalized/generic/caitlyn-w.json@rev4023135 sha256:4e500c2cc801672b4d110359d6710c9464f6a61e5d3f02f01965d4e90b3e4a6a"",""availableEffectTables"":{},""availableCooldowns"":[],""availableCosts"":{},""tooltipPlaceholders"":[],""unresolvedDamagePlaceholders"":[],""varsMapEmpty"":true,""variablesEmpty"":true,""variables"":[],""missingFields"":[],""gapKind"":""none"",""reasonZh"":""当前 League Wiki 模板已提供可核验数值合同；剩余为实现/runtime 缺口。"",""blocker"":""""}",,
hero_skill|hero_caitlyn|E|90口径绳网,hero_skill,hero_caitlyn,皮城女警,E,90口径绳网,needs_manual_baseline,blocked,dps_relevant_manual_review,,,,文本可能影响 DPS，但脚本无法从本地 Data Dragon 可靠还原数值或 rank 表；须以当前 League Wiki 模板/修订为数值真源。,,"{""sourceVersion"":""lol-wiki-rev-4007584"",""sourceRef"":""数据参考/lol-wiki-current-champions/normalized/generic/caitlyn-e.json@rev4007584 sha256:9357e7b28b05f738cd8049a2d10a115e4033a54123c0e71f55d1262a92884db2"",""availableEffectTables"":{},""availableCooldowns"":[],""availableCosts"":{},""tooltipPlaceholders"":[],""unresolvedDamagePlaceholders"":[],""varsMapEmpty"":true,""variablesEmpty"":true,""variables"":[],""missingFields"":[],""gapKind"":""none"",""reasonZh"":""当前 League Wiki 模板已提供可核验数值合同；剩余为实现/runtime 缺口。"",""blocker"":""""}",,
hero_skill|hero_caitlyn|R|让子弹飞,hero_skill,hero_caitlyn,皮城女警,R,让子弹飞,out_of_scope_for_single_target_dps,blocked,meta_or_non_target_dps,,,,缺精确 generic provider seed/mount/live publish/E2E；不得因旧 out_of_scope 标签放行。,,"{""sourceVersion"":""lol-wiki-rev-3982561"",""sourceRef"":""数据参考/lol-wiki-current-champions/normalized/generic/caitlyn-r.json@rev3982561 sha256:08b488c97fc694d9a3de711ffd4ea0b95fc1746c3a11b9c44b878844e586e8a8"",""availableEffectTables"":{},""availableCooldowns"":[],""availableCosts"":{},""tooltipPlaceholders"":[],""unresolvedDamagePlaceholders"":[],""varsMapEmpty"":true,""variablesEmpty"":true,""variables"":[],""missingFields"":[],""gapKind"":""none"",""reasonZh"":""当前 League Wiki 模板已提供可核验数值合同；剩余为实现/runtime 缺口。"",""blocker"":""""}",,
hero_skill|hero_corki|P|海克斯科技军备,hero_skill,hero_corki,英勇投弹手,P,海克斯科技军备,needs_manual_baseline,blocked,dps_relevant_manual_review,,,,文本可能影响 DPS，但脚本无法从本地 Data Dragon 可靠还原数值或 rank 表；须以当前 League Wiki 模板/修订为数值真源。,,"{""sourceVersion"":""lol-wiki-rev-4003492"",""sourceRef"":""数据参考/lol-wiki-current-champions/normalized/generic/corki-p.json@rev4003492 sha256:a37ac6e0fd7586b485bbe06f74401935d3b0b5a68eb48db2f0496def8d74b73c"",""availableEffectTables"":{},""availableCooldowns"":[],""availableCosts"":{},""tooltipPlaceholders"":[],""unresolvedDamagePlaceholders"":[],""varsMapEmpty"":true,""variablesEmpty"":true,""variables"":[],""missingFields"":[],""gapKind"":""none"",""reasonZh"":""当前 League Wiki 模板已提供可核验数值合同；剩余为实现/runtime 缺口。"",""blocker"":""""}",,
hero_skill|hero_corki|Q|磷光炸弹,hero_skill,hero_corki,英勇投弹手,Q,磷光炸弹,out_of_scope_for_single_target_dps,blocked,meta_or_non_target_dps,,,,缺精确 generic provider seed/mount/live publish/E2E；不得因旧 out_of_scope 标签放行。,,"{""sourceVersion"":""lol-wiki-rev-4007588"",""sourceRef"":""数据参考/lol-wiki-current-champions/normalized/generic/corki-q.json@rev4007588 sha256:e71a474ef6b4df1df4808b397c8bd0f42ce284234f3eb7603fab09cabd760365"",""availableEffectTables"":{},""availableCooldowns"":[],""availableCosts"":{},""tooltipPlaceholders"":[],""unresolvedDamagePlaceholders"":[],""varsMapEmpty"":true,""variablesEmpty"":true,""variables"":[],""missingFields"":[],""gapKind"":""none"",""reasonZh"":""当前 League Wiki 模板已提供可核验数值合同；剩余为实现/runtime 缺口。"",""blocker"":""""}",,
hero_skill|hero_corki|W|瓦尔基里俯冲,hero_skill,hero_corki,英勇投弹手,W,瓦尔基里俯冲,out_of_scope_for_single_target_dps,blocked,multi_target_or_area,,,,缺精确 generic provider seed/mount/live publish/E2E；不得因旧 out_of_scope 标签放行。,,"{""sourceVersion"":""lol-wiki-rev-4007589"",""sourceRef"":""数据参考/lol-wiki-current-champions/normalized/generic/corki-w.json@rev4007589 sha256:85c17f1bedb345ca93539152df7e65cebe5524147de8d7907cb2f75e04c0decb"",""availableEffectTables"":{},""availableCooldowns"":[],""availableCosts"":{},""tooltipPlaceholders"":[],""unresolvedDamagePlaceholders"":[],""varsMapEmpty"":true,""variablesEmpty"":true,""variables"":[],""missingFields"":[],""gapKind"":""none"",""reasonZh"":""当前 League Wiki 模板已提供可核验数值合同；剩余为实现/runtime 缺口。"",""blocker"":""""}",,
hero_skill|hero_corki|E|格林机枪,hero_skill,hero_corki,英勇投弹手,E,格林机枪,needs_manual_baseline,blocked,dps_relevant_manual_review,,,,文本可能影响 DPS，但脚本无法从本地 Data Dragon 可靠还原数值或 rank 表；须以当前 League Wiki 模板/修订为数值真源。,,"{""sourceVersion"":""lol-wiki-rev-3948411"",""sourceRef"":""数据参考/lol-wiki-current-champions/normalized/generic/corki-e.json@rev3948411 sha256:9f1e8aed9ad2dc3f3958a3de6fd62563a029a022aa0e0bb4dc13efea0b4b12a1"",""availableEffectTables"":{},""availableCooldowns"":[],""availableCosts"":{},""tooltipPlaceholders"":[],""unresolvedDamagePlaceholders"":[],""varsMapEmpty"":true,""variablesEmpty"":true,""variables"":[],""missingFields"":[],""gapKind"":""none"",""reasonZh"":""当前 League Wiki 模板已提供可核验数值合同；剩余为实现/runtime 缺口。"",""blocker"":""""}",,
hero_skill|hero_corki|R|火箭轰击,hero_skill,hero_corki,英勇投弹手,R,火箭轰击,out_of_scope_for_single_target_dps,blocked,multi_target_or_area,,,,缺精确 generic provider seed/mount/live publish/E2E；不得因旧 out_of_scope 标签放行。,,"{""sourceVersion"":""lol-wiki-rev-4042863"",""sourceRef"":""数据参考/lol-wiki-current-champions/normalized/generic/corki-r.json@rev4042863 sha256:1c2da7a1ea6bd4904c498eeb823e75dbf0f1e354cf5fe22f72dee2bb09ac4845"",""availableEffectTables"":{},""availableCooldowns"":[],""availableCosts"":{},""tooltipPlaceholders"":[],""unresolvedDamagePlaceholders"":[],""varsMapEmpty"":true,""variablesEmpty"":true,""variables"":[],""missingFields"":[],""gapKind"":""none"",""reasonZh"":""当前 League Wiki 模板已提供可核验数值合同；剩余为实现/runtime 缺口。"",""blocker"":""""}",,
hero_skill|hero_draven|P|德莱文联盟,hero_skill,hero_draven,荣耀行刑官,P,德莱文联盟,out_of_scope_for_single_target_dps,out_of_scope,meta_or_non_target_dps,,,,,,,economy_gold,"{""sourceRef"":""数据参考/lol-wiki-current-champions/normalized/generic/draven-p.json@rev4040578 sha256:a4e44f452a94a037da29672c279421bdf6a969b8f09d9897b5603e3e923051c9"",""sourceTextSummary"":""在接住一把旋转飞斧或者击杀了一个小兵、野怪或防御塔后，德莱文会从他的粉丝那里获得崇拜效果。击杀一名敌方英雄会为德莱文提供额外赏金，赏金的多少取决于他拥有多少层崇拜效果。"",""reviewedPrimaryTargetDamageBranch"":true,""boundaryCategory"":""economy_or_post_takedown"",""excludedBehavior"":""economy_gold"",""boundaryReason"":""德莱文联盟：击杀/经济收益发生在当前唯一主目标死亡之后，encounter 已结束；审计边界外。"",""damageRelevantSubBranchDisposition"":""post_kill_next_encounter_only""}"
hero_skill|hero_draven|Q|旋转飞斧,hero_skill,hero_draven,荣耀行刑官,Q,旋转飞斧,already_covered,migrated,spellblade_next_attack_state|spinning_axe_ready|axe_caught_rearm,wasm-generic-draven-spinning-axe|wasm-generic-draven-spinning-axe,wasm/tinygo_engine_v2/internal/runtime/generic_draven_spinning_axe_test.go|db/game_manage/seeds/lol_generic_draven_spinning_axe_seed.sql,wasm|backend,,,,,
hero_skill|hero_draven|W|血性冲刺,hero_skill,hero_draven,荣耀行刑官,W,血性冲刺,out_of_scope_for_single_target_dps,migrated,timed_attack_speed_buff|catch_cooldown_reset,wasm-generic-draven-blood-rush|wasm-generic-draven-blood-rush|wasm-generic-draven-blood-rush,wasm/tinygo_engine_v2/internal/runtime/generic_draven_blood_rush_test.go|wasm/tinygo_engine_v2/internal/runtime/generic_draven_w_axe_catch_reset_test.go|db/game_manage/seeds/lol_generic_draven_blood_rush_seed.sql,wasm|wasm|backend,,,,,
hero_skill|hero_draven|E|开道利斧,hero_skill,hero_draven,荣耀行刑官,E,开道利斧,needs_manual_baseline,blocked,dps_relevant_manual_review,,,,文本可能影响 DPS，但脚本无法从本地 Data Dragon 可靠还原数值或 rank 表；须以当前 League Wiki 模板/修订为数值真源。,,"{""sourceVersion"":""lol-wiki-rev-4034694"",""sourceRef"":""数据参考/lol-wiki-current-champions/normalized/generic/draven-e.json@rev4034694 sha256:7bb6ebdc19413ef908e78fea01576d1184a66bc62fd6148120845573c1468e8d"",""availableEffectTables"":{},""availableCooldowns"":[],""availableCosts"":{},""tooltipPlaceholders"":[],""unresolvedDamagePlaceholders"":[],""varsMapEmpty"":true,""variablesEmpty"":true,""variables"":[],""missingFields"":[],""gapKind"":""none"",""reasonZh"":""当前 League Wiki 模板已提供可核验数值合同；剩余为实现/runtime 缺口。"",""blocker"":""""}",,
hero_skill|hero_draven|R|冷血追命,hero_skill,hero_draven,荣耀行刑官,R,冷血追命,out_of_scope_for_single_target_dps,blocked,multi_target_or_area,,,,缺精确 generic provider seed/mount/live publish/E2E；不得因旧 out_of_scope 标签放行。,,"{""sourceVersion"":""lol-wiki-rev-4040576"",""sourceRef"":""数据参考/lol-wiki-current-champions/normalized/generic/draven-r.json@rev4040576 sha256:e38551b6eeefa0306cd40a3e15473c8983075f88edbe007915e3d9213a08adce"",""availableEffectTables"":{},""availableCooldowns"":[],""availableCosts"":{},""tooltipPlaceholders"":[],""unresolvedDamagePlaceholders"":[],""varsMapEmpty"":true,""variablesEmpty"":true,""variables"":[],""missingFields"":[],""gapKind"":""none"",""reasonZh"":""当前 League Wiki 模板已提供可核验数值合同；剩余为实现/runtime 缺口。"",""blocker"":""""}",,
hero_skill|hero_ezreal|P|咒能高涨,hero_skill,hero_ezreal,探险家,P,咒能高涨,already_covered,migrated,stacking_stat_modifier_on_hit|attack_speed_percent_add,wasm-generic-ezreal-rising-spell-force|wasm-generic-ezreal-rising-spell-force,wasm/tinygo_engine_v2/internal/runtime/generic_ezreal_rising_spell_force_test.go|db/game_manage/seeds/lol_generic_ezreal_rising_spell_force_seed.sql,wasm|backend,,,,,
hero_skill|hero_ezreal|Q|秘术射击,hero_skill,hero_ezreal,探险家,Q,秘术射击,out_of_scope_for_single_target_dps,blocked,cooldown_or_haste_without_rotation,,,,缺精确 generic provider seed/mount/live publish/E2E；不得因旧 out_of_scope 标签放行。,,"{""sourceVersion"":""lol-wiki-rev-4013233"",""sourceRef"":""数据参考/lol-wiki-current-champions/normalized/generic/ezreal-q.json@rev4013233 sha256:be5a24861dc53970c19378fe8bea17b242b5b406a588cebb32b0d59a4af4b533"",""availableEffectTables"":{},""availableCooldowns"":[],""availableCosts"":{},""tooltipPlaceholders"":[],""unresolvedDamagePlaceholders"":[],""varsMapEmpty"":true,""variablesEmpty"":true,""variables"":[],""missingFields"":[],""gapKind"":""none"",""reasonZh"":""当前 League Wiki 模板已提供可核验数值合同；剩余为实现/runtime 缺口。"",""blocker"":""""}",,
hero_skill|hero_ezreal|W|精华跃动,hero_skill,hero_ezreal,探险家,W,精华跃动,out_of_scope_for_single_target_dps,blocked,meta_or_non_target_dps,,,,缺精确 generic provider seed/mount/live publish/E2E；不得因旧 out_of_scope 标签放行。,,"{""sourceVersion"":""lol-wiki-rev-4013234"",""sourceRef"":""数据参考/lol-wiki-current-champions/normalized/generic/ezreal-w.json@rev4013234 sha256:5e4b2a6704c958150aacbd17cc387d050290cf669ba109be0a48a97a25abf897"",""availableEffectTables"":{},""availableCooldowns"":[],""availableCosts"":{},""tooltipPlaceholders"":[],""unresolvedDamagePlaceholders"":[],""varsMapEmpty"":true,""variablesEmpty"":true,""variables"":[],""missingFields"":[],""gapKind"":""none"",""reasonZh"":""当前 League Wiki 模板已提供可核验数值合同；剩余为实现/runtime 缺口。"",""blocker"":""""}",,
hero_skill|hero_ezreal|E|奥术跃迁,hero_skill,hero_ezreal,探险家,E,奥术跃迁,out_of_scope_for_single_target_dps,blocked,multi_target_or_area,,,,缺精确 generic provider seed/mount/live publish/E2E；不得因旧 out_of_scope 标签放行。,,"{""sourceVersion"":""lol-wiki-rev-3989862"",""sourceRef"":""数据参考/lol-wiki-current-champions/normalized/generic/ezreal-e.json@rev3989862 sha256:7ac83f7eaa237641c478f2e3ffa1a2714f7da0644c8a488ab6a6f47b67e27347"",""availableEffectTables"":{},""availableCooldowns"":[],""availableCosts"":{},""tooltipPlaceholders"":[],""unresolvedDamagePlaceholders"":[],""varsMapEmpty"":true,""variablesEmpty"":true,""variables"":[],""missingFields"":[],""gapKind"":""none"",""reasonZh"":""当前 League Wiki 模板已提供可核验数值合同；剩余为实现/runtime 缺口。"",""blocker"":""""}",,
hero_skill|hero_ezreal|R|精准弹幕,hero_skill,hero_ezreal,探险家,R,精准弹幕,out_of_scope_for_single_target_dps,blocked,meta_or_non_target_dps,,,,缺精确 generic provider seed/mount/live publish/E2E；不得因旧 out_of_scope 标签放行。,,"{""sourceVersion"":""lol-wiki-rev-4013235"",""sourceRef"":""数据参考/lol-wiki-current-champions/normalized/generic/ezreal-r.json@rev4013235 sha256:e9d7f9d7411bcbb1ab00aeb89fe03a4fb8511625fc0a64266f5f63ced53580e0"",""availableEffectTables"":{},""availableCooldowns"":[],""availableCosts"":{},""tooltipPlaceholders"":[],""unresolvedDamagePlaceholders"":[],""varsMapEmpty"":true,""variablesEmpty"":true,""variables"":[],""missingFields"":[],""gapKind"":""none"",""reasonZh"":""当前 League Wiki 模板已提供可核验数值合同；剩余为实现/runtime 缺口。"",""blocker"":""""}",,
hero_skill|hero_graves|P|新命运,hero_skill,hero_graves,法外狂徒,P,新命运,needs_manual_baseline,migrated,point_blank_merged_basic_attack|expected_crit_branch_override|copyable_on_hit_false,wasm-generic-graves-new-destiny|wasm-generic-graves-new-destiny,wasm/tinygo_engine_v2/internal/runtime/generic_graves_new_destiny_test.go|db/game_manage/seeds/lol_generic_graves_new_destiny_seed.sql,wasm|backend,,,,,
hero_skill|hero_graves|Q|穷途末路,hero_skill,hero_graves,法外狂徒,Q,穷途末路,out_of_scope_for_single_target_dps,blocked,multi_target_or_area,,,,缺精确 generic provider seed/mount/live publish/E2E；不得因旧 out_of_scope 标签放行。,,"{""sourceVersion"":""lol-wiki-rev-4007501"",""sourceRef"":""数据参考/lol-wiki-current-champions/normalized/generic/graves-q.json@rev4007501 sha256:c18840004febd305484392c882680939efe9fc609d4f733f81824439741345c5"",""availableEffectTables"":{},""availableCooldowns"":[],""availableCosts"":{},""tooltipPlaceholders"":[],""unresolvedDamagePlaceholders"":[],""varsMapEmpty"":true,""variablesEmpty"":true,""variables"":[],""missingFields"":[],""gapKind"":""none"",""reasonZh"":""当前 League Wiki 模板已提供可核验数值合同；剩余为实现/runtime 缺口。"",""blocker"":""""}",,
hero_skill|hero_graves|W|烟幕弹,hero_skill,hero_graves,法外狂徒,W,烟幕弹,out_of_scope_for_single_target_dps,blocked,meta_or_non_target_dps,,,,缺精确 generic provider seed/mount/live publish/E2E；不得因旧 out_of_scope 标签放行。,,"{""sourceVersion"":""lol-wiki-rev-3956197"",""sourceRef"":""数据参考/lol-wiki-current-champions/normalized/generic/graves-w.json@rev3956197 sha256:20348473fe3441eb32ab656423f577a62a415fadf33fbdc6fcf576bc8b1d210d"",""availableEffectTables"":{},""availableCooldowns"":[],""availableCosts"":{},""tooltipPlaceholders"":[],""unresolvedDamagePlaceholders"":[],""varsMapEmpty"":true,""variablesEmpty"":true,""variables"":[],""missingFields"":[],""gapKind"":""none"",""reasonZh"":""当前 League Wiki 模板已提供可核验数值合同；剩余为实现/runtime 缺口。"",""blocker"":""""}",,
hero_skill|hero_graves|E|快速拔枪,hero_skill,hero_graves,法外狂徒,E,快速拔枪,needs_runtime_extension,migrated,fixed_max_true_grit_phase_a|armor_mr_stat_flat_add|direct_max_stack_override,wasm-generic-graves-quickdraw-max-stack|wasm-generic-graves-quickdraw-max-stack,wasm/tinygo_engine_v2/internal/runtime/generic_graves_quickdraw_max_stack_test.go|db/game_manage/seeds/lol_generic_graves_quickdraw_max_stack_seed.sql,wasm|backend,,,,,
hero_skill|hero_graves|R|终极爆弹,hero_skill,hero_graves,法外狂徒,R,终极爆弹,needs_manual_baseline,blocked,dps_relevant_manual_review,,,,文本可能影响 DPS，但脚本无法从本地 Data Dragon 可靠还原数值或 rank 表；须以当前 League Wiki 模板/修订为数值真源。,,"{""sourceVersion"":""lol-wiki-rev-4007499"",""sourceRef"":""数据参考/lol-wiki-current-champions/normalized/generic/graves-r.json@rev4007499 sha256:834843a7722fc9463e21e8d636b8adc644c220928b90f7bb4afedbaa08f85dd1"",""availableEffectTables"":{},""availableCooldowns"":[],""availableCosts"":{},""tooltipPlaceholders"":[],""unresolvedDamagePlaceholders"":[],""varsMapEmpty"":true,""variablesEmpty"":true,""variables"":[],""missingFields"":[],""gapKind"":""none"",""reasonZh"":""当前 League Wiki 模板已提供可核验数值合同；剩余为实现/runtime 缺口。"",""blocker"":""""}",,
hero_skill|hero_jayce|P|海克斯科技电容,hero_skill,hero_jayce,未来守护者,P,海克斯科技电容,out_of_scope_for_single_target_dps,out_of_scope,no_single_target_dps_effect,,,,,,,movement_speed_or_dash,"{""sourceRef"":""数据参考/lol-wiki-current-champions/normalized/generic/jayce-p.json@rev4042868 sha256:8c8d6e36b01831ef1cca177a08f755b55be2f89831db4206525b3257ec03b136"",""sourceTextSummary"":""每当杰斯切换武器时，他会获得短暂持续的移动速度加成。"",""reviewedPrimaryTargetDamageBranch"":true,""boundaryCategory"":""pure_movement_or_dash"",""excludedBehavior"":""movement_speed_or_dash"",""boundaryReason"":""海克斯科技电容：纯移速/冲刺/位移，无主目标伤害增量；审计边界外。"",""damageRelevantSubBranchDisposition"":""no_primary_target_damage_branch""}"
hero_skill|hero_jayce|Q|苍穹之跃 / 电能震荡,hero_skill,hero_jayce,未来守护者,Q,苍穹之跃 / 电能震荡,out_of_scope_for_single_target_dps,blocked,multi_target_or_area,,,,缺精确 generic provider seed/mount/live publish/E2E；不得因旧 out_of_scope 标签放行。,,"{""sourceVersion"":""lol-wiki-rev-3989865"",""sourceRef"":""数据参考/lol-wiki-current-champions/normalized/generic/jayce-q.json@rev3989865 sha256:ea14cfb3e6057dd84039154cd8571e4ed41cec2a891c57f01e8607291795b71c"",""availableEffectTables"":{},""availableCooldowns"":[],""availableCosts"":{},""tooltipPlaceholders"":[],""unresolvedDamagePlaceholders"":[],""varsMapEmpty"":true,""variablesEmpty"":true,""variables"":[],""missingFields"":[],""gapKind"":""none"",""reasonZh"":""当前 League Wiki 模板已提供可核验数值合同；剩余为实现/runtime 缺口。"",""blocker"":""""}",,
hero_skill|hero_jayce|W|闪电领域 / 超能电荷,hero_skill,hero_jayce,未来守护者,W,闪电领域 / 超能电荷,out_of_scope_for_single_target_dps,blocked,multi_target_or_area,,,,缺精确 generic provider seed/mount/live publish/E2E；不得因旧 out_of_scope 标签放行。,,"{""sourceVersion"":""lol-wiki-rev-3948933"",""sourceRef"":""数据参考/lol-wiki-current-champions/normalized/generic/jayce-w.json@rev3948933 sha256:291798195515d3bfbb9656ce35f660c59ac54831ba74d14d5e4b1a9aedd9f0fa"",""availableEffectTables"":{},""availableCooldowns"":[],""availableCosts"":{},""tooltipPlaceholders"":[],""unresolvedDamagePlaceholders"":[],""varsMapEmpty"":true,""variablesEmpty"":true,""variables"":[],""missingFields"":[],""gapKind"":""none"",""reasonZh"":""当前 League Wiki 模板已提供可核验数值合同；剩余为实现/runtime 缺口。"",""blocker"":""""}",,
hero_skill|hero_jayce|E|雷霆一击 / 加速之门,hero_skill,hero_jayce,未来守护者,E,雷霆一击 / 加速之门,out_of_scope_for_single_target_dps,blocked,meta_or_non_target_dps,,,,缺精确 generic provider seed/mount/live publish/E2E；不得因旧 out_of_scope 标签放行。,,"{""sourceVersion"":""lol-wiki-rev-3965179"",""sourceRef"":""数据参考/lol-wiki-current-champions/normalized/generic/jayce-e.json@rev3965179 sha256:53c88b19bc4bd06bf26ac6edabd4ce317dd9750b40455cd175d27be6ab274ef7"",""availableEffectTables"":{},""availableCooldowns"":[],""availableCosts"":{},""tooltipPlaceholders"":[],""unresolvedDamagePlaceholders"":[],""varsMapEmpty"":true,""variablesEmpty"":true,""variables"":[],""missingFields"":[],""gapKind"":""none"",""reasonZh"":""当前 League Wiki 模板已提供可核验数值合同；剩余为实现/runtime 缺口。"",""blocker"":""""}",,
hero_skill|hero_jayce|R|墨丘利之炮 / 墨丘利之锤,hero_skill,hero_jayce,未来守护者,R,墨丘利之炮 / 墨丘利之锤,needs_runtime_extension,blocked,distance_or_ratio_modifier,,,,缺 distance_or_ratio_input 与 damage_multiplier_or_health_ratio runtime 原语。,,"{""sourceVersion"":""lol-wiki-rev-3989867"",""sourceRef"":""数据参考/lol-wiki-current-champions/normalized/generic/jayce-r.json@rev3989867 sha256:5ef1aaf216a327c0aa1cc668944647fca887f43e6df2d8af1cb8c1b074709e98"",""availableEffectTables"":{},""availableCooldowns"":[],""availableCosts"":{},""tooltipPlaceholders"":[],""unresolvedDamagePlaceholders"":[],""varsMapEmpty"":true,""variablesEmpty"":true,""variables"":[],""missingFields"":[],""gapKind"":""none"",""reasonZh"":""当前 League Wiki 模板已提供可核验数值合同；剩余为实现/runtime 缺口。"",""blocker"":""""}",,
hero_skill|hero_jhin|P|低语,hero_skill,hero_jhin,戏命师,P,低语,needs_runtime_extension,blocked,deterministic_random_crit_sequence,,,,缺 deterministic_random_crit_sequence / on_crit_event 运行时原语；不得用 expected-crit 冒充完成。,,"{""sourceVersion"":""lol-wiki-rev-3998238"",""sourceRef"":""数据参考/lol-wiki-current-champions/normalized/generic/jhin-p.json@rev3998238 sha256:2ef6300374d29c05f039b78a3d750199cff0236f78c147064d434ee897db7cf5"",""availableEffectTables"":{},""availableCooldowns"":[],""availableCosts"":{},""tooltipPlaceholders"":[],""unresolvedDamagePlaceholders"":[],""varsMapEmpty"":true,""variablesEmpty"":true,""variables"":[],""missingFields"":[],""gapKind"":""none"",""reasonZh"":""当前 League Wiki 模板已提供可核验数值合同；剩余为实现/runtime 缺口。"",""blocker"":""""}",,
hero_skill|hero_jhin|Q|曼舞手雷,hero_skill,hero_jhin,戏命师,Q,曼舞手雷,out_of_scope_for_single_target_dps,blocked,multi_target_or_area,,,,缺精确 generic provider seed/mount/live publish/E2E；不得因旧 out_of_scope 标签放行。,,"{""sourceVersion"":""lol-wiki-rev-4007611"",""sourceRef"":""数据参考/lol-wiki-current-champions/normalized/generic/jhin-q.json@rev4007611 sha256:522c4b918067b4b035b6744eb3dc83ce64ba5d47f677ed8517fcb246111685f1"",""availableEffectTables"":{},""availableCooldowns"":[],""availableCosts"":{},""tooltipPlaceholders"":[],""unresolvedDamagePlaceholders"":[],""varsMapEmpty"":true,""variablesEmpty"":true,""variables"":[],""missingFields"":[],""gapKind"":""none"",""reasonZh"":""当前 League Wiki 模板已提供可核验数值合同；剩余为实现/runtime 缺口。"",""blocker"":""""}",,
hero_skill|hero_jhin|W|致命华彩,hero_skill,hero_jhin,戏命师,W,致命华彩,out_of_scope_for_single_target_dps,blocked,meta_or_non_target_dps,,,,缺精确 generic provider seed/mount/live publish/E2E；不得因旧 out_of_scope 标签放行。,,"{""sourceVersion"":""lol-wiki-rev-4021795"",""sourceRef"":""数据参考/lol-wiki-current-champions/normalized/generic/jhin-w.json@rev4021795 sha256:14790ca09f6f320fc2fadc81c2fa7e783c7b81d48d792b7760494f2e8d788c65"",""availableEffectTables"":{},""availableCooldowns"":[],""availableCosts"":{},""tooltipPlaceholders"":[],""unresolvedDamagePlaceholders"":[],""varsMapEmpty"":true,""variablesEmpty"":true,""variables"":[],""missingFields"":[],""gapKind"":""none"",""reasonZh"":""当前 League Wiki 模板已提供可核验数值合同；剩余为实现/runtime 缺口。"",""blocker"":""""}",,
hero_skill|hero_jhin|E|万众倾倒,hero_skill,hero_jhin,戏命师,E,万众倾倒,out_of_scope_for_single_target_dps,blocked,meta_or_non_target_dps,,,,缺精确 generic provider seed/mount/live publish/E2E；不得因旧 out_of_scope 标签放行。,,"{""sourceVersion"":""lol-wiki-rev-4007613"",""sourceRef"":""数据参考/lol-wiki-current-champions/normalized/generic/jhin-e.json@rev4007613 sha256:bbb264e884128852cd9b90fc1965638e0903f88a8da4a500220966c4ff5596c0"",""availableEffectTables"":{},""availableCooldowns"":[],""availableCosts"":{},""tooltipPlaceholders"":[],""unresolvedDamagePlaceholders"":[],""varsMapEmpty"":true,""variablesEmpty"":true,""variables"":[],""missingFields"":[],""gapKind"":""none"",""reasonZh"":""当前 League Wiki 模板已提供可核验数值合同；剩余为实现/runtime 缺口。"",""blocker"":""""}",,
hero_skill|hero_jhin|R|完美谢幕,hero_skill,hero_jhin,戏命师,R,完美谢幕,out_of_scope_for_single_target_dps,blocked,meta_or_non_target_dps,,,,缺精确 generic provider seed/mount/live publish/E2E；不得因旧 out_of_scope 标签放行。,,"{""sourceVersion"":""lol-wiki-rev-4007615"",""sourceRef"":""数据参考/lol-wiki-current-champions/normalized/generic/jhin-r.json@rev4007615 sha256:6bfe695cbc8aec980b66db1ab4f998fd292ddc0619cb35beeda1d755f98d2cc0"",""availableEffectTables"":{},""availableCooldowns"":[],""availableCosts"":{},""tooltipPlaceholders"":[],""unresolvedDamagePlaceholders"":[],""varsMapEmpty"":true,""variablesEmpty"":true,""variables"":[],""missingFields"":[],""gapKind"":""none"",""reasonZh"":""当前 League Wiki 模板已提供可核验数值合同；剩余为实现/runtime 缺口。"",""blocker"":""""}",,
hero_skill|hero_jinx|P|罪恶快感,hero_skill,hero_jinx,暴走萝莉,P,罪恶快感,out_of_scope_for_single_target_dps,out_of_scope,meta_or_non_target_dps,,,,,,,building_or_epic_monster_damage,"{""sourceRef"":""数据参考/lol-wiki-current-champions/normalized/generic/jinx-p.json@rev3973632 sha256:395e0422810de1907b12a16eec824437b4121e64ab7814bcb6b763870afce7b9"",""sourceTextSummary"":""金克丝每当参与击杀或摧毁一名英雄、一个史诗级野怪或一座建筑物后，她的移动速度和攻击速度就会得到显著提升。"",""reviewedPrimaryTargetDamageBranch"":true,""boundaryCategory"":""building_or_nonchampion_only"",""excludedBehavior"":""building_or_epic_monster_damage"",""boundaryReason"":""罪恶快感：仅作用于防御塔/史诗野怪/非英雄单位，非英雄主目标 DPS；审计边界外。"",""damageRelevantSubBranchDisposition"":""other_target_or_building_only""}"
hero_skill|hero_jinx|Q|枪炮交响曲！,hero_skill,hero_jinx,暴走萝莉,Q,枪炮交响曲！,out_of_scope_for_single_target_dps,blocked,multi_target_or_area,,,,缺精确 generic provider seed/mount/live publish/E2E；不得因旧 out_of_scope 标签放行。,,"{""sourceVersion"":""lol-wiki-rev-3992483"",""sourceRef"":""数据参考/lol-wiki-current-champions/normalized/generic/jinx-q.json@rev3992483 sha256:a4a11490d120a72ac8364ac1de8c1ea560badaa50f7cc5de3a4a4ab04b10186a"",""availableEffectTables"":{},""availableCooldowns"":[],""availableCosts"":{},""tooltipPlaceholders"":[],""unresolvedDamagePlaceholders"":[],""varsMapEmpty"":true,""variablesEmpty"":true,""variables"":[],""missingFields"":[],""gapKind"":""none"",""reasonZh"":""当前 League Wiki 模板已提供可核验数值合同；剩余为实现/runtime 缺口。"",""blocker"":""""}",,
hero_skill|hero_jinx|W|震荡电磁波！,hero_skill,hero_jinx,暴走萝莉,W,震荡电磁波！,out_of_scope_for_single_target_dps,blocked,meta_or_non_target_dps,,,,缺精确 generic provider seed/mount/live publish/E2E；不得因旧 out_of_scope 标签放行。,,"{""sourceVersion"":""lol-wiki-rev-3907092"",""sourceRef"":""数据参考/lol-wiki-current-champions/normalized/generic/jinx-w.json@rev3907092 sha256:8aa6ac3943076256fe6afea15f1dd6eebf892656be45784e2522abb6243f4d1f"",""availableEffectTables"":{},""availableCooldowns"":[],""availableCosts"":{},""tooltipPlaceholders"":[],""unresolvedDamagePlaceholders"":[],""varsMapEmpty"":true,""variablesEmpty"":true,""variables"":[],""missingFields"":[],""gapKind"":""none"",""reasonZh"":""当前 League Wiki 模板已提供可核验数值合同；剩余为实现/runtime 缺口。"",""blocker"":""""}",,
hero_skill|hero_jinx|E|嚼火者手雷！,hero_skill,hero_jinx,暴走萝莉,E,嚼火者手雷！,out_of_scope_for_single_target_dps,blocked,meta_or_non_target_dps,,,,缺精确 generic provider seed/mount/live publish/E2E；不得因旧 out_of_scope 标签放行。,,"{""sourceVersion"":""lol-wiki-rev-3993368"",""sourceRef"":""数据参考/lol-wiki-current-champions/normalized/generic/jinx-e.json@rev3993368 sha256:64562ed4adb34c932810970fd9b9c016b46329d6f956541d334c60d2bc9d83ee"",""availableEffectTables"":{},""availableCooldowns"":[],""availableCosts"":{},""tooltipPlaceholders"":[],""unresolvedDamagePlaceholders"":[],""varsMapEmpty"":true,""variablesEmpty"":true,""variables"":[],""missingFields"":[],""gapKind"":""none"",""reasonZh"":""当前 League Wiki 模板已提供可核验数值合同；剩余为实现/runtime 缺口。"",""blocker"":""""}",,
hero_skill|hero_jinx|R|超究极死神飞弹！,hero_skill,hero_jinx,暴走萝莉,R,超究极死神飞弹！,out_of_scope_for_single_target_dps,blocked,meta_or_non_target_dps,,,,缺精确 generic provider seed/mount/live publish/E2E；不得因旧 out_of_scope 标签放行。,,"{""sourceVersion"":""lol-wiki-rev-4007616"",""sourceRef"":""数据参考/lol-wiki-current-champions/normalized/generic/jinx-r.json@rev4007616 sha256:17ec580b10e2e4e8a0650682afc52ea8fc2b79a9ffbe7b93e9361c4f5c710a87"",""availableEffectTables"":{},""availableCooldowns"":[],""availableCosts"":{},""tooltipPlaceholders"":[],""unresolvedDamagePlaceholders"":[],""varsMapEmpty"":true,""variablesEmpty"":true,""variables"":[],""missingFields"":[],""gapKind"":""none"",""reasonZh"":""当前 League Wiki 模板已提供可核验数值合同；剩余为实现/runtime 缺口。"",""blocker"":""""}",,
hero_skill|hero_kaisa|P|体表活肤,hero_skill,hero_kaisa,虚空之女,P,体表活肤,already_covered,migrated,on_hit|stacking_plasma|missing_health_consume,wasm-generic-kaisa-second-skin|wasm-generic-kaisa-second-skin,wasm/tinygo_engine_v2/internal/runtime/generic_kaisa_second_skin_test.go|db/game_manage/seeds/lol_generic_kaisa_second_skin_seed.sql,wasm|backend,,,,,
hero_skill|hero_kaisa|Q|艾卡西亚暴雨,hero_skill,hero_kaisa,虚空之女,Q,艾卡西亚暴雨,out_of_scope_for_single_target_dps,blocked,meta_or_non_target_dps,,,,缺精确 generic provider seed/mount/live publish/E2E；不得因旧 out_of_scope 标签放行。,,"{""sourceVersion"":""lol-wiki-rev-4038389"",""sourceRef"":""数据参考/lol-wiki-current-champions/normalized/generic/kaisa-q.json@rev4038389 sha256:49de9f47013759a95cad6b8e671efb61d3d8adac02901e70c902b59fc945f71b"",""availableEffectTables"":{},""availableCooldowns"":[],""availableCosts"":{},""tooltipPlaceholders"":[],""unresolvedDamagePlaceholders"":[],""varsMapEmpty"":true,""variablesEmpty"":true,""variables"":[],""missingFields"":[],""gapKind"":""none"",""reasonZh"":""当前 League Wiki 模板已提供可核验数值合同；剩余为实现/runtime 缺口。"",""blocker"":""""}",,
hero_skill|hero_kaisa|W|虚空索敌,hero_skill,hero_kaisa,虚空之女,W,虚空索敌,out_of_scope_for_single_target_dps,blocked,meta_or_non_target_dps,,,,缺精确 generic provider seed/mount/live publish/E2E；不得因旧 out_of_scope 标签放行。,,"{""sourceVersion"":""lol-wiki-rev-4034696"",""sourceRef"":""数据参考/lol-wiki-current-champions/normalized/generic/kaisa-w.json@rev4034696 sha256:aa4ba76c6fa345c711651fa56d9b914d4ea8b7eb3ddfae79d7feb25470d7e3d1"",""availableEffectTables"":{},""availableCooldowns"":[],""availableCosts"":{},""tooltipPlaceholders"":[],""unresolvedDamagePlaceholders"":[],""varsMapEmpty"":true,""variablesEmpty"":true,""variables"":[],""missingFields"":[],""gapKind"":""none"",""reasonZh"":""当前 League Wiki 模板已提供可核验数值合同；剩余为实现/runtime 缺口。"",""blocker"":""""}",,
hero_skill|hero_kaisa|E|极限超载,hero_skill,hero_kaisa,虚空之女,E,极限超载,out_of_scope_for_single_target_dps,migrated,cast_triggered_timed_attack_speed|attack_speed_percent_add,wasm-generic-kaisa-supercharge|wasm-generic-kaisa-supercharge,wasm/tinygo_engine_v2/internal/runtime/generic_kaisa_supercharge_test.go|db/game_manage/seeds/lol_generic_kaisa_supercharge_seed.sql,wasm|backend,,,,,
hero_skill|hero_kaisa|R|猎手本能,hero_skill,hero_kaisa,虚空之女,R,猎手本能,out_of_scope_for_single_target_dps,out_of_scope,multi_target_or_area,,,,,,,movement_speed_or_dash,"{""sourceRef"":""数据参考/lol-wiki-current-champions/normalized/generic/kaisa-r.json@rev4034697 sha256:26363a1044fc3c3b6fc956f17ca084458faadbe54ac1b49196004502447cfe5c"",""sourceTextSummary"":""卡莎突进到一个敌方英雄身边。 卡莎跃迁到一个位置上，该位置处于一名身上带有电浆效果的敌方英雄的附近，并获得持续{{ rshieldduration }}秒的{{ rcalculatedshieldvalue }}护盾值。{{ spellmodifierdescriptionappend }}"",""reviewedPrimaryTargetDamageBranch"":true,""boundaryCategory"":""pure_movement_or_dash"",""excludedBehavior"":""movement_speed_or_dash"",""boundaryReason"":""猎手本能：纯移速/冲刺/位移，无主目标伤害增量；审计边界外。"",""damageRelevantSubBranchDisposition"":""no_primary_target_damage_branch""}"
hero_skill|hero_kalista|P|武术姿态,hero_skill,hero_kalista,复仇之矛,P,武术姿态,needs_runtime_extension,out_of_scope,pure_movement_or_dash|martial_poise_dash,,,,,,,movement_speed_or_dash,"{""sourceRef"":""数据参考/lol-wiki-current-champions/normalized/generic/kalista-p.json@rev4024157 sha256:7013120001320afc36df5ec9f3cf7b30958bde563c5b85f32dff704c1f5fcd38"",""sourceTextSummary"":""如果卡莉丝塔在进行普攻或穿刺的同时被下达了移动指令，那么她会在发起进攻的同时朝着这个移动指令的方向位移小段距离。"",""reviewedPrimaryTargetDamageBranch"":true,""boundaryCategory"":""pure_movement_or_dash"",""excludedBehavior"":""movement_speed_or_dash"",""boundaryReason"":""武术姿态：纯移速/冲刺/位移，无主目标伤害增量；审计边界外。"",""damageRelevantSubBranchDisposition"":""no_primary_target_damage_branch""}"
hero_skill|hero_kalista|Q|穿刺,hero_skill,hero_kalista,复仇之矛,Q,穿刺,needs_manual_baseline,blocked,dps_relevant_manual_review,,,,文本可能影响 DPS，但脚本无法从本地 Data Dragon 可靠还原数值或 rank 表；须以当前 League Wiki 模板/修订为数值真源。,,"{""sourceVersion"":""lol-wiki-rev-3997075"",""sourceRef"":""数据参考/lol-wiki-current-champions/normalized/generic/kalista-q.json@rev3997075 sha256:90c490d921da436134c318249fa7d0038ceaa97dfb76e5bdaa0b330a43676a67"",""availableEffectTables"":{},""availableCooldowns"":[],""availableCosts"":{},""tooltipPlaceholders"":[],""unresolvedDamagePlaceholders"":[],""varsMapEmpty"":true,""variablesEmpty"":true,""variables"":[],""missingFields"":[],""gapKind"":""none"",""reasonZh"":""当前 League Wiki 模板已提供可核验数值合同；剩余为实现/runtime 缺口。"",""blocker"":""""}",,
hero_skill|hero_kalista|W|哨兵,hero_skill,hero_kalista,复仇之矛,W,哨兵,out_of_scope_for_single_target_dps,blocked,meta_or_non_target_dps,,,,缺精确 generic provider seed/mount/live publish/E2E；不得因旧 out_of_scope 标签放行。,,"{""sourceVersion"":""lol-wiki-rev-4007621"",""sourceRef"":""数据参考/lol-wiki-current-champions/normalized/generic/kalista-w.json@rev4007621 sha256:d5b77c4c464ee11521130013b07ed004444bb20e442ee53379fd5ec9802c2e2d"",""availableEffectTables"":{},""availableCooldowns"":[],""availableCosts"":{},""tooltipPlaceholders"":[],""unresolvedDamagePlaceholders"":[],""varsMapEmpty"":true,""variablesEmpty"":true,""variables"":[],""missingFields"":[],""gapKind"":""none"",""reasonZh"":""当前 League Wiki 模板已提供可核验数值合同；剩余为实现/runtime 缺口。"",""blocker"":""""}",,
hero_skill|hero_kalista|E|撕裂,hero_skill,hero_kalista,复仇之矛,E,撕裂,out_of_scope_for_single_target_dps,blocked,multi_target_or_area,,,,缺精确 generic provider seed/mount/live publish/E2E；不得因旧 out_of_scope 标签放行。,,"{""sourceVersion"":""lol-wiki-rev-4004071"",""sourceRef"":""数据参考/lol-wiki-current-champions/normalized/generic/kalista-e.json@rev4004071 sha256:6b94b5174a623058abbee2e716ea59298a2ddc3b79741660b89faf4e6913ede7"",""availableEffectTables"":{},""availableCooldowns"":[],""availableCosts"":{},""tooltipPlaceholders"":[],""unresolvedDamagePlaceholders"":[],""varsMapEmpty"":true,""variablesEmpty"":true,""variables"":[],""missingFields"":[],""gapKind"":""none"",""reasonZh"":""当前 League Wiki 模板已提供可核验数值合同；剩余为实现/runtime 缺口。"",""blocker"":""""}",,
hero_skill|hero_kalista|R|命运的召唤,hero_skill,hero_kalista,复仇之矛,R,命运的召唤,out_of_scope_for_single_target_dps,out_of_scope,meta_or_non_target_dps,,,,,,,other_target_or_aoe_damage,"{""sourceRef"":""数据参考/lol-wiki-current-champions/normalized/generic/kalista-r.json@rev4015001 sha256:939f9f6c32951755ca72bdedfd46846ec18da20991e1cc9275a642a063d3d69c"",""sourceTextSummary"":""卡莉丝塔传送一位友军到自己身边。该友军随后可以冲向一个地点，并击退命中的敌人。 卡莉丝塔将她的誓约者置入凝滞状态并将其拖拽到她的身边，至多持续4秒。誓约者可以点击来将自己投放出去，在命中第一个英雄时停止并击退所有附近的敌人。如果誓约者命中了一名英雄，则会被放置在与目标相距其最大攻击距离的位置。{{ spellmodifierdescriptionappend"",""reviewedPrimaryTargetDamageBranch"":true,""boundaryCategory"":""other_targets_only"",""excludedBehavior"":""other_target_or_aoe_damage"",""boundaryReason"":""命运的召唤：该 component 伤害仅作用于额外目标，主目标不受该 component 伤害；审计边界外。"",""damageRelevantSubBranchDisposition"":""other_target_or_building_only""}"
hero_skill|hero_kayle|P|登神长阶,hero_skill,hero_kayle,正义天使,P,登神长阶,needs_runtime_extension,blocked,distance_or_ratio_modifier,,,,缺 distance_or_ratio_input 与 damage_multiplier_or_health_ratio runtime 原语。,,"{""sourceVersion"":""lol-wiki-rev-4038393"",""sourceRef"":""数据参考/lol-wiki-current-champions/normalized/generic/kayle-p.json@rev4038393 sha256:57059ceeffcd2a5988c64b9ea63552a6c7837cc4dffb4c02803f288b7c629a81"",""availableEffectTables"":{},""availableCooldowns"":[],""availableCosts"":{},""tooltipPlaceholders"":[],""unresolvedDamagePlaceholders"":[],""varsMapEmpty"":true,""variablesEmpty"":true,""variables"":[],""missingFields"":[],""gapKind"":""none"",""reasonZh"":""当前 League Wiki 模板已提供可核验数值合同；剩余为实现/runtime 缺口。"",""blocker"":""""}",,
hero_skill|hero_kayle|Q|耀焰冲击,hero_skill,hero_kayle,正义天使,Q,耀焰冲击,out_of_scope_for_single_target_dps,migrated,active_magic_damage|provider_target_resist_shred|bonus_ad_ap_scaling,wasm-generic-kayle-radiant-blast|wasm-generic-kayle-radiant-blast,wasm/tinygo_engine_v2/internal/runtime/generic_kayle_radiant_blast_test.go|db/game_manage/seeds/lol_generic_kayle_radiant_blast_seed.sql,wasm|backend,,,,,
hero_skill|hero_kayle|W|星界恩典,hero_skill,hero_kayle,正义天使,W,星界恩典,out_of_scope_for_single_target_dps,out_of_scope,cooldown_or_haste_without_rotation,,,,,,,heal_shield_or_survivability,"{""sourceRef"":""数据参考/lol-wiki-current-champions/normalized/generic/kayle-w.json@rev3997873 sha256:e3a13c31ef392b69d09506ddaca57190d577f95fdbd7a61a030b749e5afc334e"",""sourceTextSummary"":""通过神圣的赐福，凯尔为自己和距她最近的友方英雄提供治疗和移动速度。 凯尔为她自身和一名友方英雄灌注圣光，回复{{ totalheal }}生命值并提供持续{{ hasteduration }}秒的{{ totalhaste }}移动速度。{{ spellmodifierdescriptionappend }}"",""reviewedPrimaryTargetDamageBranch"":true,""boundaryCategory"":""pure_heal_shield_survival"",""excludedBehavior"":""heal_shield_or_survivability"",""boundaryReason"":""星界恩典：纯治疗/护盾/生存/免死，不增加对主目标输出；审计边界外。"",""damageRelevantSubBranchDisposition"":""no_primary_target_damage_branch""}"
hero_skill|hero_kayle|E|星火符刃,hero_skill,hero_kayle,正义天使,E,星火符刃,out_of_scope_for_single_target_dps,blocked,multi_target_or_area,,,,缺精确 generic provider seed/mount/live publish/E2E；不得因旧 out_of_scope 标签放行。,,"{""sourceVersion"":""lol-wiki-rev-3982990"",""sourceRef"":""数据参考/lol-wiki-current-champions/normalized/generic/kayle-e.json@rev3982990 sha256:2b0a053f7f651c1f822100256bc2126987de1ec4aa4003d7d4c761d132aca4b3"",""availableEffectTables"":{},""availableCooldowns"":[],""availableCosts"":{},""tooltipPlaceholders"":[],""unresolvedDamagePlaceholders"":[],""varsMapEmpty"":true,""variablesEmpty"":true,""variables"":[],""missingFields"":[],""gapKind"":""none"",""reasonZh"":""当前 League Wiki 模板已提供可核验数值合同；剩余为实现/runtime 缺口。"",""blocker"":""""}",,
hero_skill|hero_kayle|R|圣裁之刻,hero_skill,hero_kayle,正义天使,R,圣裁之刻,out_of_scope_for_single_target_dps,blocked,multi_target_or_area,,,,缺精确 generic provider seed/mount/live publish/E2E；不得因旧 out_of_scope 标签放行。,,"{""sourceVersion"":""lol-wiki-rev-3962015"",""sourceRef"":""数据参考/lol-wiki-current-champions/normalized/generic/kayle-r.json@rev3962015 sha256:58ddb9c5d041d7741263b05a24de93a123bc83bf7261bcfec77b8dba3042b21f"",""availableEffectTables"":{},""availableCooldowns"":[],""availableCosts"":{},""tooltipPlaceholders"":[],""unresolvedDamagePlaceholders"":[],""varsMapEmpty"":true,""variablesEmpty"":true,""variables"":[],""missingFields"":[],""gapKind"":""none"",""reasonZh"":""当前 League Wiki 模板已提供可核验数值合同；剩余为实现/runtime 缺口。"",""blocker"":""""}",,
hero_skill|hero_kindred|P|千珏之印,hero_skill,hero_kindred,永猎双子,P,千珏之印,already_covered,migrated,attack_range_bonus|fixed_max_marks_phase_a|baked_qwe_mark_coefficients,wasm-generic-kindred-mark-of-kindred-max-marks|wasm-generic-kindred-mark-of-kindred-max-marks,wasm/tinygo_engine_v2/internal/runtime/generic_kindred_mark_of_kindred_max_marks_test.go|db/game_manage/seeds/lol_generic_kindred_mark_of_kindred_max_marks_seed.sql,wasm|backend,,,,,
hero_skill|hero_kindred|Q|乱箭之舞,hero_skill,hero_kindred,永猎双子,Q,乱箭之舞,out_of_scope_for_single_target_dps,blocked,multi_target_or_area,,,,缺精确 generic provider seed/mount/live publish/E2E；不得因旧 out_of_scope 标签放行。,,"{""sourceVersion"":""lol-wiki-rev-4007746"",""sourceRef"":""数据参考/lol-wiki-current-champions/normalized/generic/kindred-q.json@rev4007746 sha256:283e590573c7df7385cf317dd4bf881f84af6227080f444ead1d3fd11bb9f3a0"",""availableEffectTables"":{},""availableCooldowns"":[],""availableCosts"":{},""tooltipPlaceholders"":[],""unresolvedDamagePlaceholders"":[],""varsMapEmpty"":true,""variablesEmpty"":true,""variables"":[],""missingFields"":[],""gapKind"":""none"",""reasonZh"":""当前 League Wiki 模板已提供可核验数值合同；剩余为实现/runtime 缺口。"",""blocker"":""""}",,
hero_skill|hero_kindred|W|狼灵狂热,hero_skill,hero_kindred,永猎双子,W,狼灵狂热,out_of_scope_for_single_target_dps,blocked,multi_target_or_area,,,,缺精确 generic provider seed/mount/live publish/E2E；不得因旧 out_of_scope 标签放行。,,"{""sourceVersion"":""lol-wiki-rev-4038396"",""sourceRef"":""数据参考/lol-wiki-current-champions/normalized/generic/kindred-w.json@rev4038396 sha256:0bf8193ea5a15df5822b58d5a5412defe2a26f5fc8524100b14d0fe793f08185"",""availableEffectTables"":{},""availableCooldowns"":[],""availableCosts"":{},""tooltipPlaceholders"":[],""unresolvedDamagePlaceholders"":[],""varsMapEmpty"":true,""variablesEmpty"":true,""variables"":[],""missingFields"":[],""gapKind"":""none"",""reasonZh"":""当前 League Wiki 模板已提供可核验数值合同；剩余为实现/runtime 缺口。"",""blocker"":""""}",,
hero_skill|hero_kindred|E|横生惧意,hero_skill,hero_kindred,永猎双子,E,横生惧意,needs_runtime_extension,blocked,distance_or_ratio_modifier,,,,缺 distance_or_ratio_input 与 damage_multiplier_or_health_ratio runtime 原语。,,"{""sourceVersion"":""lol-wiki-rev-4022506"",""sourceRef"":""数据参考/lol-wiki-current-champions/normalized/generic/kindred-e.json@rev4022506 sha256:19b3fcaebacc7f41676122e57574eb3e4a91cbc838a915439c02f6cca79bf5b4"",""availableEffectTables"":{},""availableCooldowns"":[],""availableCosts"":{},""tooltipPlaceholders"":[],""unresolvedDamagePlaceholders"":[],""varsMapEmpty"":true,""variablesEmpty"":true,""variables"":[],""missingFields"":[],""gapKind"":""none"",""reasonZh"":""当前 League Wiki 模板已提供可核验数值合同；剩余为实现/runtime 缺口。"",""blocker"":""""}",,
hero_skill|hero_kindred|R|羊灵生息,hero_skill,hero_kindred,永猎双子,R,羊灵生息,out_of_scope_for_single_target_dps,out_of_scope,survivability_only,,,,,,,post_kill_or_takedown_utility,"{""sourceRef"":""数据参考/lol-wiki-current-champions/normalized/generic/kindred-r.json@rev4024177 sha256:4504f638dee142c05bdf610df4e95661bfe6a06c0a9e3be1ea2c79814cef2def"",""sourceTextSummary"":""羊灵让一块区域内的所有生灵都免受死亡。效果结束之前，谁都不会死去。效果结束时，所有单位都会获得治疗。 千珏赐福于地面{{ e2 }}秒，使其中的友方、敌方或中立单位不会阵亡。在降至10%生命值时，仍留在该区域内的单位就不会受到伤害或治疗效果了。 当赐福结束时，其中的所有单位都会治疗{{ e1 }}生命值。{{ spellmodifierdescription"",""reviewedPrimaryTargetDamageBranch"":true,""boundaryCategory"":""economy_or_post_takedown"",""excludedBehavior"":""post_kill_or_takedown_utility"",""boundaryReason"":""羊灵生息：击杀/经济收益发生在当前唯一主目标死亡之后，encounter 已结束；审计边界外。"",""damageRelevantSubBranchDisposition"":""post_kill_next_encounter_only""}"
hero_skill|hero_kogmaw|P|来自艾卡西亚的惊喜,hero_skill,hero_kogmaw,深渊巨口,P,来自艾卡西亚的惊喜,out_of_scope_for_single_target_dps,blocked,multi_target_or_area,,,,缺精确 generic provider seed/mount/live publish/E2E；不得因旧 out_of_scope 标签放行。,,"{""sourceVersion"":""lol-wiki-rev-4038400"",""sourceRef"":""数据参考/lol-wiki-current-champions/normalized/generic/kogmaw-p.json@rev4038400 sha256:b2fce14041b308df48350e51bd49e4211798d39ba3343f1ada899ba7637bb583"",""availableEffectTables"":{},""availableCooldowns"":[],""availableCosts"":{},""tooltipPlaceholders"":[],""unresolvedDamagePlaceholders"":[],""varsMapEmpty"":true,""variablesEmpty"":true,""variables"":[],""missingFields"":[],""gapKind"":""none"",""reasonZh"":""当前 League Wiki 模板已提供可核验数值合同；剩余为实现/runtime 缺口。"",""blocker"":""""}",,
hero_skill|hero_kogmaw|Q|腐蚀唾液,hero_skill,hero_kogmaw,深渊巨口,Q,腐蚀唾液,already_covered,migrated,attack_speed_percent_add|active_magic_damage|armor_mr_percent_shred|ability_cost_cooldown,wasm-generic-kogmaw-caustic-spittle|wasm-generic-kogmaw-caustic-spittle,wasm/tinygo_engine_v2/internal/runtime/generic_kogmaw_caustic_spittle_test.go|db/game_manage/seeds/lol_generic_kogmaw_caustic_spittle_seed.sql,wasm|backend,,,,,
hero_skill|hero_kogmaw|W|生化弹幕,hero_skill,hero_kogmaw,深渊巨口,W,生化弹幕,already_covered,migrated,on_hit|target_max_hp_ratio|formula_on_hit,wasm-generic-completed-onhit-mechanisms|wasm-generic-formula-onhit-batch,wasm/tinygo_engine_v2/internal/runtime/generic_completed_onhit_mechanisms_test.go|db/game_manage/seeds/lol_formula_on_hit_mechanisms_seed.sql,wasm|backend,,,,,
hero_skill|hero_kogmaw|E|虚空淤泥,hero_skill,hero_kogmaw,深渊巨口,E,虚空淤泥,out_of_scope_for_single_target_dps,blocked,multi_target_or_area,,,,缺精确 generic provider seed/mount/live publish/E2E；不得因旧 out_of_scope 标签放行。,,"{""sourceVersion"":""lol-wiki-rev-3965135"",""sourceRef"":""数据参考/lol-wiki-current-champions/normalized/generic/kogmaw-e.json@rev3965135 sha256:1dd448ea1985237f002dec43e2bf93d860eb976f7c98e75883254cb3cf70794b"",""availableEffectTables"":{},""availableCooldowns"":[],""availableCosts"":{},""tooltipPlaceholders"":[],""unresolvedDamagePlaceholders"":[],""varsMapEmpty"":true,""variablesEmpty"":true,""variables"":[],""missingFields"":[],""gapKind"":""none"",""reasonZh"":""当前 League Wiki 模板已提供可核验数值合同；剩余为实现/runtime 缺口。"",""blocker"":""""}",,
hero_skill|hero_kogmaw|R|活体大炮,hero_skill,hero_kogmaw,深渊巨口,R,活体大炮,out_of_scope_for_single_target_dps,blocked,meta_or_non_target_dps,,,,缺精确 generic provider seed/mount/live publish/E2E；不得因旧 out_of_scope 标签放行。,,"{""sourceVersion"":""lol-wiki-rev-4007636"",""sourceRef"":""数据参考/lol-wiki-current-champions/normalized/generic/kogmaw-r.json@rev4007636 sha256:32f8dd8d875aaf95cec2be9cfe4a5a5526881b956f2f23e06ab87dc331ca8641"",""availableEffectTables"":{},""availableCooldowns"":[],""availableCosts"":{},""tooltipPlaceholders"":[],""unresolvedDamagePlaceholders"":[],""varsMapEmpty"":true,""variablesEmpty"":true,""variables"":[],""missingFields"":[],""gapKind"":""none"",""reasonZh"":""当前 League Wiki 模板已提供可核验数值合同；剩余为实现/runtime 缺口。"",""blocker"":""""}",,
hero_skill|hero_lucian|P|圣光银弹,hero_skill,hero_lucian,圣枪游侠,P,圣光银弹,out_of_scope_for_single_target_dps,blocked,meta_or_non_target_dps,,,,缺精确 generic provider seed/mount/live publish/E2E；不得因旧 out_of_scope 标签放行。,,"{""sourceVersion"":""lol-wiki-rev-4041164"",""sourceRef"":""数据参考/lol-wiki-current-champions/normalized/generic/lucian-p.json@rev4041164 sha256:2075552afd37574e37c167fb7f2d937d2cb00d24999b59dd494c15dd819cd158"",""availableEffectTables"":{},""availableCooldowns"":[],""availableCosts"":{},""tooltipPlaceholders"":[],""unresolvedDamagePlaceholders"":[],""varsMapEmpty"":true,""variablesEmpty"":true,""variables"":[],""missingFields"":[],""gapKind"":""none"",""reasonZh"":""当前 League Wiki 模板已提供可核验数值合同；剩余为实现/runtime 缺口。"",""blocker"":""""}",,
hero_skill|hero_lucian|Q|透体圣光,hero_skill,hero_lucian,圣枪游侠,Q,透体圣光,needs_manual_baseline,blocked,dps_relevant_manual_review,,,,文本可能影响 DPS，但脚本无法从本地 Data Dragon 可靠还原数值或 rank 表；须以当前 League Wiki 模板/修订为数值真源。,,"{""sourceVersion"":""lol-wiki-rev-3982579"",""sourceRef"":""数据参考/lol-wiki-current-champions/normalized/generic/lucian-q.json@rev3982579 sha256:d7b03d15af48312a0ea5a06fa147b43c46d2a7ee6e1491dd121d796a2e452981"",""availableEffectTables"":{},""availableCooldowns"":[],""availableCosts"":{},""tooltipPlaceholders"":[],""unresolvedDamagePlaceholders"":[],""varsMapEmpty"":true,""variablesEmpty"":true,""variables"":[],""missingFields"":[],""gapKind"":""none"",""reasonZh"":""当前 League Wiki 模板已提供可核验数值合同；剩余为实现/runtime 缺口。"",""blocker"":""""}",,
hero_skill|hero_lucian|W|热诚烈弹,hero_skill,hero_lucian,圣枪游侠,W,热诚烈弹,out_of_scope_for_single_target_dps,blocked,meta_or_non_target_dps,,,,缺精确 generic provider seed/mount/live publish/E2E；不得因旧 out_of_scope 标签放行。,,"{""sourceVersion"":""lol-wiki-rev-3594941"",""sourceRef"":""数据参考/lol-wiki-current-champions/normalized/generic/lucian-w.json@rev3594941 sha256:b1ea7bc7a2e48be9ab97acfa1fc5addb80b8dd236dc97bd3d57c5e90951418c5"",""availableEffectTables"":{},""availableCooldowns"":[],""availableCosts"":{},""tooltipPlaceholders"":[],""unresolvedDamagePlaceholders"":[],""varsMapEmpty"":true,""variablesEmpty"":true,""variables"":[],""missingFields"":[],""gapKind"":""none"",""reasonZh"":""当前 League Wiki 模板已提供可核验数值合同；剩余为实现/runtime 缺口。"",""blocker"":""""}",,
hero_skill|hero_lucian|E|冷酷追击,hero_skill,hero_lucian,圣枪游侠,E,冷酷追击,out_of_scope_for_single_target_dps,out_of_scope,cooldown_or_haste_without_rotation,,,,,,,movement_speed_or_dash,"{""sourceRef"":""数据参考/lol-wiki-current-champions/normalized/generic/lucian-e.json@rev4008455 sha256:52a774f50fb5339e43676ae544b13bdf9c1d5963e338353f9ac7e23d7aea92ba"",""sourceTextSummary"":""卢锡安冲刺一小段距离。【圣光银弹】的攻击会减少【冷酷追击】的冷却时间。 卢锡安进行冲刺。 当卢锡安用圣光银弹命中一名敌人时，这个技能的冷却时间会缩短{{ e1 }}秒(对英雄时缩短{{ e2 }}秒)。{{ spellmodifierdescriptionappend }}"",""reviewedPrimaryTargetDamageBranch"":true,""boundaryCategory"":""pure_movement_or_dash"",""excludedBehavior"":""movement_speed_or_dash"",""boundaryReason"":""冷酷追击：纯移速/冲刺/位移，无主目标伤害增量；审计边界外。"",""damageRelevantSubBranchDisposition"":""no_primary_target_damage_branch""}"
hero_skill|hero_lucian|R|圣枪洗礼,hero_skill,hero_lucian,圣枪游侠,R,圣枪洗礼,needs_manual_baseline,blocked,dps_relevant_manual_review,,,,文本可能影响 DPS，但脚本无法从本地 Data Dragon 可靠还原数值或 rank 表；须以当前 League Wiki 模板/修订为数值真源。,,"{""sourceVersion"":""lol-wiki-rev-4007670"",""sourceRef"":""数据参考/lol-wiki-current-champions/normalized/generic/lucian-r.json@rev4007670 sha256:7a4679542eebdebf25da391a1222f08df2f416c641f48473d528e62296b9a2f7"",""availableEffectTables"":{},""availableCooldowns"":[],""availableCosts"":{},""tooltipPlaceholders"":[],""unresolvedDamagePlaceholders"":[],""varsMapEmpty"":true,""variablesEmpty"":true,""variables"":[],""missingFields"":[],""gapKind"":""none"",""reasonZh"":""当前 League Wiki 模板已提供可核验数值合同；剩余为实现/runtime 缺口。"",""blocker"":""""}",,
hero_skill|hero_missfortune|P|厄运的眷顾,hero_skill,hero_missfortune,赏金猎人,P,厄运的眷顾,needs_manual_baseline,blocked,dps_relevant_manual_review,,,,文本可能影响 DPS，但脚本无法从本地 Data Dragon 可靠还原数值或 rank 表；须以当前 League Wiki 模板/修订为数值真源。,,"{""sourceVersion"":""lol-wiki-rev-4027989"",""sourceRef"":""数据参考/lol-wiki-current-champions/normalized/generic/missfortune-p.json@rev4027989 sha256:2ed72684109983e9116050fcc34d6536903b9d04c0569f6633f4b734daae7527"",""availableEffectTables"":{},""availableCooldowns"":[],""availableCosts"":{},""tooltipPlaceholders"":[],""unresolvedDamagePlaceholders"":[],""varsMapEmpty"":true,""variablesEmpty"":true,""variables"":[],""missingFields"":[],""gapKind"":""none"",""reasonZh"":""当前 League Wiki 模板已提供可核验数值合同；剩余为实现/runtime 缺口。"",""blocker"":""""}",,
hero_skill|hero_missfortune|Q|一箭双雕,hero_skill,hero_missfortune,赏金猎人,Q,一箭双雕,out_of_scope_for_single_target_dps,blocked,multi_target_or_area,,,,缺精确 generic provider seed/mount/live publish/E2E；不得因旧 out_of_scope 标签放行。,,"{""sourceVersion"":""lol-wiki-rev-3993572"",""sourceRef"":""数据参考/lol-wiki-current-champions/normalized/generic/missfortune-q.json@rev3993572 sha256:0a54b482c654246ae877966b87882d49ab73fc9fad075e5483a04b3b7081e1ed"",""availableEffectTables"":{},""availableCooldowns"":[],""availableCosts"":{},""tooltipPlaceholders"":[],""unresolvedDamagePlaceholders"":[],""varsMapEmpty"":true,""variablesEmpty"":true,""variables"":[],""missingFields"":[],""gapKind"":""none"",""reasonZh"":""当前 League Wiki 模板已提供可核验数值合同；剩余为实现/runtime 缺口。"",""blocker"":""""}",,
hero_skill|hero_missfortune|W|大步流星,hero_skill,hero_missfortune,赏金猎人,W,大步流星,out_of_scope_for_single_target_dps,blocked,cooldown_or_haste_without_rotation,,,,缺精确 generic provider seed/mount/live publish/E2E；不得因旧 out_of_scope 标签放行。,,"{""sourceVersion"":""lol-wiki-rev-4015416"",""sourceRef"":""数据参考/lol-wiki-current-champions/normalized/generic/missfortune-w.json@rev4015416 sha256:ce7f3c75f7fde611ed0edd3f61b0ac306fb9896038f81214a88998ca84bd892f"",""availableEffectTables"":{},""availableCooldowns"":[],""availableCosts"":{},""tooltipPlaceholders"":[],""unresolvedDamagePlaceholders"":[],""varsMapEmpty"":true,""variablesEmpty"":true,""variables"":[],""missingFields"":[],""gapKind"":""none"",""reasonZh"":""当前 League Wiki 模板已提供可核验数值合同；剩余为实现/runtime 缺口。"",""blocker"":""""}",,
hero_skill|hero_missfortune|E|枪林弹雨,hero_skill,hero_missfortune,赏金猎人,E,枪林弹雨,out_of_scope_for_single_target_dps,blocked,meta_or_non_target_dps,,,,缺精确 generic provider seed/mount/live publish/E2E；不得因旧 out_of_scope 标签放行。,,"{""sourceVersion"":""lol-wiki-rev-3936384"",""sourceRef"":""数据参考/lol-wiki-current-champions/normalized/generic/missfortune-e.json@rev3936384 sha256:a38b513373be3b0491f7c967af8827dbdc9196452e5feb25614af3b78ab286f7"",""availableEffectTables"":{},""availableCooldowns"":[],""availableCosts"":{},""tooltipPlaceholders"":[],""unresolvedDamagePlaceholders"":[],""varsMapEmpty"":true,""variablesEmpty"":true,""variables"":[],""missingFields"":[],""gapKind"":""none"",""reasonZh"":""当前 League Wiki 模板已提供可核验数值合同；剩余为实现/runtime 缺口。"",""blocker"":""""}",,
hero_skill|hero_missfortune|R|弹幕时间,hero_skill,hero_missfortune,赏金猎人,R,弹幕时间,needs_runtime_extension,blocked,deterministic_random_crit_sequence,,,,缺 deterministic_random_crit_sequence / on_crit_event 运行时原语；不得用 expected-crit 冒充完成。,,"{""sourceVersion"":""lol-wiki-rev-3987215"",""sourceRef"":""数据参考/lol-wiki-current-champions/normalized/generic/missfortune-r.json@rev3987215 sha256:354cac88f79defa26369f485743f697bf61b50a814b008a8aa6c308b7e394d8a"",""availableEffectTables"":{},""availableCooldowns"":[],""availableCosts"":{},""tooltipPlaceholders"":[],""unresolvedDamagePlaceholders"":[],""varsMapEmpty"":true,""variablesEmpty"":true,""variables"":[],""missingFields"":[],""gapKind"":""none"",""reasonZh"":""当前 League Wiki 模板已提供可核验数值合同；剩余为实现/runtime 缺口。"",""blocker"":""""}",,
hero_skill|hero_quinn|P|侵扰,hero_skill,hero_quinn,德玛西亚之翼,P,侵扰,needs_manual_baseline,blocked,dps_relevant_manual_review,,,,文本可能影响 DPS，但脚本无法从本地 Data Dragon 可靠还原数值或 rank 表；须以当前 League Wiki 模板/修订为数值真源。,,"{""sourceVersion"":""lol-wiki-rev-4024765"",""sourceRef"":""数据参考/lol-wiki-current-champions/normalized/generic/quinn-p.json@rev4024765 sha256:740debfb3b72dd7f926337f7eb4adbe3a65c88caec227ca16e00dff6634f798c"",""availableEffectTables"":{},""availableCooldowns"":[],""availableCosts"":{},""tooltipPlaceholders"":[],""unresolvedDamagePlaceholders"":[],""varsMapEmpty"":true,""variablesEmpty"":true,""variables"":[],""missingFields"":[],""gapKind"":""none"",""reasonZh"":""当前 League Wiki 模板已提供可核验数值合同；剩余为实现/runtime 缺口。"",""blocker"":""""}",,
hero_skill|hero_quinn|Q|炫目攻势,hero_skill,hero_quinn,德玛西亚之翼,Q,炫目攻势,out_of_scope_for_single_target_dps,blocked,meta_or_non_target_dps,,,,缺精确 generic provider seed/mount/live publish/E2E；不得因旧 out_of_scope 标签放行。,,"{""sourceVersion"":""lol-wiki-rev-4024766"",""sourceRef"":""数据参考/lol-wiki-current-champions/normalized/generic/quinn-q.json@rev4024766 sha256:abce6abdc2eefd069beba2d4297a1c9da5b1a675a426edb747346d9679d8085d"",""availableEffectTables"":{},""availableCooldowns"":[],""availableCosts"":{},""tooltipPlaceholders"":[],""unresolvedDamagePlaceholders"":[],""varsMapEmpty"":true,""variablesEmpty"":true,""variables"":[],""missingFields"":[],""gapKind"":""none"",""reasonZh"":""当前 League Wiki 模板已提供可核验数值合同；剩余为实现/runtime 缺口。"",""blocker"":""""}",,
hero_skill|hero_quinn|W|敏锐感知,hero_skill,hero_quinn,德玛西亚之翼,W,敏锐感知,out_of_scope_for_single_target_dps,migrated,target_state_conditioned_attack_speed|vulnerable,wasm-generic-quinn-heightened-senses|wasm-generic-quinn-heightened-senses,wasm/tinygo_engine_v2/internal/runtime/generic_quinn_heightened_senses_test.go|db/game_manage/seeds/lol_generic_quinn_heightened_senses_seed.sql,wasm|backend,,,,,
hero_skill|hero_quinn|E|旋翔掠杀,hero_skill,hero_quinn,德玛西亚之翼,E,旋翔掠杀,needs_runtime_extension,blocked,distance_or_ratio_modifier,,,,缺 distance_or_ratio_input 与 damage_multiplier_or_health_ratio runtime 原语。,,"{""sourceVersion"":""lol-wiki-rev-4024768"",""sourceRef"":""数据参考/lol-wiki-current-champions/normalized/generic/quinn-e.json@rev4024768 sha256:9f6baba1d062b473d41586cd8323f31bd7c1c4d865db134a783c19ae998e7714"",""availableEffectTables"":{},""availableCooldowns"":[],""availableCosts"":{},""tooltipPlaceholders"":[],""unresolvedDamagePlaceholders"":[],""varsMapEmpty"":true,""variablesEmpty"":true,""variables"":[],""missingFields"":[],""gapKind"":""none"",""reasonZh"":""当前 League Wiki 模板已提供可核验数值合同；剩余为实现/runtime 缺口。"",""blocker"":""""}",,
hero_skill|hero_quinn|R|深入敌后,hero_skill,hero_quinn,德玛西亚之翼,R,深入敌后,out_of_scope_for_single_target_dps,blocked,multi_target_or_area,,,,缺精确 generic provider seed/mount/live publish/E2E；不得因旧 out_of_scope 标签放行。,,"{""sourceVersion"":""lol-wiki-rev-4021953"",""sourceRef"":""数据参考/lol-wiki-current-champions/normalized/generic/quinn-r.json@rev4021953 sha256:dcb0152c001edd23b95b81d2a8da588ce46ed0e658def89615bf3cc36e1aaa8c"",""availableEffectTables"":{},""availableCooldowns"":[],""availableCosts"":{},""tooltipPlaceholders"":[],""unresolvedDamagePlaceholders"":[],""varsMapEmpty"":true,""variablesEmpty"":true,""variables"":[],""missingFields"":[],""gapKind"":""none"",""reasonZh"":""当前 League Wiki 模板已提供可核验数值合同；剩余为实现/runtime 缺口。"",""blocker"":""""}",,
hero_skill|hero_samira|P|悍勇本色,hero_skill,hero_samira,沙漠玫瑰,P,悍勇本色,needs_runtime_extension,blocked,distance_or_ratio_modifier,,,,缺 distance_or_ratio_input 与 damage_multiplier_or_health_ratio runtime 原语。,,"{""sourceVersion"":""lol-wiki-rev-4008026"",""sourceRef"":""数据参考/lol-wiki-current-champions/normalized/generic/samira-p.json@rev4008026 sha256:0ae9bfd6e6fbd9d63412fa98c64f2fd5e4825293a91df13602730358e428090e"",""availableEffectTables"":{},""availableCooldowns"":[],""availableCosts"":{},""tooltipPlaceholders"":[],""unresolvedDamagePlaceholders"":[],""varsMapEmpty"":true,""variablesEmpty"":true,""variables"":[],""missingFields"":[],""gapKind"":""none"",""reasonZh"":""当前 League Wiki 模板已提供可核验数值合同；剩余为实现/runtime 缺口。"",""blocker"":""""}",,
hero_skill|hero_samira|Q|交火,hero_skill,hero_samira,沙漠玫瑰,Q,交火,needs_runtime_extension,blocked,distance_or_ratio_modifier,,,,缺 distance_or_ratio_input 与 damage_multiplier_or_health_ratio runtime 原语。,,"{""sourceVersion"":""lol-wiki-rev-4008027"",""sourceRef"":""数据参考/lol-wiki-current-champions/normalized/generic/samira-q.json@rev4008027 sha256:7f65786ccae8186903166195be9151294adef3539fe97f067de4273e162cd203"",""availableEffectTables"":{},""availableCooldowns"":[],""availableCosts"":{},""tooltipPlaceholders"":[],""unresolvedDamagePlaceholders"":[],""varsMapEmpty"":true,""variablesEmpty"":true,""variables"":[],""missingFields"":[],""gapKind"":""none"",""reasonZh"":""当前 League Wiki 模板已提供可核验数值合同；剩余为实现/runtime 缺口。"",""blocker"":""""}",,
hero_skill|hero_samira|W|锋旋,hero_skill,hero_samira,沙漠玫瑰,W,锋旋,out_of_scope_for_single_target_dps,blocked,multi_target_or_area,,,,缺精确 generic provider seed/mount/live publish/E2E；不得因旧 out_of_scope 标签放行。,,"{""sourceVersion"":""lol-wiki-rev-3936240"",""sourceRef"":""数据参考/lol-wiki-current-champions/normalized/generic/samira-w.json@rev3936240 sha256:a45a727dec4a914ff28dff4dd35f4f8333ec429fe758623c991da5eaa0f5314b"",""availableEffectTables"":{},""availableCooldowns"":[],""availableCosts"":{},""tooltipPlaceholders"":[],""unresolvedDamagePlaceholders"":[],""varsMapEmpty"":true,""variablesEmpty"":true,""variables"":[],""missingFields"":[],""gapKind"":""none"",""reasonZh"":""当前 League Wiki 模板已提供可核验数值合同；剩余为实现/runtime 缺口。"",""blocker"":""""}",,
hero_skill|hero_samira|E|狂飙,hero_skill,hero_samira,沙漠玫瑰,E,狂飙,out_of_scope_for_single_target_dps,blocked,meta_or_non_target_dps,,,,缺精确 generic provider seed/mount/live publish/E2E；不得因旧 out_of_scope 标签放行。,,"{""sourceVersion"":""lol-wiki-rev-4008028"",""sourceRef"":""数据参考/lol-wiki-current-champions/normalized/generic/samira-e.json@rev4008028 sha256:a4cadd7417a20386273b6317e8bfec7c93bb0945a7f0b65a4e12de8571097480"",""availableEffectTables"":{},""availableCooldowns"":[],""availableCosts"":{},""tooltipPlaceholders"":[],""unresolvedDamagePlaceholders"":[],""varsMapEmpty"":true,""variablesEmpty"":true,""variables"":[],""missingFields"":[],""gapKind"":""none"",""reasonZh"":""当前 League Wiki 模板已提供可核验数值合同；剩余为实现/runtime 缺口。"",""blocker"":""""}",,
hero_skill|hero_samira|R|炼狱扳机,hero_skill,hero_samira,沙漠玫瑰,R,炼狱扳机,out_of_scope_for_single_target_dps,blocked,multi_target_or_area,,,,缺精确 generic provider seed/mount/live publish/E2E；不得因旧 out_of_scope 标签放行。,,"{""sourceVersion"":""lol-wiki-rev-3992663"",""sourceRef"":""数据参考/lol-wiki-current-champions/normalized/generic/samira-r.json@rev3992663 sha256:4b7e8eea31dda62bc4ec084db3fdc964668d6316e495fc62bdb78cde64296a9f"",""availableEffectTables"":{},""availableCooldowns"":[],""availableCosts"":{},""tooltipPlaceholders"":[],""unresolvedDamagePlaceholders"":[],""varsMapEmpty"":true,""variablesEmpty"":true,""variables"":[],""missingFields"":[],""gapKind"":""none"",""reasonZh"":""当前 League Wiki 模板已提供可核验数值合同；剩余为实现/runtime 缺口。"",""blocker"":""""}",,
hero_skill|hero_senna|P|赦除,hero_skill,hero_senna,涤魂圣枪,P,赦除,out_of_scope_for_single_target_dps,blocked,multi_target_or_area,,,,缺精确 generic provider seed/mount/live publish/E2E；不得因旧 out_of_scope 标签放行。,,"{""sourceVersion"":""lol-wiki-rev-4034707"",""sourceRef"":""数据参考/lol-wiki-current-champions/normalized/generic/senna-p.json@rev4034707 sha256:375dcdffaf52df41183e2036f0a3fc682168f3f6d012fa6017b21760e0dd5a63"",""availableEffectTables"":{},""availableCooldowns"":[],""availableCosts"":{},""tooltipPlaceholders"":[],""unresolvedDamagePlaceholders"":[],""varsMapEmpty"":true,""variablesEmpty"":true,""variables"":[],""missingFields"":[],""gapKind"":""none"",""reasonZh"":""当前 League Wiki 模板已提供可核验数值合同；剩余为实现/runtime 缺口。"",""blocker"":""""}",,
hero_skill|hero_senna|Q|黑暗洞灭,hero_skill,hero_senna,涤魂圣枪,Q,黑暗洞灭,out_of_scope_for_single_target_dps,blocked,meta_or_non_target_dps,,,,缺精确 generic provider seed/mount/live publish/E2E；不得因旧 out_of_scope 标签放行。,,"{""sourceVersion"":""lol-wiki-rev-4042887"",""sourceRef"":""数据参考/lol-wiki-current-champions/normalized/generic/senna-q.json@rev4042887 sha256:e546be97aaf2f4b9ff2468b22a144f37933f3a6a4a29e2e1d45a69c0adcb8a41"",""availableEffectTables"":{},""availableCooldowns"":[],""availableCosts"":{},""tooltipPlaceholders"":[],""unresolvedDamagePlaceholders"":[],""varsMapEmpty"":true,""variablesEmpty"":true,""variables"":[],""missingFields"":[],""gapKind"":""none"",""reasonZh"":""当前 League Wiki 模板已提供可核验数值合同；剩余为实现/runtime 缺口。"",""blocker"":""""}",,
hero_skill|hero_senna|W|无尽厮守,hero_skill,hero_senna,涤魂圣枪,W,无尽厮守,out_of_scope_for_single_target_dps,blocked,multi_target_or_area,,,,缺精确 generic provider seed/mount/live publish/E2E；不得因旧 out_of_scope 标签放行。,,"{""sourceVersion"":""lol-wiki-rev-4009139"",""sourceRef"":""数据参考/lol-wiki-current-champions/normalized/generic/senna-w.json@rev4009139 sha256:48698aa2864b79564b1ea0ed624de8fc7123c3127c1e56deaa002d1aad3c8492"",""availableEffectTables"":{},""availableCooldowns"":[],""availableCosts"":{},""tooltipPlaceholders"":[],""unresolvedDamagePlaceholders"":[],""varsMapEmpty"":true,""variablesEmpty"":true,""variables"":[],""missingFields"":[],""gapKind"":""none"",""reasonZh"":""当前 League Wiki 模板已提供可核验数值合同；剩余为实现/runtime 缺口。"",""blocker"":""""}",,
hero_skill|hero_senna|E|黑雾咒附,hero_skill,hero_senna,涤魂圣枪,E,黑雾咒附,out_of_scope_for_single_target_dps,out_of_scope,meta_or_non_target_dps,,,,,,,ward_vision_or_trap_reveal,"{""sourceRef"":""数据参考/lol-wiki-current-champions/normalized/generic/senna-e.json@rev3994514 sha256:644c55c1e09333af03ffb84e7120dec5da6d7d0c93c872b83ea4b4d5ae48956f"",""sourceTextSummary"":""赛娜将她存在武器内的黑雾抽出，在她四周形成一团风暴，然后投身于黑暗并变成幽魂。进入黑雾区域的友军会变成伪装状态，并且在被黑雾笼罩时也会呈现出幽灵的外观。幽魂会获得移动速度提升，无法被选中，并且隐藏自身的身份。 赛娜融入一团黑雾，持续{{ buffduration }}秒，并变成幽魂。进入黑雾的友方英雄会变成伪装状态，并在离开时变成幽魂。幽魂获得{{ tota"",""reviewedPrimaryTargetDamageBranch"":true,""boundaryCategory"":""pure_vision"",""excludedBehavior"":""ward_vision_or_trap_reveal"",""boundaryReason"":""黑雾咒附：纯视野/显形/守卫侦察，不含伤害；审计边界外。"",""damageRelevantSubBranchDisposition"":""no_primary_target_damage_branch""}"
hero_skill|hero_senna|R|暗影燎原,hero_skill,hero_senna,涤魂圣枪,R,暗影燎原,out_of_scope_for_single_target_dps,blocked,meta_or_non_target_dps,,,,缺精确 generic provider seed/mount/live publish/E2E；不得因旧 out_of_scope 标签放行。,,"{""sourceVersion"":""lol-wiki-rev-4008033"",""sourceRef"":""数据参考/lol-wiki-current-champions/normalized/generic/senna-r.json@rev4008033 sha256:4de188cce3d04f172d37f07db4e7c8e240388c5346f56838c82a3e6205c9de36"",""availableEffectTables"":{},""availableCooldowns"":[],""availableCosts"":{},""tooltipPlaceholders"":[],""unresolvedDamagePlaceholders"":[],""varsMapEmpty"":true,""variablesEmpty"":true,""variables"":[],""missingFields"":[],""gapKind"":""none"",""reasonZh"":""当前 League Wiki 模板已提供可核验数值合同；剩余为实现/runtime 缺口。"",""blocker"":""""}",,
hero_skill|hero_sivir|P|敏锐疾行,hero_skill,hero_sivir,战争女神,P,敏锐疾行,needs_manual_baseline,out_of_scope,movement_only,,,,,,,movement_speed_or_dash,"{""sourceRef"":""数据参考/lol-wiki-current-champions/normalized/generic/sivir-p.json@rev3985850 sha256:67e71ffb559bf8ad34434dbee65099aa5668fff2618d62127f57c95fff972847"",""sourceTextSummary"":""希维尔在攻击一名敌方英雄时，会短暂地获得移动速度提升。"",""reviewedPrimaryTargetDamageBranch"":true,""boundaryCategory"":""pure_movement_or_dash"",""excludedBehavior"":""movement_speed_or_dash"",""boundaryReason"":""敏锐疾行：纯移速/冲刺/位移，无主目标伤害增量；审计边界外。"",""damageRelevantSubBranchDisposition"":""no_primary_target_damage_branch""}"
hero_skill|hero_sivir|Q|回旋之刃,hero_skill,hero_sivir,战争女神,Q,回旋之刃,needs_manual_baseline,blocked,dps_relevant_manual_review,,,,文本可能影响 DPS，但脚本无法从本地 Data Dragon 可靠还原数值或 rank 表；须以当前 League Wiki 模板/修订为数值真源。,,"{""sourceVersion"":""lol-wiki-rev-4016378"",""sourceRef"":""数据参考/lol-wiki-current-champions/normalized/generic/sivir-q.json@rev4016378 sha256:0adcf3916b63e8b0ae6c2c7ad74d1796e3362a3a22682c58ef92aaccfae43e5e"",""availableEffectTables"":{},""availableCooldowns"":[],""availableCosts"":{},""tooltipPlaceholders"":[],""unresolvedDamagePlaceholders"":[],""varsMapEmpty"":true,""variablesEmpty"":true,""variables"":[],""missingFields"":[],""gapKind"":""none"",""reasonZh"":""当前 League Wiki 模板已提供可核验数值合同；剩余为实现/runtime 缺口。"",""blocker"":""""}",,
hero_skill|hero_sivir|W|弹射,hero_skill,hero_sivir,战争女神,W,弹射,out_of_scope_for_single_target_dps,blocked,multi_target_or_area,,,,缺精确 generic provider seed/mount/live publish/E2E；不得因旧 out_of_scope 标签放行。,,"{""sourceVersion"":""lol-wiki-rev-4008042"",""sourceRef"":""数据参考/lol-wiki-current-champions/normalized/generic/sivir-w.json@rev4008042 sha256:480018d996ad196644fa7dc4af55e1f3028fdfff64af71c5c9ebaf9ad9e63a29"",""availableEffectTables"":{},""availableCooldowns"":[],""availableCosts"":{},""tooltipPlaceholders"":[],""unresolvedDamagePlaceholders"":[],""varsMapEmpty"":true,""variablesEmpty"":true,""variables"":[],""missingFields"":[],""gapKind"":""none"",""reasonZh"":""当前 League Wiki 模板已提供可核验数值合同；剩余为实现/runtime 缺口。"",""blocker"":""""}",,
hero_skill|hero_sivir|E|法术护盾,hero_skill,hero_sivir,战争女神,E,法术护盾,out_of_scope_for_single_target_dps,out_of_scope,survivability_only,,,,,,,heal_shield_or_survivability,"{""sourceRef"":""数据参考/lol-wiki-current-champions/normalized/generic/sivir-e.json@rev3788826 sha256:e283e13b19eca7fc1b2d66c587fb251f8407d147f40a943e278bdb7315a14998"",""sourceTextSummary"":""制造一层法术屏障，来格挡一次对着希维尔施放的敌方单体技能。如果希维尔成功格挡了一次技能，那么就会回复生命值并获得爆发性的移动速度加成。 希维尔制造一层持续{{ spellshieldduration }}秒的法术屏障，来格挡一次即将到来的敌方技能。如果希维尔成功格挡了一次技能，那么就会回复{{ totalheal }}生命值并触发【敏锐疾行】。{{ spel"",""reviewedPrimaryTargetDamageBranch"":true,""boundaryCategory"":""pure_heal_shield_survival"",""excludedBehavior"":""heal_shield_or_survivability"",""boundaryReason"":""法术护盾：纯治疗/护盾/生存/免死，不增加对主目标输出；审计边界外。"",""damageRelevantSubBranchDisposition"":""no_primary_target_damage_branch""}"
hero_skill|hero_sivir|R|狩猎,hero_skill,hero_sivir,战争女神,R,狩猎,out_of_scope_for_single_target_dps,out_of_scope,movement_cooldown_meta,,,,,,,movement_speed_or_dash,"{""sourceRef"":""数据参考/lol-wiki-current-champions/normalized/generic/sivir-r.json@rev3936364 sha256:0c76b1e0773133a3183bedab98fa000fcee961703741062dbb15bfc50fb8811a"",""sourceTextSummary"":""希维尔在战斗中引领她的友军，为他们提供持续一段时间的爆发性移动速度加成。此外，希维尔的攻击会缩短她的技能的冷却时间。 希维尔在战斗中引领附近的友军，为他们提供持续{{ ultduration }}秒的{{ maxms*100 }}%移动速度。 在【狩猎】激活期间，希维尔对英雄进行的攻击会使她的基础技能的冷却时间缩短{{ attackcooldownrefun"",""reviewedPrimaryTargetDamageBranch"":true,""boundaryCategory"":""pure_movement_or_dash"",""excludedBehavior"":""movement_speed_or_dash"",""boundaryReason"":""狩猎：纯移速/冲刺/位移，无主目标伤害增量；审计边界外。"",""damageRelevantSubBranchDisposition"":""trigger_phrase_no_damage_amp""}"
hero_skill|hero_smolder|P|龙之研习,hero_skill,hero_smolder,炽炎雏龙,P,龙之研习,needs_manual_baseline,blocked,dps_relevant_manual_review,,,,文本可能影响 DPS，但脚本无法从本地 Data Dragon 可靠还原数值或 rank 表；须以当前 League Wiki 模板/修订为数值真源。,,"{""sourceVersion"":""lol-wiki-rev-4025344"",""sourceRef"":""数据参考/lol-wiki-current-champions/normalized/generic/smolder-p.json@rev4025344 sha256:0df04e3ea2e32d28ad401d5ac2014e4468150f57c9628d06cd2e22c3f7a948f8"",""availableEffectTables"":{},""availableCooldowns"":[],""availableCosts"":{},""tooltipPlaceholders"":[],""unresolvedDamagePlaceholders"":[],""varsMapEmpty"":true,""variablesEmpty"":true,""variables"":[],""missingFields"":[],""gapKind"":""none"",""reasonZh"":""当前 League Wiki 模板已提供可核验数值合同；剩余为实现/runtime 缺口。"",""blocker"":""""}",,
hero_skill|hero_smolder|Q|超级灼热龙息,hero_skill,hero_smolder,炽炎雏龙,Q,超级灼热龙息,out_of_scope_for_single_target_dps,blocked,multi_target_or_area,,,,缺精确 generic provider seed/mount/live publish/E2E；不得因旧 out_of_scope 标签放行。,,"{""sourceVersion"":""lol-wiki-rev-4030432"",""sourceRef"":""数据参考/lol-wiki-current-champions/normalized/generic/smolder-q.json@rev4030432 sha256:fa22270e67b597e72bd1eaccf4be98f23be1d5687165e6ef3184ca928199b877"",""availableEffectTables"":{},""availableCooldowns"":[],""availableCosts"":{},""tooltipPlaceholders"":[],""unresolvedDamagePlaceholders"":[],""varsMapEmpty"":true,""variablesEmpty"":true,""variables"":[],""missingFields"":[],""gapKind"":""none"",""reasonZh"":""当前 League Wiki 模板已提供可核验数值合同；剩余为实现/runtime 缺口。"",""blocker"":""""}",,
hero_skill|hero_smolder|W|阿嚏！,hero_skill,hero_smolder,炽炎雏龙,W,阿嚏！,needs_manual_baseline,blocked,dps_relevant_manual_review,,,,文本可能影响 DPS，但脚本无法从本地 Data Dragon 可靠还原数值或 rank 表；须以当前 League Wiki 模板/修订为数值真源。,,"{""sourceVersion"":""lol-wiki-rev-4025346"",""sourceRef"":""数据参考/lol-wiki-current-champions/normalized/generic/smolder-w.json@rev4025346 sha256:554f5a0bea841a52945e39ecafaf8fd8e6460a49ed4f69196957f3d6c30b1744"",""availableEffectTables"":{},""availableCooldowns"":[],""availableCosts"":{},""tooltipPlaceholders"":[],""unresolvedDamagePlaceholders"":[],""varsMapEmpty"":true,""variablesEmpty"":true,""variables"":[],""missingFields"":[],""gapKind"":""none"",""reasonZh"":""当前 League Wiki 模板已提供可核验数值合同；剩余为实现/runtime 缺口。"",""blocker"":""""}",,
hero_skill|hero_smolder|E|扑棱，扑棱，扑棱！,hero_skill,hero_smolder,炽炎雏龙,E,扑棱，扑棱，扑棱！,needs_manual_baseline,blocked,dps_relevant_manual_review,,,,文本可能影响 DPS，但脚本无法从本地 Data Dragon 可靠还原数值或 rank 表；须以当前 League Wiki 模板/修订为数值真源。,,"{""sourceVersion"":""lol-wiki-rev-4025347"",""sourceRef"":""数据参考/lol-wiki-current-champions/normalized/generic/smolder-e.json@rev4025347 sha256:f93a0f829e25f668efae3b0345baa1959256b05410ab6cb2f76afedc0a67c744"",""availableEffectTables"":{},""availableCooldowns"":[],""availableCosts"":{},""tooltipPlaceholders"":[],""unresolvedDamagePlaceholders"":[],""varsMapEmpty"":true,""variablesEmpty"":true,""variables"":[],""missingFields"":[],""gapKind"":""none"",""reasonZh"":""当前 League Wiki 模板已提供可核验数值合同；剩余为实现/runtime 缺口。"",""blocker"":""""}",,
hero_skill|hero_smolder|R|妈----！,hero_skill,hero_smolder,炽炎雏龙,R,妈----！,out_of_scope_for_single_target_dps,blocked,multi_target_or_area,,,,缺精确 generic provider seed/mount/live publish/E2E；不得因旧 out_of_scope 标签放行。,,"{""sourceVersion"":""lol-wiki-rev-4025343"",""sourceRef"":""数据参考/lol-wiki-current-champions/normalized/generic/smolder-r.json@rev4025343 sha256:d0fd211614ca3ea3d5b721423a99f5302454b7fd388fca2b9110a23d5490e771"",""availableEffectTables"":{},""availableCooldowns"":[],""availableCosts"":{},""tooltipPlaceholders"":[],""unresolvedDamagePlaceholders"":[],""varsMapEmpty"":true,""variablesEmpty"":true,""variables"":[],""missingFields"":[],""gapKind"":""none"",""reasonZh"":""当前 League Wiki 模板已提供可核验数值合同；剩余为实现/runtime 缺口。"",""blocker"":""""}",,
hero_skill|hero_teemo|P|游击队军备,hero_skill,hero_teemo,迅捷斥候,P,游击队军备,already_covered,blocked,existing_batch_b_seed,,,,缺该精确 candidate 的 generic seed/mount + 完成批次证据。,,"{""sourceVersion"":""lol-wiki-rev-4010103"",""sourceRef"":""数据参考/lol-wiki-current-champions/normalized/generic/teemo-p.json@rev4010103 sha256:bbd4dd78e7d12802b24930c655ee16c0527f94771f0b5aa81ffbec2fa4c2d97b"",""availableEffectTables"":{},""availableCooldowns"":[],""availableCosts"":{},""tooltipPlaceholders"":[],""unresolvedDamagePlaceholders"":[],""varsMapEmpty"":true,""variablesEmpty"":true,""variables"":[],""missingFields"":[],""gapKind"":""none"",""reasonZh"":""当前 League Wiki 模板已提供可核验数值合同；剩余为实现/runtime 缺口。"",""blocker"":""""}",,
hero_skill|hero_teemo|Q|致盲吹箭,hero_skill,hero_teemo,迅捷斥候,Q,致盲吹箭,out_of_scope_for_single_target_dps,blocked,meta_or_non_target_dps,,,,缺精确 generic provider seed/mount/live publish/E2E；不得因旧 out_of_scope 标签放行。,,"{""sourceVersion"":""lol-wiki-rev-3948425"",""sourceRef"":""数据参考/lol-wiki-current-champions/normalized/generic/teemo-q.json@rev3948425 sha256:4e3c475ed55ec865f6a9060c8ad0b2665e5379b3ae7e9e5cb644f83212b240a7"",""availableEffectTables"":{},""availableCooldowns"":[],""availableCosts"":{},""tooltipPlaceholders"":[],""unresolvedDamagePlaceholders"":[],""varsMapEmpty"":true,""variablesEmpty"":true,""variables"":[],""missingFields"":[],""gapKind"":""none"",""reasonZh"":""当前 League Wiki 模板已提供可核验数值合同；剩余为实现/runtime 缺口。"",""blocker"":""""}",,
hero_skill|hero_teemo|W|小莫快跑,hero_skill,hero_teemo,迅捷斥候,W,小莫快跑,out_of_scope_for_single_target_dps,out_of_scope,movement_only,,,,,,,movement_speed_or_dash,"{""sourceRef"":""数据参考/lol-wiki-current-champions/normalized/generic/teemo-w.json@rev4010102 sha256:f7535dae8216d9f31490ba06c55b72308364d450c32eee4b2e167422d3db23c7"",""sourceTextSummary"":""提莫动如脱兔，提升移动速度，直到被敌方英雄或防御塔击中为止。提莫可以通过冲刺来获得额外移动速度，且短时间内不会因被击中而使加速效果中止。 被动：提莫获得{{ passivemovespeedbonus*100 }}%移动速度，前提是在最近{{ passivecooldownondamagetaken }}秒内未受到来自敌方英雄或防御塔的伤害。 主动：提莫急速"",""reviewedPrimaryTargetDamageBranch"":true,""boundaryCategory"":""pure_movement_or_dash"",""excludedBehavior"":""movement_speed_or_dash"",""boundaryReason"":""小莫快跑：纯移速/冲刺/位移，无主目标伤害增量；审计边界外。"",""damageRelevantSubBranchDisposition"":""no_primary_target_damage_branch""}"
hero_skill|hero_teemo|E|毒性射击,hero_skill,hero_teemo,迅捷斥候,E,毒性射击,already_covered,migrated,on_hit|flat_magic_damage|formula_on_hit,wasm-generic-completed-onhit-mechanisms|wasm-generic-formula-onhit-batch,wasm/tinygo_engine_v2/internal/runtime/generic_completed_onhit_mechanisms_test.go|db/game_manage/seeds/lol_formula_on_hit_mechanisms_seed.sql,wasm|backend,,,,,
hero_skill|hero_teemo|R|种蘑菇,hero_skill,hero_teemo,迅捷斥候,R,种蘑菇,out_of_scope_for_single_target_dps,blocked,meta_or_non_target_dps,,,,缺精确 generic provider seed/mount/live publish/E2E；不得因旧 out_of_scope 标签放行。,,"{""sourceVersion"":""lol-wiki-rev-4015245"",""sourceRef"":""数据参考/lol-wiki-current-champions/normalized/generic/teemo-r.json@rev4015245 sha256:e3ad342c267dfa3b2d0817cecbd7903eccdcac5fa35993fa6a2be45ca46bb548"",""availableEffectTables"":{},""availableCooldowns"":[],""availableCosts"":{},""tooltipPlaceholders"":[],""unresolvedDamagePlaceholders"":[],""varsMapEmpty"":true,""variablesEmpty"":true,""variables"":[],""missingFields"":[],""gapKind"":""none"",""reasonZh"":""当前 League Wiki 模板已提供可核验数值合同；剩余为实现/runtime 缺口。"",""blocker"":""""}",,
hero_skill|hero_tristana|P|瞄准,hero_skill,hero_tristana,麦林炮手,P,瞄准,out_of_scope_for_single_target_dps,out_of_scope,no_single_target_dps_effect,,,,,,,static_stats_or_active_only,"{""sourceRef"":""数据参考/lol-wiki-current-champions/normalized/generic/tristana-p.json@rev3986179 sha256:079ae9429bb49e84fc8ad0fecd70d7b328bdc6f9995440feeeef2167e218595d"",""sourceTextSummary"":""崔丝塔娜的射程随等级提升。"",""reviewedPrimaryTargetDamageBranch"":true,""boundaryCategory"":""stat_or_active_only"",""excludedBehavior"":""static_stats_or_active_only"",""boundaryReason"":""瞄准：静态属性或仅主动效果，不构成被动主目标伤害分支；审计边界外。"",""damageRelevantSubBranchDisposition"":""no_primary_target_damage_branch""}"
hero_skill|hero_tristana|Q|急速射击,hero_skill,hero_tristana,麦林炮手,Q,急速射击,needs_manual_baseline,blocked,dps_relevant_manual_review,,,,文本可能影响 DPS，但脚本无法从本地 Data Dragon 可靠还原数值或 rank 表；须以当前 League Wiki 模板/修订为数值真源。,,"{""sourceVersion"":""lol-wiki-rev-4026462"",""sourceRef"":""数据参考/lol-wiki-current-champions/normalized/generic/tristana-q.json@rev4026462 sha256:f6465863035c4634510ecc96e9ee04f4a998d150871d88e498e6636e27a9d4da"",""availableEffectTables"":{},""availableCooldowns"":[],""availableCosts"":{},""tooltipPlaceholders"":[],""unresolvedDamagePlaceholders"":[],""varsMapEmpty"":true,""variablesEmpty"":true,""variables"":[],""missingFields"":[],""gapKind"":""none"",""reasonZh"":""当前 League Wiki 模板已提供可核验数值合同；剩余为实现/runtime 缺口。"",""blocker"":""""}",,
hero_skill|hero_tristana|W|火箭跳跃,hero_skill,hero_tristana,麦林炮手,W,火箭跳跃,out_of_scope_for_single_target_dps,blocked,multi_target_or_area,,,,缺精确 generic provider seed/mount/live publish/E2E；不得因旧 out_of_scope 标签放行。,,"{""sourceVersion"":""lol-wiki-rev-4007758"",""sourceRef"":""数据参考/lol-wiki-current-champions/normalized/generic/tristana-w.json@rev4007758 sha256:cf0e3ae91310ab5e7cc04408941671520e3464f75bc61da683b100ea82e56eec"",""availableEffectTables"":{},""availableCooldowns"":[],""availableCosts"":{},""tooltipPlaceholders"":[],""unresolvedDamagePlaceholders"":[],""varsMapEmpty"":true,""variablesEmpty"":true,""variables"":[],""missingFields"":[],""gapKind"":""none"",""reasonZh"":""当前 League Wiki 模板已提供可核验数值合同；剩余为实现/runtime 缺口。"",""blocker"":""""}",,
hero_skill|hero_tristana|E|爆炸火花,hero_skill,hero_tristana,麦林炮手,E,爆炸火花,out_of_scope_for_single_target_dps,blocked,meta_or_non_target_dps,,,,缺精确 generic provider seed/mount/live publish/E2E；不得因旧 out_of_scope 标签放行。,,"{""sourceVersion"":""lol-wiki-rev-4008204"",""sourceRef"":""数据参考/lol-wiki-current-champions/normalized/generic/tristana-e.json@rev4008204 sha256:c66748f43bb67ed75c6174bd5ac48083fb3c93fea420d15619bd240cf12fdda7"",""availableEffectTables"":{},""availableCooldowns"":[],""availableCosts"":{},""tooltipPlaceholders"":[],""unresolvedDamagePlaceholders"":[],""varsMapEmpty"":true,""variablesEmpty"":true,""variables"":[],""missingFields"":[],""gapKind"":""none"",""reasonZh"":""当前 League Wiki 模板已提供可核验数值合同；剩余为实现/runtime 缺口。"",""blocker"":""""}",,
hero_skill|hero_tristana|R|毁灭射击,hero_skill,hero_tristana,麦林炮手,R,毁灭射击,out_of_scope_for_single_target_dps,blocked,multi_target_or_area,,,,缺精确 generic provider seed/mount/live publish/E2E；不得因旧 out_of_scope 标签放行。,,"{""sourceVersion"":""lol-wiki-rev-4008205"",""sourceRef"":""数据参考/lol-wiki-current-champions/normalized/generic/tristana-r.json@rev4008205 sha256:2dff322949f442acc00a7074458fd5ed9bc542d6fd143b818a9a7151e117c058"",""availableEffectTables"":{},""availableCooldowns"":[],""availableCosts"":{},""tooltipPlaceholders"":[],""unresolvedDamagePlaceholders"":[],""varsMapEmpty"":true,""variablesEmpty"":true,""variables"":[],""missingFields"":[],""gapKind"":""none"",""reasonZh"":""当前 League Wiki 模板已提供可核验数值合同；剩余为实现/runtime 缺口。"",""blocker"":""""}",,
hero_skill|hero_twistedfate|P|灌铅骰子,hero_skill,hero_twistedfate,卡牌大师,P,灌铅骰子,out_of_scope_for_single_target_dps,out_of_scope,no_single_target_dps_effect,,,,,,,economy_gold,"{""sourceRef"":""数据参考/lol-wiki-current-champions/normalized/generic/twistedfate-p.json@rev4005221 sha256:648891b415595163d1ee7fe1c99e0ca0879ed52d08b4d05aaeaaa82d2d7ed6ef"",""sourceTextSummary"":""在击杀了一名单位后，崔斯特会投掷他的“幸运”骰，随机获得1到6的额外赏金。"",""reviewedPrimaryTargetDamageBranch"":true,""boundaryCategory"":""economy_or_post_takedown"",""excludedBehavior"":""economy_gold"",""boundaryReason"":""灌铅骰子：击杀/经济收益发生在当前唯一主目标死亡之后，encounter 已结束；审计边界外。"",""damageRelevantSubBranchDisposition"":""post_kill_next_encounter_only""}"
hero_skill|hero_twistedfate|Q|万能牌,hero_skill,hero_twistedfate,卡牌大师,Q,万能牌,needs_manual_baseline,blocked,dps_relevant_manual_review,,,,文本可能影响 DPS，但脚本无法从本地 Data Dragon 可靠还原数值或 rank 表；须以当前 League Wiki 模板/修订为数值真源。,,"{""sourceVersion"":""lol-wiki-rev-3950864"",""sourceRef"":""数据参考/lol-wiki-current-champions/normalized/generic/twistedfate-q.json@rev3950864 sha256:9cdd62cc18d41a4bbe1e42ac8202b40a776f7da51c67c6f2fea37f9ed1f0d597"",""availableEffectTables"":{},""availableCooldowns"":[],""availableCosts"":{},""tooltipPlaceholders"":[],""unresolvedDamagePlaceholders"":[],""varsMapEmpty"":true,""variablesEmpty"":true,""variables"":[],""missingFields"":[],""gapKind"":""none"",""reasonZh"":""当前 League Wiki 模板已提供可核验数值合同；剩余为实现/runtime 缺口。"",""blocker"":""""}",,
hero_skill|hero_twistedfate|W|选牌,hero_skill,hero_twistedfate,卡牌大师,W,选牌,out_of_scope_for_single_target_dps,blocked,meta_or_non_target_dps,,,,缺精确 generic provider seed/mount/live publish/E2E；不得因旧 out_of_scope 标签放行。,,"{""sourceVersion"":""lol-wiki-rev-4004668"",""sourceRef"":""数据参考/lol-wiki-current-champions/normalized/generic/twistedfate-w.json@rev4004668 sha256:f7e801c87dbe09721db968911de5944757184e06cc0b661e6659bbe08f6e26aa"",""availableEffectTables"":{},""availableCooldowns"":[],""availableCosts"":{},""tooltipPlaceholders"":[],""unresolvedDamagePlaceholders"":[],""varsMapEmpty"":true,""variablesEmpty"":true,""variables"":[],""missingFields"":[],""gapKind"":""none"",""reasonZh"":""当前 League Wiki 模板已提供可核验数值合同；剩余为实现/runtime 缺口。"",""blocker"":""""}",,
hero_skill|hero_twistedfate|E|卡牌骗术,hero_skill,hero_twistedfate,卡牌大师,E,卡牌骗术,already_covered,migrated,every_n_hit|flat_magic_damage|bonus_ad_ap_ratio|attack_speed_percent_add,wasm-generic-twisted-fate-stacked-deck|wasm-generic-twisted-fate-stacked-deck,wasm/tinygo_engine_v2/internal/runtime/generic_twisted_fate_stacked_deck_test.go|db/game_manage/seeds/lol_generic_twisted_fate_stacked_deck_seed.sql,wasm|backend,仅建模 rank5；建筑物 50% 减伤未建模；其它 rank 数值表未建模；主动技能（Q/W/R）未建模。,,,,
hero_skill|hero_twistedfate|R|命运,hero_skill,hero_twistedfate,卡牌大师,R,命运,out_of_scope_for_single_target_dps,out_of_scope,meta_or_non_target_dps,,,,,,,ward_vision_or_trap_reveal,"{""sourceRef"":""数据参考/lol-wiki-current-champions/normalized/generic/twistedfate-r.json@rev4017975 sha256:afc397445e334baa35fe369ff56fac0d1792306eda5234d0e39e1fbfde485a06"",""sourceTextSummary"":""崔斯特为他的敌人算卜命运，短时间内显示所有敌方英雄的位置，并可使用传送，让他在引导1.5秒后传送至目标位置。 崔斯特专注于他的卡牌，提供地图上所有敌方英雄的真实视野，持续{{ e1 }}秒，并允许他再次施放。 再次施放：崔斯特传送到{{ e4 }}码以内的任何地方。{{ spellmodifierdescriptionappend }}"",""reviewedPrimaryTargetDamageBranch"":true,""boundaryCategory"":""pure_vision"",""excludedBehavior"":""ward_vision_or_trap_reveal"",""boundaryReason"":""命运：纯视野/显形/守卫侦察，不含伤害；审计边界外。"",""damageRelevantSubBranchDisposition"":""no_primary_target_damage_branch""}"
hero_skill|hero_twitch|P|死亡毒液,hero_skill,hero_twitch,瘟疫之源,P,死亡毒液,already_covered,blocked,existing_batch_b_seed,,,,缺该精确 candidate 的 generic seed/mount + 完成批次证据。,,"{""sourceVersion"":""lol-wiki-rev-4013286"",""sourceRef"":""数据参考/lol-wiki-current-champions/normalized/generic/twitch-p.json@rev4013286 sha256:1567c0efec7f9e9021f6dc02410f92262dfa30128acc457c531199dbc9121b44"",""availableEffectTables"":{},""availableCooldowns"":[],""availableCosts"":{},""tooltipPlaceholders"":[],""unresolvedDamagePlaceholders"":[],""varsMapEmpty"":true,""variablesEmpty"":true,""variables"":[],""missingFields"":[],""gapKind"":""none"",""reasonZh"":""当前 League Wiki 模板已提供可核验数值合同；剩余为实现/runtime 缺口。"",""blocker"":""""}",,
hero_skill|hero_twitch|Q|埋伏,hero_skill,hero_twitch,瘟疫之源,Q,埋伏,already_covered,blocked,existing_batch_b_seed,,,,缺该精确 candidate 的 generic seed/mount + 完成批次证据。,,"{""sourceVersion"":""lol-wiki-rev-3982645"",""sourceRef"":""数据参考/lol-wiki-current-champions/normalized/generic/twitch-q.json@rev3982645 sha256:7d564e7969cb578018a8ff9f7e1d9a2c8c051f201a4ba2dfe985a5a79f689df3"",""availableEffectTables"":{},""availableCooldowns"":[],""availableCosts"":{},""tooltipPlaceholders"":[],""unresolvedDamagePlaceholders"":[],""varsMapEmpty"":true,""variablesEmpty"":true,""variables"":[],""missingFields"":[],""gapKind"":""none"",""reasonZh"":""当前 League Wiki 模板已提供可核验数值合同；剩余为实现/runtime 缺口。"",""blocker"":""""}",,
hero_skill|hero_twitch|W|剧毒之桶,hero_skill,hero_twitch,瘟疫之源,W,剧毒之桶,out_of_scope_for_single_target_dps,out_of_scope,control_only,,,,,,,crowd_control_or_slow,"{""sourceRef"":""数据参考/lol-wiki-current-champions/normalized/generic/twitch-w.json@rev4012250 sha256:acb1edf3d7f34aba53c08696487e75be11a3197ea2a360b0047cb7c28365c807"",""sourceTextSummary"":""图奇扔出一个毒性之桶来引爆一个区域，对区域内的敌人造成减速效果，并对他们施加死亡毒液效果。 图奇扔出一个毒性之桶来添加一层死亡毒液给所有被桶砸中的敌人，并留下一团毒雾，存留{{ duration }}秒。 一直呆在毒雾中的敌人会被减速{{ totalslowamount }}%并且会每秒受到额外的一层死亡毒液。{{ spellmodifierdescript"",""reviewedPrimaryTargetDamageBranch"":true,""boundaryCategory"":""pure_control_or_debuff"",""excludedBehavior"":""crowd_control_or_slow"",""boundaryReason"":""剧毒之桶：纯控制/减速/重伤，无主目标伤害增量；审计边界外。"",""damageRelevantSubBranchDisposition"":""no_primary_target_damage_branch""}"
hero_skill|hero_twitch|E|毒性爆发,hero_skill,hero_twitch,瘟疫之源,E,毒性爆发,out_of_scope_for_single_target_dps,blocked,multi_target_or_area,,,,缺精确 generic provider seed/mount/live publish/E2E；不得因旧 out_of_scope 标签放行。,,"{""sourceVersion"":""lol-wiki-rev-3907215"",""sourceRef"":""数据参考/lol-wiki-current-champions/normalized/generic/twitch-e.json@rev3907215 sha256:f9daa9e2c0474c33360215062ef79244f1606198bc3b771b7e8e5aa58bedf37c"",""availableEffectTables"":{},""availableCooldowns"":[],""availableCosts"":{},""tooltipPlaceholders"":[],""unresolvedDamagePlaceholders"":[],""varsMapEmpty"":true,""variablesEmpty"":true,""variables"":[],""missingFields"":[],""gapKind"":""none"",""reasonZh"":""当前 League Wiki 模板已提供可核验数值合同；剩余为实现/runtime 缺口。"",""blocker"":""""}",,
hero_skill|hero_twitch|R|火力全开,hero_skill,hero_twitch,瘟疫之源,R,火力全开,needs_runtime_extension,blocked,distance_or_ratio_modifier,,,,缺 distance_or_ratio_input 与 damage_multiplier_or_health_ratio runtime 原语。,,"{""sourceVersion"":""lol-wiki-rev-3993607"",""sourceRef"":""数据参考/lol-wiki-current-champions/normalized/generic/twitch-r.json@rev3993607 sha256:feb40917d12acfbe759ee89441aba5dd22c0257bc0fc2b662e494c3a79afea79"",""availableEffectTables"":{},""availableCooldowns"":[],""availableCosts"":{},""tooltipPlaceholders"":[],""unresolvedDamagePlaceholders"":[],""varsMapEmpty"":true,""variablesEmpty"":true,""variables"":[],""missingFields"":[],""gapKind"":""none"",""reasonZh"":""当前 League Wiki 模板已提供可核验数值合同；剩余为实现/runtime 缺口。"",""blocker"":""""}",,
hero_skill|hero_varus|P|复仇之欲,hero_skill,hero_varus,惩戒之箭,P,复仇之欲,already_covered,blocked,existing_batch_b_seed,,,,缺该精确 candidate 的 generic seed/mount + 完成批次证据。,,"{""sourceVersion"":""lol-wiki-rev-4026465"",""sourceRef"":""数据参考/lol-wiki-current-champions/normalized/generic/varus-p.json@rev4026465 sha256:9ecf0d698d0ec56f2c19bed4e49b22aec35fb51ad0d1f6785d45b3084edc83c5"",""availableEffectTables"":{},""availableCooldowns"":[],""availableCosts"":{},""tooltipPlaceholders"":[],""unresolvedDamagePlaceholders"":[],""varsMapEmpty"":true,""variablesEmpty"":true,""variables"":[],""missingFields"":[],""gapKind"":""none"",""reasonZh"":""当前 League Wiki 模板已提供可核验数值合同；剩余为实现/runtime 缺口。"",""blocker"":""""}",,
hero_skill|hero_varus|Q|穿刺之箭,hero_skill,hero_varus,惩戒之箭,Q,穿刺之箭,out_of_scope_for_single_target_dps,blocked,cooldown_or_haste_without_rotation,,,,缺精确 generic provider seed/mount/live publish/E2E；不得因旧 out_of_scope 标签放行。,,"{""sourceVersion"":""lol-wiki-rev-4026469"",""sourceRef"":""数据参考/lol-wiki-current-champions/normalized/generic/varus-q.json@rev4026469 sha256:bdbbe064008b969e153800f7d5cdb305f84eca1ef043d8e6f8ce41c5db2659dd"",""availableEffectTables"":{},""availableCooldowns"":[],""availableCosts"":{},""tooltipPlaceholders"":[],""unresolvedDamagePlaceholders"":[],""varsMapEmpty"":true,""variablesEmpty"":true,""variables"":[],""missingFields"":[],""gapKind"":""none"",""reasonZh"":""当前 League Wiki 模板已提供可核验数值合同；剩余为实现/runtime 缺口。"",""blocker"":""""}",,
hero_skill|hero_varus|W|枯萎箭袋,hero_skill,hero_varus,惩戒之箭,W,枯萎箭袋,already_covered,blocked,existing_batch_b_seed,,,,缺该精确 candidate 的 generic seed/mount + 完成批次证据。,,"{""sourceVersion"":""lol-wiki-rev-4026472"",""sourceRef"":""数据参考/lol-wiki-current-champions/normalized/generic/varus-w.json@rev4026472 sha256:16307174c4039d8ce71e639396328b2473f4a7e16247a7b2f8a183599b0901d2"",""availableEffectTables"":{},""availableCooldowns"":[],""availableCosts"":{},""tooltipPlaceholders"":[],""unresolvedDamagePlaceholders"":[],""varsMapEmpty"":true,""variablesEmpty"":true,""variables"":[],""missingFields"":[],""gapKind"":""none"",""reasonZh"":""当前 League Wiki 模板已提供可核验数值合同；剩余为实现/runtime 缺口。"",""blocker"":""""}",,
hero_skill|hero_varus|E|恶灵箭雨,hero_skill,hero_varus,惩戒之箭,E,恶灵箭雨,out_of_scope_for_single_target_dps,blocked,survivability_only,,,,缺精确 generic provider seed/mount/live publish/E2E；不得因旧 out_of_scope 标签放行。,,"{""sourceVersion"":""lol-wiki-rev-3969402"",""sourceRef"":""数据参考/lol-wiki-current-champions/normalized/generic/varus-e.json@rev3969402 sha256:7b4be71bcc26ba933dff0235882d272c14e406abbf505290018ba15a5ba658e9"",""availableEffectTables"":{},""availableCooldowns"":[],""availableCosts"":{},""tooltipPlaceholders"":[],""unresolvedDamagePlaceholders"":[],""varsMapEmpty"":true,""variablesEmpty"":true,""variables"":[],""missingFields"":[],""gapKind"":""none"",""reasonZh"":""当前 League Wiki 模板已提供可核验数值合同；剩余为实现/runtime 缺口。"",""blocker"":""""}",,
hero_skill|hero_varus|R|腐败锁链,hero_skill,hero_varus,惩戒之箭,R,腐败锁链,out_of_scope_for_single_target_dps,blocked,multi_target_or_area,,,,缺精确 generic provider seed/mount/live publish/E2E；不得因旧 out_of_scope 标签放行。,,"{""sourceVersion"":""lol-wiki-rev-4008213"",""sourceRef"":""数据参考/lol-wiki-current-champions/normalized/generic/varus-r.json@rev4008213 sha256:62b397cc7133a767427e00a1a5b435fcb3fd94b4ec5021be4a7869837683e4ed"",""availableEffectTables"":{},""availableCooldowns"":[],""availableCosts"":{},""tooltipPlaceholders"":[],""unresolvedDamagePlaceholders"":[],""varsMapEmpty"":true,""variablesEmpty"":true,""variables"":[],""missingFields"":[],""gapKind"":""none"",""reasonZh"":""当前 League Wiki 模板已提供可核验数值合同；剩余为实现/runtime 缺口。"",""blocker"":""""}",,
hero_skill|hero_vayne|P|暗夜猎手,hero_skill,hero_vayne,暗夜猎手,P,暗夜猎手,out_of_scope_for_single_target_dps,out_of_scope,multi_target_or_area,,,,,,,movement_speed_or_dash,"{""sourceRef"":""数据参考/lol-wiki-current-champions/normalized/generic/vayne-p.json@rev3920984 sha256:4048647af4d24a7f3dee2dc4ab56b1f72766289a0e61241cb3cc02e88736d75d"",""sourceTextSummary"":""薇恩毫不留情的猎杀世间邪恶，向附近敌方英雄移动时会获得移动速度。"",""reviewedPrimaryTargetDamageBranch"":true,""boundaryCategory"":""pure_movement_or_dash"",""excludedBehavior"":""movement_speed_or_dash"",""boundaryReason"":""暗夜猎手：纯移速/冲刺/位移，无主目标伤害增量；审计边界外。"",""damageRelevantSubBranchDisposition"":""no_primary_target_damage_branch""}"
hero_skill|hero_vayne|Q|闪避突袭,hero_skill,hero_vayne,暗夜猎手,Q,闪避突袭,needs_runtime_extension,blocked,distance_or_ratio_modifier,,,,缺 distance_or_ratio_input 与 damage_multiplier_or_health_ratio runtime 原语。,,"{""sourceVersion"":""lol-wiki-rev-4015566"",""sourceRef"":""数据参考/lol-wiki-current-champions/normalized/generic/vayne-q.json@rev4015566 sha256:5ae387c07aa6c510a9da57df976b6e6ba9d3b52490fa91ce59e1221813fe9dad"",""availableEffectTables"":{},""availableCooldowns"":[],""availableCosts"":{},""tooltipPlaceholders"":[],""unresolvedDamagePlaceholders"":[],""varsMapEmpty"":true,""variablesEmpty"":true,""variables"":[],""missingFields"":[],""gapKind"":""none"",""reasonZh"":""当前 League Wiki 模板已提供可核验数值合同；剩余为实现/runtime 缺口。"",""blocker"":""""}",,
hero_skill|hero_vayne|W|圣银弩箭,hero_skill,hero_vayne,暗夜猎手,W,圣银弩箭,already_covered,migrated,every_n_hit|true_damage|formula_on_hit,wasm-generic-completed-onhit-mechanisms|wasm-generic-vayne-silver-bolts,wasm/tinygo_engine_v2/internal/runtime/generic_completed_onhit_mechanisms_test.go|db/game_manage/seeds/lol_vayne_silver_bolts_seed.sql,wasm|backend,,,,,
hero_skill|hero_vayne|E|恶魔审判,hero_skill,hero_vayne,暗夜猎手,E,恶魔审判,needs_manual_baseline,blocked,dps_relevant_manual_review,,,,文本可能影响 DPS，但脚本无法从本地 Data Dragon 可靠还原数值或 rank 表；须以当前 League Wiki 模板/修订为数值真源。,,"{""sourceVersion"":""lol-wiki-rev-4008541"",""sourceRef"":""数据参考/lol-wiki-current-champions/normalized/generic/vayne-e.json@rev4008541 sha256:f2b2ba17b90ff5096a9a154f8d1fd4cc43ed3e1be4ebb502cb644acf17712c37"",""availableEffectTables"":{},""availableCooldowns"":[],""availableCosts"":{},""tooltipPlaceholders"":[],""unresolvedDamagePlaceholders"":[],""varsMapEmpty"":true,""variablesEmpty"":true,""variables"":[],""missingFields"":[],""gapKind"":""none"",""reasonZh"":""当前 League Wiki 模板已提供可核验数值合同；剩余为实现/runtime 缺口。"",""blocker"":""""}",,
hero_skill|hero_vayne|R|终极时刻,hero_skill,hero_vayne,暗夜猎手,R,终极时刻,out_of_scope_for_single_target_dps,blocked,meta_or_non_target_dps,,,,缺精确 generic provider seed/mount/live publish/E2E；不得因旧 out_of_scope 标签放行。,,"{""sourceVersion"":""lol-wiki-rev-3807995"",""sourceRef"":""数据参考/lol-wiki-current-champions/normalized/generic/vayne-r.json@rev3807995 sha256:e417f1cfc5e8253fdfe8140c4659e8fe63441c38ca3aa1e37d69aa31e25d682d"",""availableEffectTables"":{},""availableCooldowns"":[],""availableCosts"":{},""tooltipPlaceholders"":[],""unresolvedDamagePlaceholders"":[],""varsMapEmpty"":true,""variablesEmpty"":true,""variables"":[],""missingFields"":[],""gapKind"":""none"",""reasonZh"":""当前 League Wiki 模板已提供可核验数值合同；剩余为实现/runtime 缺口。"",""blocker"":""""}",,
hero_skill|hero_xayah|P|锐切,hero_skill,hero_xayah,逆羽,P,锐切,needs_manual_baseline,blocked,dps_relevant_manual_review,,,,文本可能影响 DPS，但脚本无法从本地 Data Dragon 可靠还原数值或 rank 表；须以当前 League Wiki 模板/修订为数值真源。,,"{""sourceVersion"":""lol-wiki-rev-3967343"",""sourceRef"":""数据参考/lol-wiki-current-champions/normalized/generic/xayah-p.json@rev3967343 sha256:5cfe6e5e30cdc8e6fde07791288f5a85e5ef01f543670ce2248323ccb6ead171"",""availableEffectTables"":{},""availableCooldowns"":[],""availableCosts"":{},""tooltipPlaceholders"":[],""unresolvedDamagePlaceholders"":[],""varsMapEmpty"":true,""variablesEmpty"":true,""variables"":[],""missingFields"":[],""gapKind"":""none"",""reasonZh"":""当前 League Wiki 模板已提供可核验数值合同；剩余为实现/runtime 缺口。"",""blocker"":""""}",,
hero_skill|hero_xayah|Q|双刃,hero_skill,hero_xayah,逆羽,Q,双刃,needs_manual_baseline,blocked,dps_relevant_manual_review,,,,文本可能影响 DPS，但脚本无法从本地 Data Dragon 可靠还原数值或 rank 表；须以当前 League Wiki 模板/修订为数值真源。,,"{""sourceVersion"":""lol-wiki-rev-4008615"",""sourceRef"":""数据参考/lol-wiki-current-champions/normalized/generic/xayah-q.json@rev4008615 sha256:8010e567d2366730c5eb6cd0a31baec09c7f5137018ab2ca15fd84f167d990fd"",""availableEffectTables"":{},""availableCooldowns"":[],""availableCosts"":{},""tooltipPlaceholders"":[],""unresolvedDamagePlaceholders"":[],""varsMapEmpty"":true,""variablesEmpty"":true,""variables"":[],""missingFields"":[],""gapKind"":""none"",""reasonZh"":""当前 League Wiki 模板已提供可核验数值合同；剩余为实现/runtime 缺口。"",""blocker"":""""}",,
hero_skill|hero_xayah|W|致死羽衣,hero_skill,hero_xayah,逆羽,W,致死羽衣,out_of_scope_for_single_target_dps,migrated,cast_triggered_timed_attack_speed|attack_speed_percent_add|secondary_feather_ratio_damage,wasm-generic-xayah-deadly-plumage|wasm-generic-xayah-deadly-plumage,wasm/tinygo_engine_v2/internal/runtime/generic_xayah_deadly_plumage_test.go|db/game_manage/seeds/lol_generic_xayah_deadly_plumage_seed.sql,wasm|backend,,,,,
hero_skill|hero_xayah|E|倒钩,hero_skill,hero_xayah,逆羽,E,倒钩,needs_manual_baseline,blocked,dps_relevant_manual_review,,,,文本可能影响 DPS，但脚本无法从本地 Data Dragon 可靠还原数值或 rank 表；须以当前 League Wiki 模板/修订为数值真源。,,"{""sourceVersion"":""lol-wiki-rev-4002073"",""sourceRef"":""数据参考/lol-wiki-current-champions/normalized/generic/xayah-e.json@rev4002073 sha256:3e6ffa135022f13984b26d9551afc323444e1ff9e80506ece5afba820827d486"",""availableEffectTables"":{},""availableCooldowns"":[],""availableCosts"":{},""tooltipPlaceholders"":[],""unresolvedDamagePlaceholders"":[],""varsMapEmpty"":true,""variablesEmpty"":true,""variables"":[],""missingFields"":[],""gapKind"":""none"",""reasonZh"":""当前 League Wiki 模板已提供可核验数值合同；剩余为实现/runtime 缺口。"",""blocker"":""""}",,
hero_skill|hero_xayah|R|暴风羽刃,hero_skill,hero_xayah,逆羽,R,暴风羽刃,needs_manual_baseline,blocked,dps_relevant_manual_review,,,,文本可能影响 DPS，但脚本无法从本地 Data Dragon 可靠还原数值或 rank 表；须以当前 League Wiki 模板/修订为数值真源。,,"{""sourceVersion"":""lol-wiki-rev-4008617"",""sourceRef"":""数据参考/lol-wiki-current-champions/normalized/generic/xayah-r.json@rev4008617 sha256:cb5c8ba5486a55027e7c2252589fa8e5d821d346cc44afa99243de71ce5b3077"",""availableEffectTables"":{},""availableCooldowns"":[],""availableCosts"":{},""tooltipPlaceholders"":[],""unresolvedDamagePlaceholders"":[],""varsMapEmpty"":true,""variablesEmpty"":true,""variables"":[],""missingFields"":[],""gapKind"":""none"",""reasonZh"":""当前 League Wiki 模板已提供可核验数值合同；剩余为实现/runtime 缺口。"",""blocker"":""""}",,
hero_skill|hero_yunara|P|初生之誓,hero_skill,hero_yunara,不破之誓,P,初生之誓,needs_runtime_extension,blocked,deterministic_random_crit_sequence,,,,缺 deterministic_random_crit_sequence / on_crit_event 运行时原语；不得用 expected-crit 冒充完成。,,"{""sourceVersion"":""lol-wiki-rev-4016849"",""sourceRef"":""数据参考/lol-wiki-current-champions/normalized/generic/yunara-p.json@rev4016849 sha256:ff68851d6585864c8e8d937d52ff431f4776df68eecd41a26a45ebd2398f3679"",""availableEffectTables"":{},""availableCooldowns"":[],""availableCosts"":{},""tooltipPlaceholders"":[],""unresolvedDamagePlaceholders"":[],""varsMapEmpty"":true,""variablesEmpty"":true,""variables"":[],""missingFields"":[],""gapKind"":""none"",""reasonZh"":""当前 League Wiki 模板已提供可核验数值合同；剩余为实现/runtime 缺口。"",""blocker"":""""}",,
hero_skill|hero_yunara|Q|灵蕴拳,hero_skill,hero_yunara,不破之誓,Q,灵蕴拳,out_of_scope_for_single_target_dps,blocked,multi_target_or_area,,,,缺精确 generic provider seed/mount/live publish/E2E；不得因旧 out_of_scope 标签放行。,,"{""sourceVersion"":""lol-wiki-rev-4041330"",""sourceRef"":""数据参考/lol-wiki-current-champions/normalized/generic/yunara-q.json@rev4041330 sha256:d5554af1c3b781b8d27de90bd325493a23d270f095e3c8e48377a1e4d159d2a4"",""availableEffectTables"":{},""availableCooldowns"":[],""availableCosts"":{},""tooltipPlaceholders"":[],""unresolvedDamagePlaceholders"":[],""varsMapEmpty"":true,""variablesEmpty"":true,""variables"":[],""missingFields"":[],""gapKind"":""none"",""reasonZh"":""当前 League Wiki 模板已提供可核验数值合同；剩余为实现/runtime 缺口。"",""blocker"":""""}",,
hero_skill|hero_yunara|W|善恶轮 | 寂灭掌,hero_skill,hero_yunara,不破之誓,W,善恶轮 | 寂灭掌,out_of_scope_for_single_target_dps,blocked,multi_target_or_area,,,,缺精确 generic provider seed/mount/live publish/E2E；不得因旧 out_of_scope 标签放行。,,"{""sourceVersion"":""lol-wiki-rev-4008650"",""sourceRef"":""数据参考/lol-wiki-current-champions/normalized/generic/yunara-w.json@rev4008650 sha256:d41412bf696ea8f7c30d1cd412535ce27bf3f5019498141fdf72e76659316bff"",""availableEffectTables"":{},""availableCooldowns"":[],""availableCosts"":{},""tooltipPlaceholders"":[],""unresolvedDamagePlaceholders"":[],""varsMapEmpty"":true,""variablesEmpty"":true,""variables"":[],""missingFields"":[],""gapKind"":""none"",""reasonZh"":""当前 League Wiki 模板已提供可核验数值合同；剩余为实现/runtime 缺口。"",""blocker"":""""}",,
hero_skill|hero_yunara|E|明踪步 | 夜影翻,hero_skill,hero_yunara,不破之誓,E,明踪步 | 夜影翻,out_of_scope_for_single_target_dps,out_of_scope,meta_or_non_target_dps,,,,,,,movement_speed_or_dash,"{""sourceRef"":""数据参考/lol-wiki-current-champions/normalized/generic/yunara-e.json@rev3960443 sha256:d3ea6d4af438dd7138ac7a655d75243e04988dccb08922bd3a6d116313720b85"",""sourceTextSummary"":""芸阿娜获得移动速度并进入幽灵状态。在她处于超凡形态期间，她转而朝着一个方向冲刺。 芸阿娜获得{{ calc_move_speed }}移动速度，并且在朝着一个敌方英雄移动时提升至{{ calc_move_speed_enhanced }}移动速度，持续{{ buff_duration }}秒。 超凡形态 - 夜影翻：芸阿娜朝一个方向进行冲刺。{{ spell"",""reviewedPrimaryTargetDamageBranch"":true,""boundaryCategory"":""pure_movement_or_dash"",""excludedBehavior"":""movement_speed_or_dash"",""boundaryReason"":""明踪步 | 夜影翻：纯移速/冲刺/位移，无主目标伤害增量；审计边界外。"",""damageRelevantSubBranchDisposition"":""no_primary_target_damage_branch""}"
hero_skill|hero_yunara|R|定圣诀,hero_skill,hero_yunara,不破之誓,R,定圣诀,out_of_scope_for_single_target_dps,blocked,transcendent_form_skill_upgrade|cross_skill_damage_formula,,,,Yunara R 定圣诀进入 Transcendent State 并将 W 升级为 Arc of Ruin；R 页仅给出 Arc of Ruin base damage（{{ap|160 to 480}}），本地 Wiki generic 缺 upgraded Arc of Ruin（W）完整伤害公式,upgraded_arc_of_ruin_w_damage_formula,"{""sourceVersion"":""lol-wiki-rev-4038856"",""sourceRef"":""数据参考/lol-wiki-current-champions/normalized/generic/yunara-r.json@rev4038856 sha256:08923a97970d25edccf48fec7efa219d80615969ee3f2be14c7659ed4bef7462"",""availableEffectTables"":{},""availableCooldowns"":[],""availableCosts"":{},""tooltipPlaceholders"":[""20px"",""active"",""adr"",""ai"",""ais"",""ap"",""apr"",""arc"",""area"",""as"",""at"",""attack"",""b1"",""b5"",""base"",""basic"",""blades"",""border"",""brush"",""cannot"",""cast"",""cooldown"",""cultivation"",""damage"",""dash"",""effect"",""end"",""execute"",""executes"",""expanded"",""expr"",""fd"",""file"",""for"",""hail"",""initial"",""judgment"",""kanmei"",""key"",""lc"",""linger"",""link"",""lm"",""magic"",""minions"",""nor"",""of"",""passive"",""per"",""persistent"",""png"",""pp"",""remaining"",""reset"",""ri"",""ruin"",""s"",""sbc"",""see"",""shadow"",""shield"",""sight"",""slow"",""slows"",""speed"",""spirit"",""st"",""steps"",""sti"",""surroundings"",""terrain"",""through"",""tick"",""time"",""tip"",""to"",""total"",""tt"",""untouchable"",""var"",""yunara""],""unresolvedDamagePlaceholders"":[],""varsMapEmpty"":true,""variablesEmpty"":true,""variables"":[],""missingFields"":[""upgraded_arc_of_ruin_w_damage_formula""],""gapKind"":""unresolved_upgraded_arc_of_ruin_w_damage_formula"",""reasonZh"":""Yunara R 定圣诀进入 Transcendent State 并将 W 升级为 Arc of Ruin；R 页仅给出 Arc of Ruin base damage（{{ap|160 to 480}}），本地 Wiki generic 缺 upgraded Arc of Ruin（W）完整伤害公式"",""blocker"":""missing_upgraded_arc_of_ruin_w_damage_formula""}",,
hero_skill|hero_zeri|P|内能迁转,hero_skill,hero_zeri,祖安花火,P,内能迁转,needs_manual_baseline,blocked,on_hit,,,,on-hit 伤害描述缺少可审计数值；须以当前 League Wiki 模板/修订为数值真源。,,"{""sourceVersion"":""lol-wiki-rev-4041739"",""sourceRef"":""数据参考/lol-wiki-current-champions/normalized/generic/zeri-p.json@rev4041739 sha256:606fca74a738c7316244158d054700a73b8c4e4ccd63e90e3dc0814f533a737b"",""availableEffectTables"":{},""availableCooldowns"":[],""availableCosts"":{},""tooltipPlaceholders"":[],""unresolvedDamagePlaceholders"":[],""varsMapEmpty"":true,""variablesEmpty"":true,""variables"":[],""missingFields"":[],""gapKind"":""none"",""reasonZh"":""当前 League Wiki 模板已提供可核验数值合同；剩余为实现/runtime 缺口。"",""blocker"":""""}",,
hero_skill|hero_zeri|Q|电火迸射,hero_skill,hero_zeri,祖安花火,Q,电火迸射,needs_manual_baseline,blocked,dps_relevant_manual_review,,,,文本可能影响 DPS，但脚本无法从本地 Data Dragon 可靠还原数值或 rank 表；须以当前 League Wiki 模板/修订为数值真源。,,"{""sourceVersion"":""lol-wiki-rev-4041832"",""sourceRef"":""数据参考/lol-wiki-current-champions/normalized/generic/zeri-q.json@rev4041832 sha256:23aff813263c819fc05d70d5512b0db552478597ded7ba183856781edea8ab22"",""availableEffectTables"":{},""availableCooldowns"":[],""availableCosts"":{},""tooltipPlaceholders"":[],""unresolvedDamagePlaceholders"":[],""varsMapEmpty"":true,""variablesEmpty"":true,""variables"":[],""missingFields"":[],""gapKind"":""none"",""reasonZh"":""当前 League Wiki 模板已提供可核验数值合同；剩余为实现/runtime 缺口。"",""blocker"":""""}",,
hero_skill|hero_zeri|W|强穿激光,hero_skill,hero_zeri,祖安花火,W,强穿激光,out_of_scope_for_single_target_dps,blocked,meta_or_non_target_dps,,,,缺精确 generic provider seed/mount/live publish/E2E；不得因旧 out_of_scope 标签放行。,,"{""sourceVersion"":""lol-wiki-rev-4013271"",""sourceRef"":""数据参考/lol-wiki-current-champions/normalized/generic/zeri-w.json@rev4013271 sha256:15fcbdd7e08c794cfe503b860732dfead4092b1e4aaa9b8a482a4ac70e6d4bb2"",""availableEffectTables"":{},""availableCooldowns"":[],""availableCosts"":{},""tooltipPlaceholders"":[],""unresolvedDamagePlaceholders"":[],""varsMapEmpty"":true,""variablesEmpty"":true,""variables"":[],""missingFields"":[],""gapKind"":""none"",""reasonZh"":""当前 League Wiki 模板已提供可核验数值合同；剩余为实现/runtime 缺口。"",""blocker"":""""}",,
hero_skill|hero_zeri|E|灿丽花火,hero_skill,hero_zeri,祖安花火,E,灿丽花火,out_of_scope_for_single_target_dps,blocked,multi_target_or_area,,,,缺精确 generic provider seed/mount/live publish/E2E；不得因旧 out_of_scope 标签放行。,,"{""sourceVersion"":""lol-wiki-rev-4015351"",""sourceRef"":""数据参考/lol-wiki-current-champions/normalized/generic/zeri-e.json@rev4015351 sha256:87000a9142ce2f8481ffd9683a231b32a87681e531d2a4dd6a06bfa52fa42d4d"",""availableEffectTables"":{},""availableCooldowns"":[],""availableCosts"":{},""tooltipPlaceholders"":[],""unresolvedDamagePlaceholders"":[],""varsMapEmpty"":true,""variablesEmpty"":true,""variables"":[],""missingFields"":[],""gapKind"":""none"",""reasonZh"":""当前 League Wiki 模板已提供可核验数值合同；剩余为实现/runtime 缺口。"",""blocker"":""""}",,
hero_skill|hero_zeri|R|超限爆闪,hero_skill,hero_zeri,祖安花火,R,超限爆闪,out_of_scope_for_single_target_dps,blocked,multi_target_or_area,,,,缺精确 generic provider seed/mount/live publish/E2E；不得因旧 out_of_scope 标签放行。,,"{""sourceVersion"":""lol-wiki-rev-4016978"",""sourceRef"":""数据参考/lol-wiki-current-champions/normalized/generic/zeri-r.json@rev4016978 sha256:d5335584b29602564b602b4711db7584d5ccaa03e1c4232f73c1b45e6da76240"",""availableEffectTables"":{},""availableCooldowns"":[],""availableCosts"":{},""tooltipPlaceholders"":[],""unresolvedDamagePlaceholders"":[],""varsMapEmpty"":true,""variablesEmpty"":true,""variables"":[],""missingFields"":[],""gapKind"":""none"",""reasonZh"":""当前 League Wiki 模板已提供可核验数值合同；剩余为实现/runtime 缺口。"",""blocker"":""""}",,
item_passive|2501|item_passive|专横,item_passive,2501,霸王血铠,item_passive,专横,needs_manual_baseline,migrated,source_only_dynamic_bonus_hp_ad_modifier,wasm-generic-wiki-ready-items|wasm-generic-wiki-ready-items,wasm/tinygo_engine_v2/internal/runtime/generic_wiki_ready_items_test.go|db/game_manage/seeds/lol_generic_wiki_ready_items_seed.sql,wasm|backend,,,,,
item_passive|2501|item_passive|报复,item_passive,2501,霸王血铠,item_passive,报复,needs_manual_baseline,migrated,source_only_missing_health_ratio_dynamic_ad_multiply,wasm-generic-wiki-ready-items|wasm-generic-wiki-ready-items,wasm/tinygo_engine_v2/internal/runtime/generic_wiki_ready_items_test.go|db/game_manage/seeds/lol_generic_wiki_ready_items_seed.sql,wasm|backend,,,,,
item_passive|2510|item_passive|咒刃,item_passive,2510,黄昏与黎明,item_passive,咒刃,needs_runtime_extension,partial,spellblade_next_attack_state,wasm-generic-dusk-and-dawn-spellblade|wasm-generic-dusk-and-dawn-spellblade,wasm/tinygo_engine_v2/internal/runtime/generic_dusk_and_dawn_spellblade_test.go|db/game_manage/seeds/lol_generic_dusk_and_dawn_spellblade_seed.sql,wasm|backend,缺治疗公式 0.10 AP + 0.03 bonus HP；缺 0.2s 延迟的第二次 on-hit 应用（需 generalized delayed-repeat 语义）。,,,,
item_passive|2512|item_passive|守夜,item_passive,2512,猎魔人弩箭,item_passive,守夜,out_of_scope_for_single_target_dps,out_of_scope,cooldown_or_haste_without_rotation,,,,,,,cooldown_haste_without_damage,"{""sourceRef"":""数据参考/lol-wiki-current-champions/identity-manifest.json"",""sourceTextSummary"":""获得30终极技能急速。"",""reviewedPrimaryTargetDamageBranch"":true,""boundaryCategory"":""cooldown_or_ability_haste_only"",""excludedBehavior"":""cooldown_haste_without_damage"",""boundaryReason"":""守夜：纯冷却缩减/技能急速，无主目标伤害增量；审计边界外。"",""damageRelevantSubBranchDisposition"":""no_primary_target_damage_branch""}"
item_passive|2512|item_passive|开战弹幕,item_passive,2512,猎魔人弩箭,item_passive,开战弹幕,needs_runtime_extension,migrated,ultimate_cast_armed_attacks|conditional_crit_damage|pre_mitigation_true_damage,wasm-generic-min-validation-coverage-audit|wasm-generic-min-validation-coverage-audit,wasm/tinygo_engine_v2/internal/runtime/generic_fiendhunter_bolts_2512_test.go|db/game_manage/seeds/lol_generic_fiendhunter_bolts_2512_seed.sql,wasm|backend,,,,,
item_passive|2517|item_passive|饥馑,item_passive,2517,无穷饥渴,item_passive,饥馑,out_of_scope_for_single_target_dps,out_of_scope,cooldown_or_haste_without_rotation,,,,,,,cooldown_haste_without_damage,"{""sourceRef"":""数据参考/lol-wiki-current-champions/identity-manifest.json"",""sourceTextSummary"":""获得0技能急速。"",""reviewedPrimaryTargetDamageBranch"":true,""boundaryCategory"":""cooldown_or_ability_haste_only"",""excludedBehavior"":""cooldown_haste_without_damage"",""boundaryReason"":""饥馑：纯冷却缩减/技能急速，无主目标伤害增量；审计边界外。"",""damageRelevantSubBranchDisposition"":""no_primary_target_damage_branch""}"
item_passive|2517|item_passive|盛宴,item_passive,2517,无穷饥渴,item_passive,盛宴,out_of_scope_for_single_target_dps,out_of_scope,survivability_only|takedown_omnivamp,,,,,,,post_kill_omnivamp,"{""sourceRef"":""数据参考/lol-wiki-current-champions/identity-manifest.json"",""sourceTextSummary"":""如果一名在过去3秒内曾被你造成过伤害的英雄阵亡，则获得持续8秒的15%全能吸血。"",""reviewedPrimaryTargetDamageBranch"":true,""boundaryCategory"":""economy_or_post_takedown"",""excludedBehavior"":""post_kill_omnivamp"",""boundaryReason"":""盛宴：击杀/经济收益发生在当前唯一主目标死亡之后，encounter 已结束；审计边界外。"",""damageRelevantSubBranchDisposition"":""post_kill_next_encounter_only""}"
item_passive|2520|item_passive|成型炸药,item_passive,2520,破垒者,item_passive,成型炸药,out_of_scope_for_single_target_dps,migrated,next_ability_damage_true_arm_consume|armor_pen_flat_scaled_true|timed_ready_refresh_on_write,wasm-generic-shaped-charge-2520|wasm-generic-shaped-charge-2520,wasm/tinygo_engine_v2/internal/runtime/generic_shaped_charge_2520_test.go|db/game_manage/seeds/lol_generic_shaped_charge_2520_seed.sql,wasm|backend,,,,,
item_passive|2520|item_passive|破坏,item_passive,2520,破垒者,item_passive,破坏,out_of_scope_for_single_target_dps,out_of_scope,meta_or_non_target_dps|turret_epic_monster,,,,,,,building_or_epic_monster_damage,"{""sourceRef"":""数据参考/lol-wiki-current-champions/identity-manifest.json"",""sourceTextSummary"":""参与击杀一个在3秒内被你造成过伤害的英雄后，提供持续90秒的【蓄意破坏】。在你拥有【蓄意破坏】时，你对史诗级野怪或防御塔的下一次攻击会在3秒里持续造成额外0真实伤害。"",""reviewedPrimaryTargetDamageBranch"":true,""boundaryCategory"":""building_or_nonchampion_only"",""excludedBehavior"":""building_or_epic_monster_damage"",""boundaryReason"":""破坏：仅作用于防御塔/史诗野怪/非英雄单位，非英雄主目标 DPS；审计边界外。"",""damageRelevantSubBranchDisposition"":""other_target_or_building_only""}"
item_passive|2523|item_passive|高倍望远镜,item_passive,2523,海克斯镜片 C44,item_passive,高倍望远镜,already_covered,migrated,outgoing_pre_mitigation_basic_damage_amp|fixed_maximum_multiplier,wasm-generic-pipeline-damage-modifier|wasm-generic-pipeline-damage-modifier,wasm/tinygo_engine_v2/internal/runtime/generic_pipeline_damage_modifier_test.go|db/game_manage/seeds/lol_generic_pipeline_damage_items_seed.sql,wasm|backend,,,,,
item_passive|2523|item_passive|奥术瞄准,item_passive,2523,海克斯镜片 C44,item_passive,奥术瞄准,out_of_scope_for_single_target_dps,out_of_scope,takedown_attack_range_only,,,,,,,post_kill_or_takedown_utility,"{""sourceRef"":""数据参考/lol-wiki-current-champions/identity-manifest.json"",""sourceTextSummary"":""当一个你在3秒内造成过伤害的英雄阵亡时，你获得持续8秒的100额外攻击距离。"",""reviewedPrimaryTargetDamageBranch"":true,""boundaryCategory"":""economy_or_post_takedown"",""excludedBehavior"":""post_kill_or_takedown_utility"",""boundaryReason"":""奥术瞄准：击杀/经济收益发生在当前唯一主目标死亡之后，encounter 已结束；审计边界外。"",""damageRelevantSubBranchDisposition"":""post_kill_next_encounter_only""}"
item_passive|3004|item_passive|敬畏,item_passive,3004,魔宗,item_passive,敬畏,needs_manual_baseline,migrated,source_only_dynamic_mana_max_ad_modifier,wasm-generic-manamune-awe|wasm-generic-manamune-awe,wasm/tinygo_engine_v2/internal/runtime/generic_manamune_awe_test.go|db/game_manage/seeds/lol_generic_manamune_awe_seed.sql,wasm|backend,,,,,
item_passive|3004|item_passive|法力流,item_passive,3004,魔宗,item_passive,法力流,needs_manual_baseline,blocked,periodic_charge_tick|attack_or_ability_hit_resource_gain|state_driven_max_mana_and_transform,,,,缺 periodic_charge_tick（无数据驱动 provider 周期充能调度）、attack_or_ability_hit_resource_gain（本数据路径无通用技能命中源事件）、state_driven_max_mana_and_transform（无状态驱动最大法力累积与条件实体/provider 转变）。,,,,
item_passive|3026|item_passive|重生,item_passive,3026,守护天使,item_passive,重生,out_of_scope_for_single_target_dps,out_of_scope,meta_or_non_target_dps|resurrection,,,,,,,revive_or_death_save,"{""sourceRef"":""数据参考/lol-wiki-current-champions/identity-manifest.json"",""sourceTextSummary"":""你的英雄在受到致命伤害时，会在凝滞4秒后原地复活，恢复50%基础生命值和100%最大法力值。"",""reviewedPrimaryTargetDamageBranch"":true,""boundaryCategory"":""pure_heal_shield_survival"",""excludedBehavior"":""revive_or_death_save"",""boundaryReason"":""重生：纯治疗/护盾/生存/免死，不增加对主目标输出；审计边界外。"",""damageRelevantSubBranchDisposition"":""no_primary_target_damage_branch""}"
item_passive|3031|item_passive|无被动或仅主动/属性,item_passive,3031,无尽之刃,item_passive,无被动或仅主动/属性,out_of_scope_for_single_target_dps,out_of_scope,stat_only_or_active_only|cross_capability_crit_modifier,wasm-generic-crit-modifier-infinity-edge,db/game_manage/seeds/lol_generic_crit_modifier_seed.sql,backend,,,,static_stats_or_active_only,"{""sourceRef"":""数据参考/lol-wiki-current-champions/identity-manifest.json"",""sourceTextSummary"":""75攻击力 25%暴击几率 30%暴击伤害"",""reviewedPrimaryTargetDamageBranch"":true,""boundaryCategory"":""stat_or_active_only"",""excludedBehavior"":""static_stats_or_active_only"",""boundaryReason"":""无被动或仅主动/属性：静态属性或仅主动效果，不构成被动主目标伤害分支；审计边界外。"",""damageRelevantSubBranchDisposition"":""trigger_phrase_no_damage_amp""}"
item_passive|3032|item_passive|熟能生巧,item_passive,3032,育恩塔尔荒野箭,item_passive,熟能生巧,needs_manual_baseline,migrated,permanent_stacking_dynamic_crit_modifier,wasm-generic-yun-tal-practice-makes-lethal|wasm-generic-yun-tal-practice-makes-lethal,wasm/tinygo_engine_v2/internal/runtime/generic_yun_tal_practice_makes_lethal_test.go|db/game_manage/seeds/lol_generic_yun_tal_practice_makes_lethal_seed.sql,wasm|backend,,,,,
item_passive|3032|item_passive|疾风骤雨,item_passive,3032,育恩塔尔荒野箭,item_passive,疾风骤雨,out_of_scope_for_single_target_dps,migrated,timed_attack_speed_modifier|attack_crit_cooldown_interaction,wasm-generic-min-validation-coverage-audit|wasm-generic-min-validation-coverage-audit,wasm/tinygo_engine_v2/internal/runtime/generic_yun_tal_flurry_3032_test.go|db/game_manage/seeds/lol_generic_yun_tal_flurry_3032_seed.sql,wasm|backend,,,,,
item_passive|3033|item_passive|重伤,item_passive,3033,凡性的提醒,item_passive,重伤,needs_manual_baseline,out_of_scope,grievous_wounds_only,,,,,,,grievous_wounds_only,"{""sourceRef"":""数据参考/lol-wiki-current-champions/identity-manifest.json"",""sourceTextSummary"":""对敌方英雄造成物理伤害时会施加40%重伤效果，持续3秒。"",""reviewedPrimaryTargetDamageBranch"":true,""boundaryCategory"":""pure_control_or_debuff"",""excludedBehavior"":""grievous_wounds_only"",""boundaryReason"":""重伤：纯控制/减速/重伤，无主目标伤害增量；审计边界外。"",""damageRelevantSubBranchDisposition"":""trigger_phrase_no_damage_amp""}"
item_passive|3036|item_passive|巨人杀手,item_passive,3036,多米尼克领主的致意,item_passive,巨人杀手,needs_runtime_extension,migrated,outgoing_damage_modifier|bonus_health_ratio,wasm-generic-pipeline-damage-modifier|wasm-generic-pipeline-damage-modifier,wasm/tinygo_engine_v2/internal/runtime/generic_pipeline_damage_modifier_test.go|db/game_manage/seeds/lol_generic_pipeline_damage_items_seed.sql,wasm|backend,,,,,
item_passive|3046|item_passive|幽影华尔兹,item_passive,3046,幻影之舞,item_passive,幽影华尔兹,out_of_scope_for_single_target_dps,out_of_scope,meta_or_non_target_dps,,,,,,,movement_speed_or_dash,"{""sourceRef"":""数据参考/lol-wiki-current-champions/identity-manifest.json"",""sourceTextSummary"":""变为幽灵状态。"",""reviewedPrimaryTargetDamageBranch"":true,""boundaryCategory"":""pure_movement_or_dash"",""excludedBehavior"":""movement_speed_or_dash"",""boundaryReason"":""幽影华尔兹：纯移速/冲刺/位移，无主目标伤害增量；审计边界外。"",""damageRelevantSubBranchDisposition"":""no_primary_target_damage_branch""}"
item_passive|3071|item_passive|切割,item_passive,3071,黑色切割者,item_passive,切割,needs_runtime_extension,partial,stacking_stat_modifier_on_hit|linked_effects|armor_shred,wasm-generic-linked-effects-black-cleaver|wasm-generic-linked-effects-black-cleaver,wasm/tinygo_engine_v2/internal/runtime/generic_linked_effects_test.go|db/game_manage/seeds/lol_generic_linked_effects_seed.sql,wasm|backend,缺 6s 持续、刷新与掉层完整语义；当前仅覆盖 on_damage_dealt 叠层削甲主路径。,,,,
item_passive|3071|item_passive|热烈,item_passive,3071,黑色切割者,item_passive,热烈,needs_manual_baseline,out_of_scope,movement_only,,,,,,,movement_speed_or_dash,"{""sourceRef"":""数据参考/lol-wiki-current-champions/identity-manifest.json"",""sourceTextSummary"":""造成物理伤害时会提供持续2秒的20移动速度。"",""reviewedPrimaryTargetDamageBranch"":true,""boundaryCategory"":""pure_movement_or_dash"",""excludedBehavior"":""movement_speed_or_dash"",""boundaryReason"":""热烈：纯移速/冲刺/位移，无主目标伤害增量；审计边界外。"",""damageRelevantSubBranchDisposition"":""trigger_phrase_no_damage_amp""}"
item_passive|3072|item_passive|灵液护盾,item_passive,3072,饮血剑,item_passive,灵液护盾,out_of_scope_for_single_target_dps,out_of_scope,survivability_only,,,,,,,self_shield_or_survivability,"{""sourceRef"":""数据参考/lol-wiki-current-champions/identity-manifest.json"",""sourceTextSummary"":""将来自你的生命偷取的溢出治疗效果转化为护盾值。"",""reviewedPrimaryTargetDamageBranch"":true,""boundaryCategory"":""pure_heal_shield_survival"",""excludedBehavior"":""self_shield_or_survivability"",""boundaryReason"":""灵液护盾：纯治疗/护盾/生存/免死，不增加对主目标输出；审计边界外。"",""damageRelevantSubBranchDisposition"":""no_primary_target_damage_branch""}"
item_passive|3073|item_passive|海克斯充能,item_passive,3073,海克斯注力刚壁,item_passive,海克斯充能,out_of_scope_for_single_target_dps,out_of_scope,cooldown_or_haste_without_rotation,,,,,,,cooldown_haste_without_damage,"{""sourceRef"":""数据参考/lol-wiki-current-champions/identity-manifest.json"",""sourceTextSummary"":""获得30终极技能急速。"",""reviewedPrimaryTargetDamageBranch"":true,""boundaryCategory"":""cooldown_or_ability_haste_only"",""excludedBehavior"":""cooldown_haste_without_damage"",""boundaryReason"":""海克斯充能：纯冷却缩减/技能急速，无主目标伤害增量；审计边界外。"",""damageRelevantSubBranchDisposition"":""no_primary_target_damage_branch""}"
item_passive|3073|item_passive|过载,item_passive,3073,海克斯注力刚壁,item_passive,过载,needs_manual_baseline,migrated,ultimate_cast_timed_attack_speed|attack_speed_percent_add,wasm-generic-min-validation-coverage-audit|wasm-generic-min-validation-coverage-audit,wasm/tinygo_engine_v2/internal/runtime/generic_experimental_hexplate_3073_test.go|db/game_manage/seeds/lol_generic_experimental_hexplate_3073_seed.sql,wasm|backend,,,,,
item_passive|3074|item_passive|顺劈,item_passive,3074,贪欲九头蛇,item_passive,顺劈,out_of_scope_for_single_target_dps,out_of_scope,multi_target_or_area,,,,,,,other_target_or_aoe_damage,"{""sourceRef"":""数据参考/lol-wiki-current-champions/identity-manifest.json"",""sourceTextSummary"":""攻击会对附近的敌人们造成物理伤害。"",""reviewedPrimaryTargetDamageBranch"":true,""boundaryCategory"":""other_targets_only"",""excludedBehavior"":""other_target_or_aoe_damage"",""boundaryReason"":""顺劈：该 component 伤害仅作用于额外目标，主目标不受该 component 伤害；审计边界外。"",""damageRelevantSubBranchDisposition"":""other_target_or_building_only""}"
item_passive|3078|item_passive|咒刃,item_passive,3078,三相之力,item_passive,咒刃,needs_runtime_extension,migrated,spellblade_next_attack_state,wasm-generic-spellblade|wasm-generic-spellblade,wasm/tinygo_engine_v2/internal/runtime/generic_spellblade_test.go|db/game_manage/seeds/lol_generic_spellblade_seed.sql,wasm|backend,,,,,
item_passive|3078|item_passive|加快,item_passive,3078,三相之力,item_passive,加快,needs_manual_baseline,out_of_scope,movement_only,,,,,,,movement_speed_or_dash,"{""sourceRef"":""数据参考/lol-wiki-current-champions/identity-manifest.json"",""sourceTextSummary"":""攻击一个单位时会提供持续2秒的20移动速度。"",""reviewedPrimaryTargetDamageBranch"":true,""boundaryCategory"":""pure_movement_or_dash"",""excludedBehavior"":""movement_speed_or_dash"",""boundaryReason"":""加快：纯移速/冲刺/位移，无主目标伤害增量；审计边界外。"",""damageRelevantSubBranchDisposition"":""trigger_phrase_no_damage_amp""}"
item_passive|3085|item_passive|风怒,item_passive,3085,卢安娜的飓风,item_passive,风怒,out_of_scope_for_single_target_dps,out_of_scope,multi_target_or_area,,,,,,,other_target_or_aoe_damage,"{""sourceRef"":""数据参考/lol-wiki-current-champions/identity-manifest.json"",""sourceTextSummary"":""攻击对目标附近的2个额外敌人发射弩箭。 每根弩箭造成物理伤害并施加攻击特效。"",""reviewedPrimaryTargetDamageBranch"":true,""boundaryCategory"":""other_targets_only"",""excludedBehavior"":""other_target_or_aoe_damage"",""boundaryReason"":""风怒：该 component 伤害仅作用于额外目标，主目标不受该 component 伤害；审计边界外。"",""damageRelevantSubBranchDisposition"":""other_target_or_building_only""}"
item_passive|3087|item_passive|电火花,item_passive,3087,斯塔缇克电刃,item_passive,电火花,out_of_scope_for_single_target_dps,out_of_scope,multi_target_or_area|energized_bounce,,,,,,,other_target_or_aoe_damage,"{""sourceRef"":""数据参考/lol-wiki-current-champions/identity-manifest.json"",""sourceTextSummary"":""你的盈能攻击会发射连锁闪电，造成附带攻击特效，并且对附近的目标们造成魔法伤害。"",""reviewedPrimaryTargetDamageBranch"":true,""boundaryCategory"":""other_targets_only"",""excludedBehavior"":""other_target_or_aoe_damage"",""boundaryReason"":""电火花：该 component 伤害仅作用于额外目标，主目标不受该 component 伤害；审计边界外。"",""damageRelevantSubBranchDisposition"":""other_target_or_building_only""}"
item_passive|3087|item_passive|电疗,item_passive,3087,斯塔缇克电刃,item_passive,电疗,needs_runtime_extension,migrated,energized_charge_and_consume,wasm-generic-statikk-shiv-energized|wasm-generic-statikk-shiv-energized,wasm/tinygo_engine_v2/internal/runtime/generic_statikk_shiv_energized_test.go|db/game_manage/seeds/lol_generic_statikk_shiv_energized_seed.sql,wasm|backend,,,,,
item_passive|3091|item_passive|喧争,item_passive,3091,智慧末刃,item_passive,喧争,needs_manual_baseline,migrated,on_hit|flat_magic_damage,wasm-generic-wits-end-fray|wasm-generic-wits-end-fray,wasm/tinygo_engine_v2/internal/runtime/generic_wits_end_fray_test.go|db/game_manage/seeds/lol_generic_wits_end_fray_seed.sql,wasm|backend,,,,,
item_passive|3094|item_passive|神射手,item_passive,3094,疾射火炮,item_passive,神射手,needs_runtime_extension,migrated,energized_charge_and_consume,wasm-generic-energized|wasm-generic-energized,wasm/tinygo_engine_v2/internal/runtime/generic_energized_test.go|db/game_manage/seeds/lol_generic_energized_seed.sql,wasm|backend,,,,,
item_passive|3097|item_passive|盈能,item_passive,3097,岚切,item_passive,盈能,needs_runtime_extension,blocked,energized_charge_and_consume,,,,3097 盈能：本地 Wiki 仅写移动与普攻生成充能至 100，缺精确移动/普攻充能速率（非 Bolt 预充能伤害口径）,move_charge_rate|attack_charge_rate,"{""sourceVersion"":""lol-wiki-item-rev-4030984"",""sourceRef"":""数据参考/lol-wiki-current-items/manifest.json@revid4030984;数据参考/lol-wiki-current-items/current-items.normalized.json#item_3097/effects.pass"",""availableEffectTables"":{},""availableCooldowns"":[],""availableCosts"":{},""tooltipPlaceholders"":[],""unresolvedDamagePlaceholders"":[],""varsMapEmpty"":true,""variablesEmpty"":true,""variables"":[],""missingFields"":[""move_charge_rate"",""attack_charge_rate""],""gapKind"":""status_charge_rate"",""reasonZh"":""3097 盈能：本地 Wiki 仅写移动与普攻生成充能至 100，缺精确移动/普攻充能速率（非 Bolt 预充能伤害口径）"",""blocker"":""missing_precise_energize_move_and_attack_charge_rates_in_local_wiki""}",,
item_passive|3097|item_passive|弩箭,item_passive,3097,岚切,item_passive,弩箭,needs_runtime_extension,migrated,energized_precharged_bolt_consume,wasm-generic-wiki-ready-items|wasm-generic-wiki-ready-items,wasm/tinygo_engine_v2/internal/runtime/generic_wiki_ready_items_test.go|db/game_manage/seeds/lol_generic_wiki_ready_items_seed.sql,wasm|backend,,,,,
item_passive|3100|item_passive|咒刃,item_passive,3100,巫妖之祸,item_passive,咒刃,needs_runtime_extension,migrated,spellblade_next_attack_state,wasm-generic-lich-bane-spellblade|wasm-generic-lich-bane-spellblade,wasm/tinygo_engine_v2/internal/runtime/generic_spellblade_test.go|db/game_manage/seeds/lol_generic_lich_bane_spellblade_seed.sql,wasm|backend,,,,,
item_passive|3115|item_passive|艾卡西亚之咬,item_passive,3115,纳什之牙,item_passive,艾卡西亚之咬,needs_manual_baseline,migrated,on_hit|ap_ratio|formula_on_hit,wasm-generic-completed-onhit-mechanisms|wasm-generic-formula-onhit-batch,wasm/tinygo_engine_v2/internal/runtime/generic_completed_onhit_mechanisms_test.go|db/game_manage/seeds/lol_formula_on_hit_mechanisms_seed.sql,wasm|backend,,,,,
item_passive|3124|item_passive|怨怒,item_passive,3124,鬼索的狂暴之刃,item_passive,怨怒,already_covered,migrated,on_hit|flat_magic_damage,wasm-generic-completed-onhit-mechanisms|wasm-generic-adc-item-passives-base,wasm/tinygo_engine_v2/internal/runtime/generic_completed_onhit_mechanisms_test.go|db/game_manage/seeds/lol_adc_item_on_hit_passives_seed.sql,wasm|backend,,,,,
item_passive|3124|item_passive|沸腾打击,item_passive,3124,鬼索的狂暴之刃,item_passive,沸腾打击,needs_runtime_extension,migrated,stacking_stat_modifier_on_hit|phantom_hit_on_hit_repeat,wasm-generic-guinsoo-hk|wasm-generic-guinsoo-hk|wasm-generic-guinsoo-hk,wasm/tinygo_engine_v2/internal/runtime/generic_guinsoo_h_test.go|wasm/tinygo_engine_v2/internal/runtime/generic_guinsoo_k_test.go|db/game_manage/seeds/lol_guinsoo_hk_seed.sql,wasm|wasm|backend,,,,,
item_passive|3139|item_passive|无被动或仅主动/属性,item_passive,3139,水银弯刀,item_passive,无被动或仅主动/属性,out_of_scope_for_single_target_dps,out_of_scope,stat_only_or_active_only,,,,,,,movement_speed_or_dash,"{""sourceRef"":""数据参考/lol-wiki-current-champions/identity-manifest.json"",""sourceTextSummary"":""50攻击力 35魔法抗性 10%生命偷取 主动 水银 移除所有控制类减益效果(浮空除外)，并提供移动速度。"",""reviewedPrimaryTargetDamageBranch"":true,""boundaryCategory"":""pure_movement_or_dash"",""excludedBehavior"":""movement_speed_or_dash"",""boundaryReason"":""无被动或仅主动/属性：纯移速/冲刺/位移，无主目标伤害增量；审计边界外。"",""damageRelevantSubBranchDisposition"":""no_primary_target_damage_branch""}"
item_passive|3142|item_passive|鬼影萦绕,item_passive,3142,幽梦之灵,item_passive,鬼影萦绕,out_of_scope_for_single_target_dps,out_of_scope,meta_or_non_target_dps,,,,,,,movement_speed_or_dash,"{""sourceRef"":""数据参考/lol-wiki-current-champions/identity-manifest.json"",""sourceTextSummary"":""非战斗状态期间获得0移动速度。"",""reviewedPrimaryTargetDamageBranch"":true,""boundaryCategory"":""pure_movement_or_dash"",""excludedBehavior"":""movement_speed_or_dash"",""boundaryReason"":""鬼影萦绕：纯移速/冲刺/位移，无主目标伤害增量；审计边界外。"",""damageRelevantSubBranchDisposition"":""no_primary_target_damage_branch""}"
item_passive|3146|item_passive|无被动或仅主动/属性,item_passive,3146,海克斯科技枪刃,item_passive,无被动或仅主动/属性,out_of_scope_for_single_target_dps,out_of_scope,stat_only_or_active_only,,,,,,,static_stats_or_active_only,"{""sourceRef"":""数据参考/lol-wiki-current-champions/identity-manifest.json"",""sourceTextSummary"":""80法术强度 40攻击力 10%全能吸血 主动 (0秒) 闪电弹 震击目标敌方英雄，造成0魔法伤害和持续1.5秒的25%减速。"",""reviewedPrimaryTargetDamageBranch"":true,""boundaryCategory"":""stat_or_active_only"",""excludedBehavior"":""static_stats_or_active_only"",""boundaryReason"":""无被动或仅主动/属性：静态属性或仅主动效果，不构成被动主目标伤害分支；审计边界外。"",""damageRelevantSubBranchDisposition"":""trigger_phrase_no_damage_amp""}"
item_passive|3153|item_passive|雾之锋,item_passive,3153,破败王者之刃,item_passive,雾之锋,already_covered,migrated,on_hit|target_current_hp_ratio,wasm-generic-completed-onhit-mechanisms|wasm-generic-adc-item-passives-base,wasm/tinygo_engine_v2/internal/runtime/generic_completed_onhit_mechanisms_test.go|db/game_manage/seeds/lol_adc_item_on_hit_passives_seed.sql,wasm|backend,,,,,
item_passive|3153|item_passive|抓挠之影,item_passive,3153,破败王者之刃,item_passive,抓挠之影,out_of_scope_for_single_target_dps,out_of_scope,slow|control_only,,,,,,,crowd_control_or_slow,"{""sourceRef"":""数据参考/lol-wiki-current-champions/identity-manifest.json"",""sourceTextSummary"":""攻击一位英雄3次会对其造成持续1秒的30%减速。"",""reviewedPrimaryTargetDamageBranch"":true,""boundaryCategory"":""pure_control_or_debuff"",""excludedBehavior"":""crowd_control_or_slow"",""boundaryReason"":""抓挠之影：纯控制/减速/重伤，无主目标伤害增量；审计边界外。"",""damageRelevantSubBranchDisposition"":""trigger_phrase_no_damage_amp""}"
item_passive|3156|item_passive|救主灵刃,item_passive,3156,玛莫提乌斯之噬,item_passive,救主灵刃,out_of_scope_for_single_target_dps,out_of_scope,survivability_only,,,,,,,self_shield_or_survivability,"{""sourceRef"":""数据参考/lol-wiki-current-champions/identity-manifest.json"",""sourceTextSummary"":""在受到将使你的生命值跌到30%以下的魔法伤害时，提供持续3秒的魔法伤害护盾和持续到战斗状态结束的10%全能吸血。"",""reviewedPrimaryTargetDamageBranch"":true,""boundaryCategory"":""pure_heal_shield_survival"",""excludedBehavior"":""self_shield_or_survivability"",""boundaryReason"":""救主灵刃：纯治疗/护盾/生存/免死，不增加对主目标输出；审计边界外。"",""damageRelevantSubBranchDisposition"":""trigger_phrase_no_damage_amp""}"
item_passive|3161|item_passive|龙之力量,item_passive,3161,朔极之矛,item_passive,龙之力量,out_of_scope_for_single_target_dps,out_of_scope,cooldown_or_haste_without_rotation,,,,,,,cooldown_haste_without_damage,"{""sourceRef"":""数据参考/lol-wiki-current-champions/identity-manifest.json"",""sourceTextSummary"":""获得25基础技能急速。"",""reviewedPrimaryTargetDamageBranch"":true,""boundaryCategory"":""cooldown_or_ability_haste_only"",""excludedBehavior"":""cooldown_haste_without_damage"",""boundaryReason"":""龙之力量：纯冷却缩减/技能急速，无主目标伤害增量；审计边界外。"",""damageRelevantSubBranchDisposition"":""no_primary_target_damage_branch""}"
item_passive|3161|item_passive|专注意志,item_passive,3161,朔极之矛,item_passive,专注意志,already_covered,migrated,ability_pet_stack_grant|per_cast_throttle|stacking_outgoing_amp|cast_origin_provenance,wasm-generic-focused-will-3161|wasm-generic-focused-will-3161,wasm/tinygo_engine_v2/internal/runtime/generic_focused_will_3161_test.go|db/game_manage/seeds/lol_generic_focused_will_3161_seed.sql,wasm|backend,,,,,
item_passive|3179|item_passive|夜行者,item_passive,3179,黯影阔剑,item_passive,夜行者,already_covered,migrated,spellblade_next_attack_state|start_ready_true_on_hit|armor_pen_flat_scaled_true,wasm-generic-nightstalker-3179|wasm-generic-nightstalker-3179,wasm/tinygo_engine_v2/internal/runtime/generic_nightstalker_3179_test.go|db/game_manage/seeds/lol_generic_nightstalker_3179_seed.sql,wasm|backend,,,,,
item_passive|3179|item_passive|封锁,item_passive,3179,黯影阔剑,item_passive,封锁,out_of_scope_for_single_target_dps,out_of_scope,meta_or_non_target_dps|ward_vision,,,,,,,ward_vision_or_trap_reveal,"{""sourceRef"":""数据参考/lol-wiki-current-champions/identity-manifest.json"",""sourceTextSummary"":""在你处在敌方侦察守卫和陷阱附近时，将其短暂显形。在显形守卫状态下，你的攻击对其造成额外伤害。"",""reviewedPrimaryTargetDamageBranch"":true,""boundaryCategory"":""pure_vision"",""excludedBehavior"":""ward_vision_or_trap_reveal"",""boundaryReason"":""封锁：纯视野/显形/守卫侦察，不含伤害；审计边界外。"",""damageRelevantSubBranchDisposition"":""trigger_phrase_no_damage_amp""}"
item_passive|3181|item_passive|船长,item_passive,3181,破舰者,item_passive,船长,out_of_scope_for_single_target_dps,migrated,every_n_hit|on_hit|formula_on_hit,wasm-generic-completed-onhit-mechanisms|wasm-generic-formula-onhit-batch,wasm/tinygo_engine_v2/internal/runtime/generic_completed_onhit_mechanisms_test.go|db/game_manage/seeds/lol_formula_on_hit_mechanisms_seed.sql,wasm|backend,,,,,
item_passive|3181|item_passive|登舰小组,item_passive,3181,破舰者,item_passive,登舰小组,out_of_scope_for_single_target_dps,out_of_scope,meta_or_non_target_dps,,,,,,,building_or_epic_monster_damage,"{""sourceRef"":""数据参考/lol-wiki-current-champions/identity-manifest.json"",""sourceTextSummary"":""附近的友军攻城兵和超级士兵获得护甲和魔法抗性。"",""reviewedPrimaryTargetDamageBranch"":true,""boundaryCategory"":""building_or_nonchampion_only"",""excludedBehavior"":""building_or_epic_monster_damage"",""boundaryReason"":""登舰小组：仅作用于防御塔/史诗野怪/非英雄单位，非英雄主目标 DPS；审计边界外。"",""damageRelevantSubBranchDisposition"":""other_target_or_building_only""}"
item_passive|3302|item_passive|晦影,item_passive,3302,界弓,item_passive,晦影,ready_to_encode,migrated,on_hit|flat_magic_damage|formula_on_hit,wasm-generic-completed-onhit-mechanisms|wasm-generic-formula-onhit-batch,wasm/tinygo_engine_v2/internal/runtime/generic_completed_onhit_mechanisms_test.go|db/game_manage/seeds/lol_formula_on_hit_mechanisms_seed.sql,wasm|backend,,,,,
item_passive|3302|item_passive|交相,item_passive,3302,界弓,item_passive,交相,needs_manual_baseline,migrated,alternating_polarity_stacks|source_resist_flat_bonus|source_percent_penetration|on_hit,wasm-generic-terminus-juxtaposition|wasm-generic-terminus-juxtaposition,wasm/tinygo_engine_v2/internal/runtime/generic_terminus_juxtaposition_test.go|db/game_manage/seeds/lol_generic_terminus_juxtaposition_seed.sql,wasm|backend,,,,,
item_passive|3508|item_passive|咒刃,item_passive,3508,夺萃之镰,item_passive,咒刃,needs_runtime_extension,migrated,spellblade_next_attack_state,wasm-generic-essence-reaver-spellblade|wasm-generic-essence-reaver-spellblade,wasm/tinygo_engine_v2/internal/runtime/generic_essence_reaver_spellblade_test.go|db/game_manage/seeds/lol_generic_essence_reaver_spellblade_seed.sql,wasm|backend,,,,,
item_passive|3748|item_passive|顺劈|数据参考/item.json#data.3748|71fa0f0c,item_passive,3748,巨型九头蛇,item_passive,顺劈,out_of_scope_for_single_target_dps,partial,on_hit|formula_on_hit|multi_target_or_area,wasm-generic-completed-onhit-mechanisms|wasm-generic-formula-onhit-batch,wasm/tinygo_engine_v2/internal/runtime/generic_completed_onhit_mechanisms_test.go|db/game_manage/seeds/lol_formula_on_hit_mechanisms_seed.sql,wasm|backend,主目标公式已 seed；身后锥形/多目标 cleave 与主动刚斩仍未迁。,,,,
item_passive|3748|item_passive|顺劈|数据参考/item.json#data.3748|020f8b5a,item_passive,3748,巨型九头蛇,item_passive,顺劈,out_of_scope_for_single_target_dps,partial,on_hit|formula_on_hit|multi_target_or_area,wasm-generic-completed-onhit-mechanisms|wasm-generic-formula-onhit-batch,wasm/tinygo_engine_v2/internal/runtime/generic_completed_onhit_mechanisms_test.go|db/game_manage/seeds/lol_formula_on_hit_mechanisms_seed.sql,wasm|backend,主目标公式已 seed；身后锥形/多目标 cleave 与主动刚斩仍未迁。,,,,
item_passive|3814|item_passive|废除,item_passive,3814,夜之锋刃,item_passive,废除,out_of_scope_for_single_target_dps,out_of_scope,meta_or_non_target_dps,,,,,,,self_shield_or_survivability,"{""sourceRef"":""数据参考/lol-wiki-current-champions/identity-manifest.json"",""sourceTextSummary"":""提供一层法术护盾来格挡下一个敌方技能。"",""reviewedPrimaryTargetDamageBranch"":true,""boundaryCategory"":""pure_heal_shield_survival"",""excludedBehavior"":""self_shield_or_survivability"",""boundaryReason"":""废除：纯治疗/护盾/生存/免死，不增加对主目标输出；审计边界外。"",""damageRelevantSubBranchDisposition"":""no_primary_target_damage_branch""}"
item_passive|6333|item_passive|无视痛苦|数据参考/item.json#data.6333|668e55b0,item_passive,6333,死亡之舞,item_passive,无视痛苦,needs_manual_baseline,out_of_scope,survivability_only|incoming_damage_store,,,,,,,incoming_damage_store,"{""sourceRef"":""数据参考/lol-wiki-current-champions/identity-manifest.json"",""sourceTextSummary"":""所受的一部分伤害会以流血形式在3秒里持续扣除。"",""reviewedPrimaryTargetDamageBranch"":true,""boundaryCategory"":""pure_heal_shield_survival"",""excludedBehavior"":""incoming_damage_store"",""boundaryReason"":""无视痛苦：纯治疗/护盾/生存/免死，不增加对主目标输出；审计边界外。"",""damageRelevantSubBranchDisposition"":""no_primary_target_damage_branch""}"
item_passive|6333|item_passive|蔑视,item_passive,6333,死亡之舞,item_passive,蔑视,needs_manual_baseline,out_of_scope,survivability_only|takedown_heal,,,,,,,post_kill_heal,"{""sourceRef"":""数据参考/lol-wiki-current-champions/identity-manifest.json"",""sourceTextSummary"":""如果一名在过去3秒内曾被你造成过伤害的英雄阵亡，会净化"",""reviewedPrimaryTargetDamageBranch"":true,""boundaryCategory"":""economy_or_post_takedown"",""excludedBehavior"":""post_kill_heal"",""boundaryReason"":""蔑视：击杀/经济收益发生在当前唯一主目标死亡之后，encounter 已结束；审计边界外。"",""damageRelevantSubBranchDisposition"":""post_kill_next_encounter_only""}"
item_passive|6333|item_passive|无视痛苦|数据参考/item.json#data.6333|52e96cc8,item_passive,6333,死亡之舞,item_passive,无视痛苦,out_of_scope_for_single_target_dps,out_of_scope,survivability_only|incoming_damage_store,,,,,,,incoming_damage_store,"{""sourceRef"":""数据参考/lol-wiki-current-champions/identity-manifest.json"",""sourceTextSummary"":""的剩余伤害，并在2秒里持续为你回复生命值。"",""reviewedPrimaryTargetDamageBranch"":true,""boundaryCategory"":""pure_heal_shield_survival"",""excludedBehavior"":""incoming_damage_store"",""boundaryReason"":""无视痛苦：纯治疗/护盾/生存/免死，不增加对主目标输出；审计边界外。"",""damageRelevantSubBranchDisposition"":""no_primary_target_damage_branch""}"
item_passive|6609|item_passive|劈削,item_passive,6609,炼金朋克链锯剑,item_passive,劈削,needs_manual_baseline,out_of_scope,grievous_wounds_only,,,,,,,grievous_wounds_only,"{""sourceRef"":""数据参考/lol-wiki-current-champions/identity-manifest.json"",""sourceTextSummary"":""对敌方英雄造成物理伤害时会施加40%重伤效果，持续3秒。"",""reviewedPrimaryTargetDamageBranch"":true,""boundaryCategory"":""pure_control_or_debuff"",""excludedBehavior"":""grievous_wounds_only"",""boundaryReason"":""劈削：纯控制/减速/重伤，无主目标伤害增量；审计边界外。"",""damageRelevantSubBranchDisposition"":""trigger_phrase_no_damage_amp""}"
item_passive|6610|item_passive|光盾打击,item_passive,6610,焚天,item_passive,光盾打击,out_of_scope_for_single_target_dps,migrated,conditional_guaranteed_crit|first_attack|absolute_crit_damage,wasm-generic-min-validation-coverage-audit|wasm-generic-min-validation-coverage-audit,wasm/tinygo_engine_v2/internal/runtime/generic_sundered_sky_6610_test.go|db/game_manage/seeds/lol_generic_sundered_sky_6610_seed.sql,wasm|backend,,,,,
item_passive|6631|item_passive|顺劈,item_passive,6631,挺进破坏者,item_passive,顺劈,out_of_scope_for_single_target_dps,out_of_scope,multi_target_or_area,,,,,,,other_target_or_aoe_damage,"{""sourceRef"":""数据参考/lol-wiki-current-champions/identity-manifest.json"",""sourceTextSummary"":""攻击会对附近的敌人们造成物理伤害。"",""reviewedPrimaryTargetDamageBranch"":true,""boundaryCategory"":""other_targets_only"",""excludedBehavior"":""other_target_or_aoe_damage"",""boundaryReason"":""顺劈：该 component 伤害仅作用于额外目标，主目标不受该 component 伤害；审计边界外。"",""damageRelevantSubBranchDisposition"":""other_target_or_building_only""}"
item_passive|6672|item_passive|放倒它,item_passive,6672,海妖杀手,item_passive,放倒它,already_covered,migrated,every_n_hit|target_missing_hp_amp,wasm-generic-completed-onhit-mechanisms|wasm-generic-adc-item-passives-base,wasm/tinygo_engine_v2/internal/runtime/generic_completed_onhit_mechanisms_test.go|db/game_manage/seeds/lol_adc_item_on_hit_passives_seed.sql,wasm|backend,,,,,
item_passive|6673|item_passive|救主灵刃,item_passive,6673,不朽盾弓,item_passive,救主灵刃,out_of_scope_for_single_target_dps,out_of_scope,survivability_only,,,,,,,self_shield_or_survivability,"{""sourceRef"":""数据参考/lol-wiki-current-champions/identity-manifest.json"",""sourceTextSummary"":""在受到将使你的生命值跌到30%以下的伤害时，提供持续3秒的护盾值。"",""reviewedPrimaryTargetDamageBranch"":true,""boundaryCategory"":""pure_heal_shield_survival"",""excludedBehavior"":""self_shield_or_survivability"",""boundaryReason"":""救主灵刃：纯治疗/护盾/生存/免死，不增加对主目标输出；审计边界外。"",""damageRelevantSubBranchDisposition"":""no_primary_target_damage_branch""}"
item_passive|6675|item_passive|超凡入圣,item_passive,6675,纳沃利烁刃,item_passive,超凡入圣,out_of_scope_for_single_target_dps,out_of_scope,cooldown_or_haste_without_rotation,,,,,,,cooldown_haste_without_damage,"{""sourceRef"":""数据参考/lol-wiki-current-champions/identity-manifest.json"",""sourceTextSummary"":""攻击会使各基础技能的冷却时间缩短15%剩余冷却时间。"",""reviewedPrimaryTargetDamageBranch"":true,""boundaryCategory"":""cooldown_or_ability_haste_only"",""excludedBehavior"":""cooldown_haste_without_damage"",""boundaryReason"":""超凡入圣：纯冷却缩减/技能急速，无主目标伤害增量；审计边界外。"",""damageRelevantSubBranchDisposition"":""no_primary_target_damage_branch""}"
item_passive|6676|item_passive|死,item_passive,6676,收集者,item_passive,死,needs_runtime_extension,migrated,execute_threshold,wasm-generic-execute-threshold|wasm-generic-execute-threshold,wasm/tinygo_engine_v2/internal/runtime/generic_execute_test.go|db/game_manage/seeds/lol_generic_execute_threshold_seed.sql,wasm|backend,,,,,
item_passive|6676|item_passive|税,item_passive,6676,收集者,item_passive,税,out_of_scope_for_single_target_dps,out_of_scope,meta_or_non_target_dps,,,,,,,economy_gold,"{""sourceRef"":""数据参考/lol-wiki-current-champions/identity-manifest.json"",""sourceTextSummary"":""击杀英雄时提供25额外金币。"",""reviewedPrimaryTargetDamageBranch"":true,""boundaryCategory"":""economy_or_post_takedown"",""excludedBehavior"":""economy_gold"",""boundaryReason"":""税：击杀/经济收益发生在当前唯一主目标死亡之后，encounter 已结束；审计边界外。"",""damageRelevantSubBranchDisposition"":""post_kill_next_encounter_only""}"
item_passive|6692|item_passive|永升之月,item_passive,6692,星蚀,item_passive,永升之月,out_of_scope_for_single_target_dps,out_of_scope,survivability_only,,,,,,,self_shield_or_survivability,"{""sourceRef"":""数据参考/lol-wiki-current-champions/identity-manifest.json"",""sourceTextSummary"":""在2秒内用2次独立的攻击或技能命中一名英雄时，会为你提供持续2秒的护盾值。"",""reviewedPrimaryTargetDamageBranch"":true,""boundaryCategory"":""pure_heal_shield_survival"",""excludedBehavior"":""self_shield_or_survivability"",""boundaryReason"":""永升之月：纯治疗/护盾/生存/免死，不增加对主目标输出；审计边界外。"",""damageRelevantSubBranchDisposition"":""no_primary_target_damage_branch""}"
item_passive|6694|item_passive|严寒,item_passive,6694,赛瑞尔达的怨恨,item_passive,严寒,needs_runtime_extension,out_of_scope,control_only|slow,,,,,,,crowd_control_or_slow,"{""sourceRef"":""数据参考/lol-wiki-current-champions/identity-manifest.json"",""sourceTextSummary"":""伤害型技能会对低于50%生命值的敌人造成持续1秒的30%减速。"",""reviewedPrimaryTargetDamageBranch"":true,""boundaryCategory"":""pure_control_or_debuff"",""excludedBehavior"":""crowd_control_or_slow"",""boundaryReason"":""严寒：纯控制/减速/重伤，无主目标伤害增量；审计边界外。"",""damageRelevantSubBranchDisposition"":""no_primary_target_damage_branch""}"
item_passive|6695|item_passive|掠盾者|数据参考/item.json#data.6695|2892fed0,item_passive,6695,巨蛇之牙,item_passive,掠盾者,out_of_scope_for_single_target_dps,out_of_scope,shield_reduction_only,,,,,,,self_shield_or_survivability,"{""sourceRef"":""数据参考/lol-wiki-current-champions/identity-manifest.json"",""sourceTextSummary"":""对一名敌方英雄造成伤害时，会使其获得的护盾值降低0%，持续3秒。 如果该敌方英雄尚未被"",""reviewedPrimaryTargetDamageBranch"":true,""boundaryCategory"":""pure_heal_shield_survival"",""excludedBehavior"":""self_shield_or_survivability"",""boundaryReason"":""掠盾者：纯治疗/护盾/生存/免死，不增加对主目标输出；审计边界外。"",""damageRelevantSubBranchDisposition"":""trigger_phrase_no_damage_amp""}"
item_passive|6695|item_passive|掠盾者|数据参考/item.json#data.6695|7bcc8c31,item_passive,6695,巨蛇之牙,item_passive,掠盾者,out_of_scope_for_single_target_dps,out_of_scope,shield_reduction_only,,,,,,,self_shield_or_survivability,"{""sourceRef"":""数据参考/lol-wiki-current-champions/identity-manifest.json"",""sourceTextSummary"":""影响，会使其身上的所有护盾降低0%。"",""reviewedPrimaryTargetDamageBranch"":true,""boundaryCategory"":""pure_heal_shield_survival"",""excludedBehavior"":""self_shield_or_survivability"",""boundaryReason"":""掠盾者：纯治疗/护盾/生存/免死，不增加对主目标输出；审计边界外。"",""damageRelevantSubBranchDisposition"":""no_primary_target_damage_branch""}"
item_passive|6696|item_passive|涌动,item_passive,6696,公理圆弧,item_passive,涌动,out_of_scope_for_single_target_dps,out_of_scope,cooldown_or_haste_without_rotation|takedown_ultimate_cdr_only,,,,,,,post_kill_or_takedown_utility,"{""sourceRef"":""数据参考/lol-wiki-current-champions/identity-manifest.json"",""sourceTextSummary"":""在你对一名敌方英雄造成伤害后，如果该英雄在3秒内阵亡，则会返还你的终极技能的一些总冷却时间。"",""reviewedPrimaryTargetDamageBranch"":true,""boundaryCategory"":""economy_or_post_takedown"",""excludedBehavior"":""post_kill_or_takedown_utility"",""boundaryReason"":""涌动：击杀/经济收益发生在当前唯一主目标死亡之后，encounter 已结束；审计边界外。"",""damageRelevantSubBranchDisposition"":""post_kill_next_encounter_only""}"
item_passive|6697|item_passive|盛名,item_passive,6697,狂妄,item_passive,盛名,needs_manual_baseline,out_of_scope,takedown_stat_buff,,,,,,,post_kill_temporary_ad,"{""sourceRef"":""数据参考/lol-wiki-current-champions/identity-manifest.json"",""sourceTextSummary"":""如果一名在过去3秒内曾被你造成过伤害的英雄阵亡，则获得持续90秒的12+3x已击杀英雄数的攻击力。"",""reviewedPrimaryTargetDamageBranch"":true,""boundaryCategory"":""economy_or_post_takedown"",""excludedBehavior"":""post_kill_temporary_ad"",""boundaryReason"":""盛名：击杀/经济收益发生在当前唯一主目标死亡之后，encounter 已结束；审计边界外。"",""damageRelevantSubBranchDisposition"":""post_kill_next_encounter_only""}"
item_passive|6698|item_passive|顺劈,item_passive,6698,亵渎九头蛇,item_passive,顺劈,out_of_scope_for_single_target_dps,out_of_scope,multi_target_or_area,,,,,,,other_target_or_aoe_damage,"{""sourceRef"":""数据参考/lol-wiki-current-champions/identity-manifest.json"",""sourceTextSummary"":""攻击会对附近的敌人们造成物理伤害。"",""reviewedPrimaryTargetDamageBranch"":true,""boundaryCategory"":""other_targets_only"",""excludedBehavior"":""other_target_or_aoe_damage"",""boundaryReason"":""顺劈：该 component 伤害仅作用于额外目标，主目标不受该 component 伤害；审计边界外。"",""damageRelevantSubBranchDisposition"":""other_target_or_building_only""}"
item_passive|6699|item_passive|通电,item_passive,6699,电震涡流剑,item_passive,通电,needs_runtime_extension,blocked,energized_charge_and_consume,,,,缺该 candidate 精确 energized_charge_and_consume 充能/消费 runtime。,,,,
item_passive|6699|item_passive|苍穹,item_passive,6699,电震涡流剑,item_passive,苍穹,needs_runtime_extension,migrated,energized_precharged_firmament_consume|current_hp_ratio_physical_on_hit|timed_armor_pen_flat,wasm-generic-firmament-6699|wasm-generic-firmament-6699,wasm/tinygo_engine_v2/internal/runtime/generic_firmament_6699_test.go|db/game_manage/seeds/lol_generic_firmament_6699_seed.sql,wasm|backend,,,,,
