key,inventoryOrdinal,sourceKind,ownerId,skillKey,passiveName,currentStatus,currentCompletionMode,lane,blocker,mechanismTagsJson,unifiedSourceRefsJson,wikiOwnerName,wikiPageId,wikiItemId,wikiEffectSlotsJson,wikiSourceRef,templateState,templateKind,draftContractJson,verificationGatesJson,nonclaimsJson
hero_skill|hero_akshan|P|无所不用,0,hero_skill,hero_akshan,P,无所不用,blocked_data,partial,generic_runtime,second_shot_exact_delay_ms_not_published,"[""every_n_hit"",""magic_proc_on_third_stack"",""on_hit"",""stacking_dirty_fighting""]","[{""path"":""最小验证/generic-g8-adc-passive-coverage-audit.json"",""legacyStatus"":""partial"",""sourceRecordKey"":""hero_skill|hero_akshan|P|无所不用""},{""path"":""最小验证/wiki-only-mechanism-candidate-registry.json"",""legacyStatus"":""registry_candidate"",""sourceRecordKey"":""hero_skill|hero_akshan|P|无所不用""}]",Akshan,akshan-p,,[],数据参考/lol-wiki-current-champions/normalized/generic/akshan-p.json@rev4038197 sha256:22ba762382dedced4b63a451c4513cb3129e3b16a137236e5b637eea7510b534,provisional_unverified,data_contract_placeholder,"{""rank"":null,""resourceCost"":null,""cooldownMs"":null,""target"":null,""timing"":null,""formula"":null,""operationGraph"":null,""fixtures"":[],""completedBoundary"":null,""exclusions"":[]}","[{""id"":""wiki_identity_and_revision"",""state"":""pending""},{""id"":""wiki_numeric_contract"",""state"":""pending""},{""id"":""bounded_phase_a_plan"",""state"":""pending""},{""id"":""design_review_ready"",""state"":""pending""},{""id"":""backend_seed_and_junit"",""state"":""pending""},{""id"":""wasm_generic_test"",""state"":""pending""},{""id"":""g8_unified_audit"",""state"":""pending""},{""id"":""docs_and_governance"",""state"":""pending""}]","[""no_numeric_or_behavioral_fidelity_claim"",""no_runtime_support_claim"",""no_backend_materialization_claim"",""no_g8_or_unified_status_change"",""no_live_publish_or_migration"",""no_new_completed_full_or_ready_assertion""]"
hero_skill|hero_akshan|Q|去而复还,1,hero_skill,hero_akshan,Q,去而复还,blocked_runtime,none,generic_runtime,blocked_data,"[""cooldown_or_haste_without_rotation""]","[{""path"":""最小验证/generic-g8-adc-passive-coverage-audit.json"",""legacyStatus"":""blocked"",""sourceRecordKey"":""hero_skill|hero_akshan|Q|去而复还""},{""path"":""最小验证/wiki-only-mechanism-candidate-registry.json"",""legacyStatus"":""registry_candidate"",""sourceRecordKey"":""hero_skill|hero_akshan|Q|去而复还""}]",Akshan,akshan-q,,[],数据参考/lol-wiki-current-champions/normalized/generic/akshan-q.json@rev4007510 sha256:1cbf7dda955849d05ad2d7e578ed9507f8f61fc7525c5ed006a25185915b5f5b,provisional_unverified,runtime_contract_placeholder,"{""rank"":null,""resourceCost"":null,""cooldownMs"":null,""target"":null,""timing"":null,""formula"":null,""operationGraph"":null,""fixtures"":[],""completedBoundary"":null,""exclusions"":[]}","[{""id"":""wiki_identity_and_revision"",""state"":""pending""},{""id"":""wiki_numeric_contract"",""state"":""pending""},{""id"":""bounded_phase_a_plan"",""state"":""pending""},{""id"":""design_review_ready"",""state"":""pending""},{""id"":""backend_seed_and_junit"",""state"":""pending""},{""id"":""wasm_generic_test"",""state"":""pending""},{""id"":""g8_unified_audit"",""state"":""pending""},{""id"":""docs_and_governance"",""state"":""pending""}]","[""no_numeric_or_behavioral_fidelity_claim"",""no_runtime_support_claim"",""no_backend_materialization_claim"",""no_g8_or_unified_status_change"",""no_live_publish_or_migration"",""no_new_completed_full_or_ready_assertion""]"
hero_skill|hero_akshan|R|恩怨相抵,4,hero_skill,hero_akshan,R,恩怨相抵,blocked_runtime,none,generic_runtime,implementation_gap_no_unresolved_data_fields,"[""meta_or_non_target_dps""]","[{""path"":""最小验证/generic-g8-adc-passive-coverage-audit.json"",""legacyStatus"":""blocked"",""sourceRecordKey"":""hero_skill|hero_akshan|R|恩怨相抵""},{""path"":""最小验证/wiki-only-mechanism-candidate-registry.json"",""legacyStatus"":""registry_candidate"",""sourceRecordKey"":""hero_skill|hero_akshan|R|恩怨相抵""}]",Akshan,akshan-r,,[],数据参考/lol-wiki-current-champions/normalized/generic/akshan-r.json@rev3982549 sha256:f6707ea62ac3c40823b6b1ee5984d19987f49a35283f7795e04cd8b36359ef32,provisional_unverified,runtime_contract_placeholder,"{""rank"":null,""resourceCost"":null,""cooldownMs"":null,""target"":null,""timing"":null,""formula"":null,""operationGraph"":null,""fixtures"":[],""completedBoundary"":null,""exclusions"":[]}","[{""id"":""wiki_identity_and_revision"",""state"":""pending""},{""id"":""wiki_numeric_contract"",""state"":""pending""},{""id"":""bounded_phase_a_plan"",""state"":""pending""},{""id"":""design_review_ready"",""state"":""pending""},{""id"":""backend_seed_and_junit"",""state"":""pending""},{""id"":""wasm_generic_test"",""state"":""pending""},{""id"":""g8_unified_audit"",""state"":""pending""},{""id"":""docs_and_governance"",""state"":""pending""}]","[""no_numeric_or_behavioral_fidelity_claim"",""no_runtime_support_claim"",""no_backend_materialization_claim"",""no_g8_or_unified_status_change"",""no_live_publish_or_migration"",""no_new_completed_full_or_ready_assertion""]"
hero_skill|hero_ashe|P|冰霜射击,10,hero_skill,hero_ashe,P,冰霜射击,blocked_runtime,none,generic_runtime,deterministic_random_crit_sequence,"[""deterministic_random_crit_sequence""]","[{""path"":""最小验证/generic-g8-adc-passive-coverage-audit.json"",""legacyStatus"":""blocked"",""sourceRecordKey"":""hero_skill|hero_ashe|P|冰霜射击""},{""path"":""最小验证/wiki-only-mechanism-candidate-registry.json"",""legacyStatus"":""registry_candidate"",""sourceRecordKey"":""hero_skill|hero_ashe|P|冰霜射击""}]",Ashe,ashe-p,,[],数据参考/lol-wiki-current-champions/normalized/generic/ashe-p.json@rev4038216 sha256:def2547f895e1533754e9265fd36f995a30258f11ca947cd737a70ea17df51da,provisional_unverified,runtime_contract_placeholder,"{""rank"":null,""resourceCost"":null,""cooldownMs"":null,""target"":null,""timing"":null,""formula"":null,""operationGraph"":null,""fixtures"":[],""completedBoundary"":null,""exclusions"":[]}","[{""id"":""wiki_identity_and_revision"",""state"":""pending""},{""id"":""wiki_numeric_contract"",""state"":""pending""},{""id"":""bounded_phase_a_plan"",""state"":""pending""},{""id"":""design_review_ready"",""state"":""pending""},{""id"":""backend_seed_and_junit"",""state"":""pending""},{""id"":""wasm_generic_test"",""state"":""pending""},{""id"":""g8_unified_audit"",""state"":""pending""},{""id"":""docs_and_governance"",""state"":""pending""}]","[""no_numeric_or_behavioral_fidelity_claim"",""no_runtime_support_claim"",""no_backend_materialization_claim"",""no_g8_or_unified_status_change"",""no_live_publish_or_migration"",""no_new_completed_full_or_ready_assertion""]"
hero_skill|hero_azir|E|流沙移形,18,hero_skill,hero_azir,E,流沙移形,blocked_runtime,none,generic_runtime,implementation_gap_no_unresolved_data_fields,"[""meta_or_non_target_dps""]","[{""path"":""最小验证/generic-g8-adc-passive-coverage-audit.json"",""legacyStatus"":""blocked"",""sourceRecordKey"":""hero_skill|hero_azir|E|流沙移形""},{""path"":""最小验证/wiki-only-mechanism-candidate-registry.json"",""legacyStatus"":""registry_candidate"",""sourceRecordKey"":""hero_skill|hero_azir|E|流沙移形""}]",Azir,azir-e,,[],数据参考/lol-wiki-current-champions/normalized/generic/azir-e.json@rev4022609 sha256:2c5f2625e9c82b0a9edf181aa5c87e3ca855f105e6bd7b0acdf6b6d811e516bd,provisional_unverified,runtime_contract_placeholder,"{""rank"":null,""resourceCost"":null,""cooldownMs"":null,""target"":null,""timing"":null,""formula"":null,""operationGraph"":null,""fixtures"":[],""completedBoundary"":null,""exclusions"":[]}","[{""id"":""wiki_identity_and_revision"",""state"":""pending""},{""id"":""wiki_numeric_contract"",""state"":""pending""},{""id"":""bounded_phase_a_plan"",""state"":""pending""},{""id"":""design_review_ready"",""state"":""pending""},{""id"":""backend_seed_and_junit"",""state"":""pending""},{""id"":""wasm_generic_test"",""state"":""pending""},{""id"":""g8_unified_audit"",""state"":""pending""},{""id"":""docs_and_governance"",""state"":""pending""}]","[""no_numeric_or_behavioral_fidelity_claim"",""no_runtime_support_claim"",""no_backend_materialization_claim"",""no_g8_or_unified_status_change"",""no_live_publish_or_migration"",""no_new_completed_full_or_ready_assertion""]"
hero_skill|hero_azir|Q|狂沙猛攻,16,hero_skill,hero_azir,Q,狂沙猛攻,blocked_runtime,none,generic_runtime,implementation_gap_no_unresolved_data_fields,"[""meta_or_non_target_dps""]","[{""path"":""最小验证/generic-g8-adc-passive-coverage-audit.json"",""legacyStatus"":""blocked"",""sourceRecordKey"":""hero_skill|hero_azir|Q|狂沙猛攻""},{""path"":""最小验证/wiki-only-mechanism-candidate-registry.json"",""legacyStatus"":""registry_candidate"",""sourceRecordKey"":""hero_skill|hero_azir|Q|狂沙猛攻""}]",Azir,azir-q,,[],数据参考/lol-wiki-current-champions/normalized/generic/azir-q.json@rev4024967 sha256:168e2568c6795859e68831eb23b59b62d249aceb07cf3740403b1616516b51f2,provisional_unverified,runtime_contract_placeholder,"{""rank"":null,""resourceCost"":null,""cooldownMs"":null,""target"":null,""timing"":null,""formula"":null,""operationGraph"":null,""fixtures"":[],""completedBoundary"":null,""exclusions"":[]}","[{""id"":""wiki_identity_and_revision"",""state"":""pending""},{""id"":""wiki_numeric_contract"",""state"":""pending""},{""id"":""bounded_phase_a_plan"",""state"":""pending""},{""id"":""design_review_ready"",""state"":""pending""},{""id"":""backend_seed_and_junit"",""state"":""pending""},{""id"":""wasm_generic_test"",""state"":""pending""},{""id"":""g8_unified_audit"",""state"":""pending""},{""id"":""docs_and_governance"",""state"":""pending""}]","[""no_numeric_or_behavioral_fidelity_claim"",""no_runtime_support_claim"",""no_backend_materialization_claim"",""no_g8_or_unified_status_change"",""no_live_publish_or_migration"",""no_new_completed_full_or_ready_assertion""]"
hero_skill|hero_azir|R|禁军之墙,19,hero_skill,hero_azir,R,禁军之墙,blocked_runtime,none,generic_runtime,implementation_gap_no_unresolved_data_fields,"[""multi_target_or_area""]","[{""path"":""最小验证/generic-g8-adc-passive-coverage-audit.json"",""legacyStatus"":""blocked"",""sourceRecordKey"":""hero_skill|hero_azir|R|禁军之墙""},{""path"":""最小验证/wiki-only-mechanism-candidate-registry.json"",""legacyStatus"":""registry_candidate"",""sourceRecordKey"":""hero_skill|hero_azir|R|禁军之墙""}]",Azir,azir-r,,[],数据参考/lol-wiki-current-champions/normalized/generic/azir-r.json@rev4042859 sha256:92cf30c1d9452936b24cb3e20c28bf1f417748db64a60ea382238db5212e8251,provisional_unverified,runtime_contract_placeholder,"{""rank"":null,""resourceCost"":null,""cooldownMs"":null,""target"":null,""timing"":null,""formula"":null,""operationGraph"":null,""fixtures"":[],""completedBoundary"":null,""exclusions"":[]}","[{""id"":""wiki_identity_and_revision"",""state"":""pending""},{""id"":""wiki_numeric_contract"",""state"":""pending""},{""id"":""bounded_phase_a_plan"",""state"":""pending""},{""id"":""design_review_ready"",""state"":""pending""},{""id"":""backend_seed_and_junit"",""state"":""pending""},{""id"":""wasm_generic_test"",""state"":""pending""},{""id"":""g8_unified_audit"",""state"":""pending""},{""id"":""docs_and_governance"",""state"":""pending""}]","[""no_numeric_or_behavioral_fidelity_claim"",""no_runtime_support_claim"",""no_backend_materialization_claim"",""no_g8_or_unified_status_change"",""no_live_publish_or_migration"",""no_new_completed_full_or_ready_assertion""]"
hero_skill|hero_azir|W|沙兵现身,17,hero_skill,hero_azir,W,沙兵现身,blocked_runtime,none,generic_runtime,implementation_gap_no_unresolved_data_fields,"[""meta_or_non_target_dps""]","[{""path"":""最小验证/generic-g8-adc-passive-coverage-audit.json"",""legacyStatus"":""blocked"",""sourceRecordKey"":""hero_skill|hero_azir|W|沙兵现身""},{""path"":""最小验证/wiki-only-mechanism-candidate-registry.json"",""legacyStatus"":""registry_candidate"",""sourceRecordKey"":""hero_skill|hero_azir|W|沙兵现身""}]",Azir,azir-w,,[],数据参考/lol-wiki-current-champions/normalized/generic/azir-w.json@rev4043850 sha256:eda21de63ba2907f5b5406cbb54bd545b78abaae01ca7471ddf9b2a8ecef0ffa,provisional_unverified,runtime_contract_placeholder,"{""rank"":null,""resourceCost"":null,""cooldownMs"":null,""target"":null,""timing"":null,""formula"":null,""operationGraph"":null,""fixtures"":[],""completedBoundary"":null,""exclusions"":[]}","[{""id"":""wiki_identity_and_revision"",""state"":""pending""},{""id"":""wiki_numeric_contract"",""state"":""pending""},{""id"":""bounded_phase_a_plan"",""state"":""pending""},{""id"":""design_review_ready"",""state"":""pending""},{""id"":""backend_seed_and_junit"",""state"":""pending""},{""id"":""wasm_generic_test"",""state"":""pending""},{""id"":""g8_unified_audit"",""state"":""pending""},{""id"":""docs_and_governance"",""state"":""pending""}]","[""no_numeric_or_behavioral_fidelity_claim"",""no_runtime_support_claim"",""no_backend_materialization_claim"",""no_g8_or_unified_status_change"",""no_live_publish_or_migration"",""no_new_completed_full_or_ready_assertion""]"
hero_skill|hero_caitlyn|P|爆头,20,hero_skill,hero_caitlyn,P,爆头,blocked_runtime,none,generic_runtime,implementation_gap_no_unresolved_data_fields,"[""crit_scaling"",""on_hit""]","[{""path"":""最小验证/generic-g8-adc-passive-coverage-audit.json"",""legacyStatus"":""blocked"",""sourceRecordKey"":""hero_skill|hero_caitlyn|P|爆头""},{""path"":""最小验证/wiki-only-mechanism-candidate-registry.json"",""legacyStatus"":""registry_candidate"",""sourceRecordKey"":""hero_skill|hero_caitlyn|P|爆头""}]",Caitlyn,caitlyn-p,,[],数据参考/lol-wiki-current-champions/normalized/generic/caitlyn-p.json@rev3982560 sha256:5f36d295e4099c5ee5a091b17f0db9f2a50819939a449e59b95d247baaac8251,provisional_unverified,runtime_contract_placeholder,"{""rank"":null,""resourceCost"":null,""cooldownMs"":null,""target"":null,""timing"":null,""formula"":null,""operationGraph"":null,""fixtures"":[],""completedBoundary"":null,""exclusions"":[]}","[{""id"":""wiki_identity_and_revision"",""state"":""pending""},{""id"":""wiki_numeric_contract"",""state"":""pending""},{""id"":""bounded_phase_a_plan"",""state"":""pending""},{""id"":""design_review_ready"",""state"":""pending""},{""id"":""backend_seed_and_junit"",""state"":""pending""},{""id"":""wasm_generic_test"",""state"":""pending""},{""id"":""g8_unified_audit"",""state"":""pending""},{""id"":""docs_and_governance"",""state"":""pending""}]","[""no_numeric_or_behavioral_fidelity_claim"",""no_runtime_support_claim"",""no_backend_materialization_claim"",""no_g8_or_unified_status_change"",""no_live_publish_or_migration"",""no_new_completed_full_or_ready_assertion""]"
hero_skill|hero_caitlyn|W|约德尔诱捕器,22,hero_skill,hero_caitlyn,W,约德尔诱捕器,blocked_runtime,none,generic_runtime,implementation_gap_no_unresolved_data_fields,"[""meta_or_non_target_dps""]","[{""path"":""最小验证/generic-g8-adc-passive-coverage-audit.json"",""legacyStatus"":""blocked"",""sourceRecordKey"":""hero_skill|hero_caitlyn|W|约德尔诱捕器""},{""path"":""最小验证/wiki-only-mechanism-candidate-registry.json"",""legacyStatus"":""registry_candidate"",""sourceRecordKey"":""hero_skill|hero_caitlyn|W|约德尔诱捕器""}]",Caitlyn,caitlyn-w,,[],数据参考/lol-wiki-current-champions/normalized/generic/caitlyn-w.json@rev4023135 sha256:4e500c2cc801672b4d110359d6710c9464f6a61e5d3f02f01965d4e90b3e4a6a,provisional_unverified,runtime_contract_placeholder,"{""rank"":null,""resourceCost"":null,""cooldownMs"":null,""target"":null,""timing"":null,""formula"":null,""operationGraph"":null,""fixtures"":[],""completedBoundary"":null,""exclusions"":[]}","[{""id"":""wiki_identity_and_revision"",""state"":""pending""},{""id"":""wiki_numeric_contract"",""state"":""pending""},{""id"":""bounded_phase_a_plan"",""state"":""pending""},{""id"":""design_review_ready"",""state"":""pending""},{""id"":""backend_seed_and_junit"",""state"":""pending""},{""id"":""wasm_generic_test"",""state"":""pending""},{""id"":""g8_unified_audit"",""state"":""pending""},{""id"":""docs_and_governance"",""state"":""pending""}]","[""no_numeric_or_behavioral_fidelity_claim"",""no_runtime_support_claim"",""no_backend_materialization_claim"",""no_g8_or_unified_status_change"",""no_live_publish_or_migration"",""no_new_completed_full_or_ready_assertion""]"
hero_skill|hero_corki|E|格林机枪,28,hero_skill,hero_corki,E,格林机枪,blocked_runtime,none,generic_runtime,implementation_gap_no_unresolved_data_fields,"[""dps_relevant_manual_review""]","[{""path"":""最小验证/generic-g8-adc-passive-coverage-audit.json"",""legacyStatus"":""blocked"",""sourceRecordKey"":""hero_skill|hero_corki|E|格林机枪""},{""path"":""最小验证/wiki-only-mechanism-candidate-registry.json"",""legacyStatus"":""registry_candidate"",""sourceRecordKey"":""hero_skill|hero_corki|E|格林机枪""}]",Corki,corki-e,,[],数据参考/lol-wiki-current-champions/normalized/generic/corki-e.json@rev3948411 sha256:9f1e8aed9ad2dc3f3958a3de6fd62563a029a022aa0e0bb4dc13efea0b4b12a1,provisional_unverified,runtime_contract_placeholder,"{""rank"":null,""resourceCost"":null,""cooldownMs"":null,""target"":null,""timing"":null,""formula"":null,""operationGraph"":null,""fixtures"":[],""completedBoundary"":null,""exclusions"":[]}","[{""id"":""wiki_identity_and_revision"",""state"":""pending""},{""id"":""wiki_numeric_contract"",""state"":""pending""},{""id"":""bounded_phase_a_plan"",""state"":""pending""},{""id"":""design_review_ready"",""state"":""pending""},{""id"":""backend_seed_and_junit"",""state"":""pending""},{""id"":""wasm_generic_test"",""state"":""pending""},{""id"":""g8_unified_audit"",""state"":""pending""},{""id"":""docs_and_governance"",""state"":""pending""}]","[""no_numeric_or_behavioral_fidelity_claim"",""no_runtime_support_claim"",""no_backend_materialization_claim"",""no_g8_or_unified_status_change"",""no_live_publish_or_migration"",""no_new_completed_full_or_ready_assertion""]"
hero_skill|hero_corki|P|海克斯科技军备,25,hero_skill,hero_corki,P,海克斯科技军备,blocked_runtime,none,generic_runtime,implementation_gap_no_unresolved_data_fields,"[""dps_relevant_manual_review""]","[{""path"":""最小验证/generic-g8-adc-passive-coverage-audit.json"",""legacyStatus"":""blocked"",""sourceRecordKey"":""hero_skill|hero_corki|P|海克斯科技军备""},{""path"":""最小验证/wiki-only-mechanism-candidate-registry.json"",""legacyStatus"":""registry_candidate"",""sourceRecordKey"":""hero_skill|hero_corki|P|海克斯科技军备""}]",Corki,corki-p,,[],数据参考/lol-wiki-current-champions/normalized/generic/corki-p.json@rev4003492 sha256:a37ac6e0fd7586b485bbe06f74401935d3b0b5a68eb48db2f0496def8d74b73c,provisional_unverified,runtime_contract_placeholder,"{""rank"":null,""resourceCost"":null,""cooldownMs"":null,""target"":null,""timing"":null,""formula"":null,""operationGraph"":null,""fixtures"":[],""completedBoundary"":null,""exclusions"":[]}","[{""id"":""wiki_identity_and_revision"",""state"":""pending""},{""id"":""wiki_numeric_contract"",""state"":""pending""},{""id"":""bounded_phase_a_plan"",""state"":""pending""},{""id"":""design_review_ready"",""state"":""pending""},{""id"":""backend_seed_and_junit"",""state"":""pending""},{""id"":""wasm_generic_test"",""state"":""pending""},{""id"":""g8_unified_audit"",""state"":""pending""},{""id"":""docs_and_governance"",""state"":""pending""}]","[""no_numeric_or_behavioral_fidelity_claim"",""no_runtime_support_claim"",""no_backend_materialization_claim"",""no_g8_or_unified_status_change"",""no_live_publish_or_migration"",""no_new_completed_full_or_ready_assertion""]"
hero_skill|hero_corki|Q|磷光炸弹,26,hero_skill,hero_corki,Q,磷光炸弹,blocked_runtime,none,generic_runtime,implementation_gap_no_unresolved_data_fields,"[""meta_or_non_target_dps""]","[{""path"":""最小验证/generic-g8-adc-passive-coverage-audit.json"",""legacyStatus"":""blocked"",""sourceRecordKey"":""hero_skill|hero_corki|Q|磷光炸弹""},{""path"":""最小验证/wiki-only-mechanism-candidate-registry.json"",""legacyStatus"":""registry_candidate"",""sourceRecordKey"":""hero_skill|hero_corki|Q|磷光炸弹""}]",Corki,corki-q,,[],数据参考/lol-wiki-current-champions/normalized/generic/corki-q.json@rev4007588 sha256:e71a474ef6b4df1df4808b397c8bd0f42ce284234f3eb7603fab09cabd760365,provisional_unverified,runtime_contract_placeholder,"{""rank"":null,""resourceCost"":null,""cooldownMs"":null,""target"":null,""timing"":null,""formula"":null,""operationGraph"":null,""fixtures"":[],""completedBoundary"":null,""exclusions"":[]}","[{""id"":""wiki_identity_and_revision"",""state"":""pending""},{""id"":""wiki_numeric_contract"",""state"":""pending""},{""id"":""bounded_phase_a_plan"",""state"":""pending""},{""id"":""design_review_ready"",""state"":""pending""},{""id"":""backend_seed_and_junit"",""state"":""pending""},{""id"":""wasm_generic_test"",""state"":""pending""},{""id"":""g8_unified_audit"",""state"":""pending""},{""id"":""docs_and_governance"",""state"":""pending""}]","[""no_numeric_or_behavioral_fidelity_claim"",""no_runtime_support_claim"",""no_backend_materialization_claim"",""no_g8_or_unified_status_change"",""no_live_publish_or_migration"",""no_new_completed_full_or_ready_assertion""]"
hero_skill|hero_corki|R|火箭轰击,29,hero_skill,hero_corki,R,火箭轰击,blocked_runtime,none,generic_runtime,implementation_gap_no_unresolved_data_fields,"[""multi_target_or_area""]","[{""path"":""最小验证/generic-g8-adc-passive-coverage-audit.json"",""legacyStatus"":""blocked"",""sourceRecordKey"":""hero_skill|hero_corki|R|火箭轰击""},{""path"":""最小验证/wiki-only-mechanism-candidate-registry.json"",""legacyStatus"":""registry_candidate"",""sourceRecordKey"":""hero_skill|hero_corki|R|火箭轰击""}]",Corki,corki-r,,[],数据参考/lol-wiki-current-champions/normalized/generic/corki-r.json@rev4042863 sha256:1c2da7a1ea6bd4904c498eeb823e75dbf0f1e354cf5fe22f72dee2bb09ac4845,provisional_unverified,runtime_contract_placeholder,"{""rank"":null,""resourceCost"":null,""cooldownMs"":null,""target"":null,""timing"":null,""formula"":null,""operationGraph"":null,""fixtures"":[],""completedBoundary"":null,""exclusions"":[]}","[{""id"":""wiki_identity_and_revision"",""state"":""pending""},{""id"":""wiki_numeric_contract"",""state"":""pending""},{""id"":""bounded_phase_a_plan"",""state"":""pending""},{""id"":""design_review_ready"",""state"":""pending""},{""id"":""backend_seed_and_junit"",""state"":""pending""},{""id"":""wasm_generic_test"",""state"":""pending""},{""id"":""g8_unified_audit"",""state"":""pending""},{""id"":""docs_and_governance"",""state"":""pending""}]","[""no_numeric_or_behavioral_fidelity_claim"",""no_runtime_support_claim"",""no_backend_materialization_claim"",""no_g8_or_unified_status_change"",""no_live_publish_or_migration"",""no_new_completed_full_or_ready_assertion""]"
hero_skill|hero_corki|W|瓦尔基里俯冲,27,hero_skill,hero_corki,W,瓦尔基里俯冲,blocked_runtime,none,generic_runtime,implementation_gap_no_unresolved_data_fields,"[""multi_target_or_area""]","[{""path"":""最小验证/generic-g8-adc-passive-coverage-audit.json"",""legacyStatus"":""blocked"",""sourceRecordKey"":""hero_skill|hero_corki|W|瓦尔基里俯冲""},{""path"":""最小验证/wiki-only-mechanism-candidate-registry.json"",""legacyStatus"":""registry_candidate"",""sourceRecordKey"":""hero_skill|hero_corki|W|瓦尔基里俯冲""}]",Corki,corki-w,,[],数据参考/lol-wiki-current-champions/normalized/generic/corki-w.json@rev4007589 sha256:85c17f1bedb345ca93539152df7e65cebe5524147de8d7907cb2f75e04c0decb,provisional_unverified,runtime_contract_placeholder,"{""rank"":null,""resourceCost"":null,""cooldownMs"":null,""target"":null,""timing"":null,""formula"":null,""operationGraph"":null,""fixtures"":[],""completedBoundary"":null,""exclusions"":[]}","[{""id"":""wiki_identity_and_revision"",""state"":""pending""},{""id"":""wiki_numeric_contract"",""state"":""pending""},{""id"":""bounded_phase_a_plan"",""state"":""pending""},{""id"":""design_review_ready"",""state"":""pending""},{""id"":""backend_seed_and_junit"",""state"":""pending""},{""id"":""wasm_generic_test"",""state"":""pending""},{""id"":""g8_unified_audit"",""state"":""pending""},{""id"":""docs_and_governance"",""state"":""pending""}]","[""no_numeric_or_behavioral_fidelity_claim"",""no_runtime_support_claim"",""no_backend_materialization_claim"",""no_g8_or_unified_status_change"",""no_live_publish_or_migration"",""no_new_completed_full_or_ready_assertion""]"
hero_skill|hero_draven|R|冷血追命,34,hero_skill,hero_draven,R,冷血追命,blocked_runtime,none,generic_runtime,implementation_gap_no_unresolved_data_fields,"[""multi_target_or_area""]","[{""path"":""最小验证/generic-g8-adc-passive-coverage-audit.json"",""legacyStatus"":""blocked"",""sourceRecordKey"":""hero_skill|hero_draven|R|冷血追命""},{""path"":""最小验证/wiki-only-mechanism-candidate-registry.json"",""legacyStatus"":""registry_candidate"",""sourceRecordKey"":""hero_skill|hero_draven|R|冷血追命""}]",Draven,draven-r,,[],数据参考/lol-wiki-current-champions/normalized/generic/draven-r.json@rev4040576 sha256:e38551b6eeefa0306cd40a3e15473c8983075f88edbe007915e3d9213a08adce,provisional_unverified,runtime_contract_placeholder,"{""rank"":null,""resourceCost"":null,""cooldownMs"":null,""target"":null,""timing"":null,""formula"":null,""operationGraph"":null,""fixtures"":[],""completedBoundary"":null,""exclusions"":[]}","[{""id"":""wiki_identity_and_revision"",""state"":""pending""},{""id"":""wiki_numeric_contract"",""state"":""pending""},{""id"":""bounded_phase_a_plan"",""state"":""pending""},{""id"":""design_review_ready"",""state"":""pending""},{""id"":""backend_seed_and_junit"",""state"":""pending""},{""id"":""wasm_generic_test"",""state"":""pending""},{""id"":""g8_unified_audit"",""state"":""pending""},{""id"":""docs_and_governance"",""state"":""pending""}]","[""no_numeric_or_behavioral_fidelity_claim"",""no_runtime_support_claim"",""no_backend_materialization_claim"",""no_g8_or_unified_status_change"",""no_live_publish_or_migration"",""no_new_completed_full_or_ready_assertion""]"
hero_skill|hero_ezreal|Q|秘术射击,36,hero_skill,hero_ezreal,Q,秘术射击,blocked_runtime,none,generic_runtime,blocked_data,"[""cooldown_or_haste_without_rotation""]","[{""path"":""最小验证/generic-g8-adc-passive-coverage-audit.json"",""legacyStatus"":""blocked"",""sourceRecordKey"":""hero_skill|hero_ezreal|Q|秘术射击""},{""path"":""最小验证/wiki-only-mechanism-candidate-registry.json"",""legacyStatus"":""registry_candidate"",""sourceRecordKey"":""hero_skill|hero_ezreal|Q|秘术射击""}]",Ezreal,ezreal-q,,[],数据参考/lol-wiki-current-champions/normalized/generic/ezreal-q.json@rev4013233 sha256:be5a24861dc53970c19378fe8bea17b242b5b406a588cebb32b0d59a4af4b533,provisional_unverified,runtime_contract_placeholder,"{""rank"":null,""resourceCost"":null,""cooldownMs"":null,""target"":null,""timing"":null,""formula"":null,""operationGraph"":null,""fixtures"":[],""completedBoundary"":null,""exclusions"":[]}","[{""id"":""wiki_identity_and_revision"",""state"":""pending""},{""id"":""wiki_numeric_contract"",""state"":""pending""},{""id"":""bounded_phase_a_plan"",""state"":""pending""},{""id"":""design_review_ready"",""state"":""pending""},{""id"":""backend_seed_and_junit"",""state"":""pending""},{""id"":""wasm_generic_test"",""state"":""pending""},{""id"":""g8_unified_audit"",""state"":""pending""},{""id"":""docs_and_governance"",""state"":""pending""}]","[""no_numeric_or_behavioral_fidelity_claim"",""no_runtime_support_claim"",""no_backend_materialization_claim"",""no_g8_or_unified_status_change"",""no_live_publish_or_migration"",""no_new_completed_full_or_ready_assertion""]"
hero_skill|hero_ezreal|W|精华跃动,37,hero_skill,hero_ezreal,W,精华跃动,blocked_runtime,none,generic_runtime,implementation_gap_no_unresolved_data_fields,"[""meta_or_non_target_dps""]","[{""path"":""最小验证/generic-g8-adc-passive-coverage-audit.json"",""legacyStatus"":""blocked"",""sourceRecordKey"":""hero_skill|hero_ezreal|W|精华跃动""},{""path"":""最小验证/wiki-only-mechanism-candidate-registry.json"",""legacyStatus"":""registry_candidate"",""sourceRecordKey"":""hero_skill|hero_ezreal|W|精华跃动""}]",Ezreal,ezreal-w,,[],数据参考/lol-wiki-current-champions/normalized/generic/ezreal-w.json@rev4013234 sha256:5e4b2a6704c958150aacbd17cc387d050290cf669ba109be0a48a97a25abf897,provisional_unverified,runtime_contract_placeholder,"{""rank"":null,""resourceCost"":null,""cooldownMs"":null,""target"":null,""timing"":null,""formula"":null,""operationGraph"":null,""fixtures"":[],""completedBoundary"":null,""exclusions"":[]}","[{""id"":""wiki_identity_and_revision"",""state"":""pending""},{""id"":""wiki_numeric_contract"",""state"":""pending""},{""id"":""bounded_phase_a_plan"",""state"":""pending""},{""id"":""design_review_ready"",""state"":""pending""},{""id"":""backend_seed_and_junit"",""state"":""pending""},{""id"":""wasm_generic_test"",""state"":""pending""},{""id"":""g8_unified_audit"",""state"":""pending""},{""id"":""docs_and_governance"",""state"":""pending""}]","[""no_numeric_or_behavioral_fidelity_claim"",""no_runtime_support_claim"",""no_backend_materialization_claim"",""no_g8_or_unified_status_change"",""no_live_publish_or_migration"",""no_new_completed_full_or_ready_assertion""]"
hero_skill|hero_jayce|E|雷霆一击 / 加速之门,48,hero_skill,hero_jayce,E,雷霆一击 / 加速之门,blocked_runtime,none,generic_runtime,implementation_gap_no_unresolved_data_fields,"[""meta_or_non_target_dps""]","[{""path"":""最小验证/generic-g8-adc-passive-coverage-audit.json"",""legacyStatus"":""blocked"",""sourceRecordKey"":""hero_skill|hero_jayce|E|雷霆一击 / 加速之门""},{""path"":""最小验证/wiki-only-mechanism-candidate-registry.json"",""legacyStatus"":""registry_candidate"",""sourceRecordKey"":""hero_skill|hero_jayce|E|雷霆一击 / 加速之门""}]",Jayce,jayce-e,,[],数据参考/lol-wiki-current-champions/normalized/generic/jayce-e.json@rev3965179 sha256:53c88b19bc4bd06bf26ac6edabd4ce317dd9750b40455cd175d27be6ab274ef7,provisional_unverified,runtime_contract_placeholder,"{""rank"":null,""resourceCost"":null,""cooldownMs"":null,""target"":null,""timing"":null,""formula"":null,""operationGraph"":null,""fixtures"":[],""completedBoundary"":null,""exclusions"":[]}","[{""id"":""wiki_identity_and_revision"",""state"":""pending""},{""id"":""wiki_numeric_contract"",""state"":""pending""},{""id"":""bounded_phase_a_plan"",""state"":""pending""},{""id"":""design_review_ready"",""state"":""pending""},{""id"":""backend_seed_and_junit"",""state"":""pending""},{""id"":""wasm_generic_test"",""state"":""pending""},{""id"":""g8_unified_audit"",""state"":""pending""},{""id"":""docs_and_governance"",""state"":""pending""}]","[""no_numeric_or_behavioral_fidelity_claim"",""no_runtime_support_claim"",""no_backend_materialization_claim"",""no_g8_or_unified_status_change"",""no_live_publish_or_migration"",""no_new_completed_full_or_ready_assertion""]"
hero_skill|hero_jayce|Q|苍穹之跃 / 电能震荡,46,hero_skill,hero_jayce,Q,苍穹之跃 / 电能震荡,blocked_runtime,none,generic_runtime,implementation_gap_no_unresolved_data_fields,"[""multi_target_or_area""]","[{""path"":""最小验证/generic-g8-adc-passive-coverage-audit.json"",""legacyStatus"":""blocked"",""sourceRecordKey"":""hero_skill|hero_jayce|Q|苍穹之跃 / 电能震荡""},{""path"":""最小验证/wiki-only-mechanism-candidate-registry.json"",""legacyStatus"":""registry_candidate"",""sourceRecordKey"":""hero_skill|hero_jayce|Q|苍穹之跃 / 电能震荡""}]",Jayce,jayce-q,,[],数据参考/lol-wiki-current-champions/normalized/generic/jayce-q.json@rev3989865 sha256:ea14cfb3e6057dd84039154cd8571e4ed41cec2a891c57f01e8607291795b71c,provisional_unverified,runtime_contract_placeholder,"{""rank"":null,""resourceCost"":null,""cooldownMs"":null,""target"":null,""timing"":null,""formula"":null,""operationGraph"":null,""fixtures"":[],""completedBoundary"":null,""exclusions"":[]}","[{""id"":""wiki_identity_and_revision"",""state"":""pending""},{""id"":""wiki_numeric_contract"",""state"":""pending""},{""id"":""bounded_phase_a_plan"",""state"":""pending""},{""id"":""design_review_ready"",""state"":""pending""},{""id"":""backend_seed_and_junit"",""state"":""pending""},{""id"":""wasm_generic_test"",""state"":""pending""},{""id"":""g8_unified_audit"",""state"":""pending""},{""id"":""docs_and_governance"",""state"":""pending""}]","[""no_numeric_or_behavioral_fidelity_claim"",""no_runtime_support_claim"",""no_backend_materialization_claim"",""no_g8_or_unified_status_change"",""no_live_publish_or_migration"",""no_new_completed_full_or_ready_assertion""]"
hero_skill|hero_jayce|R|墨丘利之炮 / 墨丘利之锤,49,hero_skill,hero_jayce,R,墨丘利之炮 / 墨丘利之锤,blocked_runtime,none,generic_runtime,distance_or_ratio_input,"[""distance_or_ratio_modifier""]","[{""path"":""最小验证/generic-g8-adc-passive-coverage-audit.json"",""legacyStatus"":""blocked"",""sourceRecordKey"":""hero_skill|hero_jayce|R|墨丘利之炮 / 墨丘利之锤""},{""path"":""最小验证/wiki-only-mechanism-candidate-registry.json"",""legacyStatus"":""registry_candidate"",""sourceRecordKey"":""hero_skill|hero_jayce|R|墨丘利之炮 / 墨丘利之锤""}]",Jayce,jayce-r,,[],数据参考/lol-wiki-current-champions/normalized/generic/jayce-r.json@rev3989867 sha256:5ef1aaf216a327c0aa1cc668944647fca887f43e6df2d8af1cb8c1b074709e98,provisional_unverified,runtime_contract_placeholder,"{""rank"":null,""resourceCost"":null,""cooldownMs"":null,""target"":null,""timing"":null,""formula"":null,""operationGraph"":null,""fixtures"":[],""completedBoundary"":null,""exclusions"":[]}","[{""id"":""wiki_identity_and_revision"",""state"":""pending""},{""id"":""wiki_numeric_contract"",""state"":""pending""},{""id"":""bounded_phase_a_plan"",""state"":""pending""},{""id"":""design_review_ready"",""state"":""pending""},{""id"":""backend_seed_and_junit"",""state"":""pending""},{""id"":""wasm_generic_test"",""state"":""pending""},{""id"":""g8_unified_audit"",""state"":""pending""},{""id"":""docs_and_governance"",""state"":""pending""}]","[""no_numeric_or_behavioral_fidelity_claim"",""no_runtime_support_claim"",""no_backend_materialization_claim"",""no_g8_or_unified_status_change"",""no_live_publish_or_migration"",""no_new_completed_full_or_ready_assertion""]"
hero_skill|hero_jayce|W|闪电领域 / 超能电荷,47,hero_skill,hero_jayce,W,闪电领域 / 超能电荷,blocked_runtime,none,generic_runtime,implementation_gap_no_unresolved_data_fields,"[""multi_target_or_area""]","[{""path"":""最小验证/generic-g8-adc-passive-coverage-audit.json"",""legacyStatus"":""blocked"",""sourceRecordKey"":""hero_skill|hero_jayce|W|闪电领域 / 超能电荷""},{""path"":""最小验证/wiki-only-mechanism-candidate-registry.json"",""legacyStatus"":""registry_candidate"",""sourceRecordKey"":""hero_skill|hero_jayce|W|闪电领域 / 超能电荷""}]",Jayce,jayce-w,,[],数据参考/lol-wiki-current-champions/normalized/generic/jayce-w.json@rev3948933 sha256:291798195515d3bfbb9656ce35f660c59ac54831ba74d14d5e4b1a9aedd9f0fa,provisional_unverified,runtime_contract_placeholder,"{""rank"":null,""resourceCost"":null,""cooldownMs"":null,""target"":null,""timing"":null,""formula"":null,""operationGraph"":null,""fixtures"":[],""completedBoundary"":null,""exclusions"":[]}","[{""id"":""wiki_identity_and_revision"",""state"":""pending""},{""id"":""wiki_numeric_contract"",""state"":""pending""},{""id"":""bounded_phase_a_plan"",""state"":""pending""},{""id"":""design_review_ready"",""state"":""pending""},{""id"":""backend_seed_and_junit"",""state"":""pending""},{""id"":""wasm_generic_test"",""state"":""pending""},{""id"":""g8_unified_audit"",""state"":""pending""},{""id"":""docs_and_governance"",""state"":""pending""}]","[""no_numeric_or_behavioral_fidelity_claim"",""no_runtime_support_claim"",""no_backend_materialization_claim"",""no_g8_or_unified_status_change"",""no_live_publish_or_migration"",""no_new_completed_full_or_ready_assertion""]"
hero_skill|hero_jhin|E|万众倾倒,53,hero_skill,hero_jhin,E,万众倾倒,blocked_runtime,none,generic_runtime,implementation_gap_no_unresolved_data_fields,"[""meta_or_non_target_dps""]","[{""path"":""最小验证/generic-g8-adc-passive-coverage-audit.json"",""legacyStatus"":""blocked"",""sourceRecordKey"":""hero_skill|hero_jhin|E|万众倾倒""},{""path"":""最小验证/wiki-only-mechanism-candidate-registry.json"",""legacyStatus"":""registry_candidate"",""sourceRecordKey"":""hero_skill|hero_jhin|E|万众倾倒""}]",Jhin,jhin-e,,[],数据参考/lol-wiki-current-champions/normalized/generic/jhin-e.json@rev4007613 sha256:bbb264e884128852cd9b90fc1965638e0903f88a8da4a500220966c4ff5596c0,provisional_unverified,runtime_contract_placeholder,"{""rank"":null,""resourceCost"":null,""cooldownMs"":null,""target"":null,""timing"":null,""formula"":null,""operationGraph"":null,""fixtures"":[],""completedBoundary"":null,""exclusions"":[]}","[{""id"":""wiki_identity_and_revision"",""state"":""pending""},{""id"":""wiki_numeric_contract"",""state"":""pending""},{""id"":""bounded_phase_a_plan"",""state"":""pending""},{""id"":""design_review_ready"",""state"":""pending""},{""id"":""backend_seed_and_junit"",""state"":""pending""},{""id"":""wasm_generic_test"",""state"":""pending""},{""id"":""g8_unified_audit"",""state"":""pending""},{""id"":""docs_and_governance"",""state"":""pending""}]","[""no_numeric_or_behavioral_fidelity_claim"",""no_runtime_support_claim"",""no_backend_materialization_claim"",""no_g8_or_unified_status_change"",""no_live_publish_or_migration"",""no_new_completed_full_or_ready_assertion""]"
hero_skill|hero_jhin|P|低语,50,hero_skill,hero_jhin,P,低语,blocked_runtime,none,generic_runtime,deterministic_random_crit_sequence,"[""deterministic_random_crit_sequence""]","[{""path"":""最小验证/generic-g8-adc-passive-coverage-audit.json"",""legacyStatus"":""blocked"",""sourceRecordKey"":""hero_skill|hero_jhin|P|低语""},{""path"":""最小验证/wiki-only-mechanism-candidate-registry.json"",""legacyStatus"":""registry_candidate"",""sourceRecordKey"":""hero_skill|hero_jhin|P|低语""}]",Jhin,jhin-p,,[],数据参考/lol-wiki-current-champions/normalized/generic/jhin-p.json@rev3998238 sha256:2ef6300374d29c05f039b78a3d750199cff0236f78c147064d434ee897db7cf5,provisional_unverified,runtime_contract_placeholder,"{""rank"":null,""resourceCost"":null,""cooldownMs"":null,""target"":null,""timing"":null,""formula"":null,""operationGraph"":null,""fixtures"":[],""completedBoundary"":null,""exclusions"":[]}","[{""id"":""wiki_identity_and_revision"",""state"":""pending""},{""id"":""wiki_numeric_contract"",""state"":""pending""},{""id"":""bounded_phase_a_plan"",""state"":""pending""},{""id"":""design_review_ready"",""state"":""pending""},{""id"":""backend_seed_and_junit"",""state"":""pending""},{""id"":""wasm_generic_test"",""state"":""pending""},{""id"":""g8_unified_audit"",""state"":""pending""},{""id"":""docs_and_governance"",""state"":""pending""}]","[""no_numeric_or_behavioral_fidelity_claim"",""no_runtime_support_claim"",""no_backend_materialization_claim"",""no_g8_or_unified_status_change"",""no_live_publish_or_migration"",""no_new_completed_full_or_ready_assertion""]"
hero_skill|hero_jhin|R|完美谢幕,54,hero_skill,hero_jhin,R,完美谢幕,blocked_runtime,none,generic_runtime,implementation_gap_no_unresolved_data_fields,"[""meta_or_non_target_dps""]","[{""path"":""最小验证/generic-g8-adc-passive-coverage-audit.json"",""legacyStatus"":""blocked"",""sourceRecordKey"":""hero_skill|hero_jhin|R|完美谢幕""},{""path"":""最小验证/wiki-only-mechanism-candidate-registry.json"",""legacyStatus"":""registry_candidate"",""sourceRecordKey"":""hero_skill|hero_jhin|R|完美谢幕""}]",Jhin,jhin-r,,[],数据参考/lol-wiki-current-champions/normalized/generic/jhin-r.json@rev4007615 sha256:6bfe695cbc8aec980b66db1ab4f998fd292ddc0619cb35beeda1d755f98d2cc0,provisional_unverified,runtime_contract_placeholder,"{""rank"":null,""resourceCost"":null,""cooldownMs"":null,""target"":null,""timing"":null,""formula"":null,""operationGraph"":null,""fixtures"":[],""completedBoundary"":null,""exclusions"":[]}","[{""id"":""wiki_identity_and_revision"",""state"":""pending""},{""id"":""wiki_numeric_contract"",""state"":""pending""},{""id"":""bounded_phase_a_plan"",""state"":""pending""},{""id"":""design_review_ready"",""state"":""pending""},{""id"":""backend_seed_and_junit"",""state"":""pending""},{""id"":""wasm_generic_test"",""state"":""pending""},{""id"":""g8_unified_audit"",""state"":""pending""},{""id"":""docs_and_governance"",""state"":""pending""}]","[""no_numeric_or_behavioral_fidelity_claim"",""no_runtime_support_claim"",""no_backend_materialization_claim"",""no_g8_or_unified_status_change"",""no_live_publish_or_migration"",""no_new_completed_full_or_ready_assertion""]"
hero_skill|hero_jinx|E|嚼火者手雷！,58,hero_skill,hero_jinx,E,嚼火者手雷！,blocked_runtime,none,generic_runtime,implementation_gap_no_unresolved_data_fields,"[""meta_or_non_target_dps""]","[{""path"":""最小验证/generic-g8-adc-passive-coverage-audit.json"",""legacyStatus"":""blocked"",""sourceRecordKey"":""hero_skill|hero_jinx|E|嚼火者手雷！""},{""path"":""最小验证/wiki-only-mechanism-candidate-registry.json"",""legacyStatus"":""registry_candidate"",""sourceRecordKey"":""hero_skill|hero_jinx|E|嚼火者手雷！""}]",Jinx,jinx-e,,[],数据参考/lol-wiki-current-champions/normalized/generic/jinx-e.json@rev3993368 sha256:64562ed4adb34c932810970fd9b9c016b46329d6f956541d334c60d2bc9d83ee,provisional_unverified,runtime_contract_placeholder,"{""rank"":null,""resourceCost"":null,""cooldownMs"":null,""target"":null,""timing"":null,""formula"":null,""operationGraph"":null,""fixtures"":[],""completedBoundary"":null,""exclusions"":[]}","[{""id"":""wiki_identity_and_revision"",""state"":""pending""},{""id"":""wiki_numeric_contract"",""state"":""pending""},{""id"":""bounded_phase_a_plan"",""state"":""pending""},{""id"":""design_review_ready"",""state"":""pending""},{""id"":""backend_seed_and_junit"",""state"":""pending""},{""id"":""wasm_generic_test"",""state"":""pending""},{""id"":""g8_unified_audit"",""state"":""pending""},{""id"":""docs_and_governance"",""state"":""pending""}]","[""no_numeric_or_behavioral_fidelity_claim"",""no_runtime_support_claim"",""no_backend_materialization_claim"",""no_g8_or_unified_status_change"",""no_live_publish_or_migration"",""no_new_completed_full_or_ready_assertion""]"
hero_skill|hero_jinx|Q|枪炮交响曲！,56,hero_skill,hero_jinx,Q,枪炮交响曲！,blocked_runtime,none,generic_runtime,implementation_gap_no_unresolved_data_fields,"[""multi_target_or_area""]","[{""path"":""最小验证/generic-g8-adc-passive-coverage-audit.json"",""legacyStatus"":""blocked"",""sourceRecordKey"":""hero_skill|hero_jinx|Q|枪炮交响曲！""},{""path"":""最小验证/wiki-only-mechanism-candidate-registry.json"",""legacyStatus"":""registry_candidate"",""sourceRecordKey"":""hero_skill|hero_jinx|Q|枪炮交响曲！""}]",Jinx,jinx-q,,[],数据参考/lol-wiki-current-champions/normalized/generic/jinx-q.json@rev3992483 sha256:a4a11490d120a72ac8364ac1de8c1ea560badaa50f7cc5de3a4a4ab04b10186a,provisional_unverified,runtime_contract_placeholder,"{""rank"":null,""resourceCost"":null,""cooldownMs"":null,""target"":null,""timing"":null,""formula"":null,""operationGraph"":null,""fixtures"":[],""completedBoundary"":null,""exclusions"":[]}","[{""id"":""wiki_identity_and_revision"",""state"":""pending""},{""id"":""wiki_numeric_contract"",""state"":""pending""},{""id"":""bounded_phase_a_plan"",""state"":""pending""},{""id"":""design_review_ready"",""state"":""pending""},{""id"":""backend_seed_and_junit"",""state"":""pending""},{""id"":""wasm_generic_test"",""state"":""pending""},{""id"":""g8_unified_audit"",""state"":""pending""},{""id"":""docs_and_governance"",""state"":""pending""}]","[""no_numeric_or_behavioral_fidelity_claim"",""no_runtime_support_claim"",""no_backend_materialization_claim"",""no_g8_or_unified_status_change"",""no_live_publish_or_migration"",""no_new_completed_full_or_ready_assertion""]"
hero_skill|hero_jinx|R|超究极死神飞弹！,59,hero_skill,hero_jinx,R,超究极死神飞弹！,blocked_runtime,none,generic_runtime,implementation_gap_no_unresolved_data_fields,"[""meta_or_non_target_dps""]","[{""path"":""最小验证/generic-g8-adc-passive-coverage-audit.json"",""legacyStatus"":""blocked"",""sourceRecordKey"":""hero_skill|hero_jinx|R|超究极死神飞弹！""},{""path"":""最小验证/wiki-only-mechanism-candidate-registry.json"",""legacyStatus"":""registry_candidate"",""sourceRecordKey"":""hero_skill|hero_jinx|R|超究极死神飞弹！""}]",Jinx,jinx-r,,[],数据参考/lol-wiki-current-champions/normalized/generic/jinx-r.json@rev4007616 sha256:17ec580b10e2e4e8a0650682afc52ea8fc2b79a9ffbe7b93e9361c4f5c710a87,provisional_unverified,runtime_contract_placeholder,"{""rank"":null,""resourceCost"":null,""cooldownMs"":null,""target"":null,""timing"":null,""formula"":null,""operationGraph"":null,""fixtures"":[],""completedBoundary"":null,""exclusions"":[]}","[{""id"":""wiki_identity_and_revision"",""state"":""pending""},{""id"":""wiki_numeric_contract"",""state"":""pending""},{""id"":""bounded_phase_a_plan"",""state"":""pending""},{""id"":""design_review_ready"",""state"":""pending""},{""id"":""backend_seed_and_junit"",""state"":""pending""},{""id"":""wasm_generic_test"",""state"":""pending""},{""id"":""g8_unified_audit"",""state"":""pending""},{""id"":""docs_and_governance"",""state"":""pending""}]","[""no_numeric_or_behavioral_fidelity_claim"",""no_runtime_support_claim"",""no_backend_materialization_claim"",""no_g8_or_unified_status_change"",""no_live_publish_or_migration"",""no_new_completed_full_or_ready_assertion""]"
hero_skill|hero_kaisa|Q|艾卡西亚暴雨,61,hero_skill,hero_kaisa,Q,艾卡西亚暴雨,blocked_runtime,none,generic_runtime,implementation_gap_no_unresolved_data_fields,"[""meta_or_non_target_dps""]","[{""path"":""最小验证/generic-g8-adc-passive-coverage-audit.json"",""legacyStatus"":""blocked"",""sourceRecordKey"":""hero_skill|hero_kaisa|Q|艾卡西亚暴雨""},{""path"":""最小验证/wiki-only-mechanism-candidate-registry.json"",""legacyStatus"":""registry_candidate"",""sourceRecordKey"":""hero_skill|hero_kaisa|Q|艾卡西亚暴雨""}]",Kai'Sa,kaisa-q,,[],数据参考/lol-wiki-current-champions/normalized/generic/kaisa-q.json@rev4038389 sha256:49de9f47013759a95cad6b8e671efb61d3d8adac02901e70c902b59fc945f71b,provisional_unverified,runtime_contract_placeholder,"{""rank"":null,""resourceCost"":null,""cooldownMs"":null,""target"":null,""timing"":null,""formula"":null,""operationGraph"":null,""fixtures"":[],""completedBoundary"":null,""exclusions"":[]}","[{""id"":""wiki_identity_and_revision"",""state"":""pending""},{""id"":""wiki_numeric_contract"",""state"":""pending""},{""id"":""bounded_phase_a_plan"",""state"":""pending""},{""id"":""design_review_ready"",""state"":""pending""},{""id"":""backend_seed_and_junit"",""state"":""pending""},{""id"":""wasm_generic_test"",""state"":""pending""},{""id"":""g8_unified_audit"",""state"":""pending""},{""id"":""docs_and_governance"",""state"":""pending""}]","[""no_numeric_or_behavioral_fidelity_claim"",""no_runtime_support_claim"",""no_backend_materialization_claim"",""no_g8_or_unified_status_change"",""no_live_publish_or_migration"",""no_new_completed_full_or_ready_assertion""]"
hero_skill|hero_kalista|E|撕裂,68,hero_skill,hero_kalista,E,撕裂,blocked_runtime,none,generic_runtime,implementation_gap_no_unresolved_data_fields,"[""multi_target_or_area""]","[{""path"":""最小验证/generic-g8-adc-passive-coverage-audit.json"",""legacyStatus"":""blocked"",""sourceRecordKey"":""hero_skill|hero_kalista|E|撕裂""},{""path"":""最小验证/wiki-only-mechanism-candidate-registry.json"",""legacyStatus"":""registry_candidate"",""sourceRecordKey"":""hero_skill|hero_kalista|E|撕裂""}]",Kalista,kalista-e,,[],数据参考/lol-wiki-current-champions/normalized/generic/kalista-e.json@rev4004071 sha256:6b94b5174a623058abbee2e716ea59298a2ddc3b79741660b89faf4e6913ede7,provisional_unverified,runtime_contract_placeholder,"{""rank"":null,""resourceCost"":null,""cooldownMs"":null,""target"":null,""timing"":null,""formula"":null,""operationGraph"":null,""fixtures"":[],""completedBoundary"":null,""exclusions"":[]}","[{""id"":""wiki_identity_and_revision"",""state"":""pending""},{""id"":""wiki_numeric_contract"",""state"":""pending""},{""id"":""bounded_phase_a_plan"",""state"":""pending""},{""id"":""design_review_ready"",""state"":""pending""},{""id"":""backend_seed_and_junit"",""state"":""pending""},{""id"":""wasm_generic_test"",""state"":""pending""},{""id"":""g8_unified_audit"",""state"":""pending""},{""id"":""docs_and_governance"",""state"":""pending""}]","[""no_numeric_or_behavioral_fidelity_claim"",""no_runtime_support_claim"",""no_backend_materialization_claim"",""no_g8_or_unified_status_change"",""no_live_publish_or_migration"",""no_new_completed_full_or_ready_assertion""]"
hero_skill|hero_kalista|W|哨兵,67,hero_skill,hero_kalista,W,哨兵,blocked_runtime,none,generic_runtime,implementation_gap_no_unresolved_data_fields,"[""meta_or_non_target_dps""]","[{""path"":""最小验证/generic-g8-adc-passive-coverage-audit.json"",""legacyStatus"":""blocked"",""sourceRecordKey"":""hero_skill|hero_kalista|W|哨兵""},{""path"":""最小验证/wiki-only-mechanism-candidate-registry.json"",""legacyStatus"":""registry_candidate"",""sourceRecordKey"":""hero_skill|hero_kalista|W|哨兵""}]",Kalista,kalista-w,,[],数据参考/lol-wiki-current-champions/normalized/generic/kalista-w.json@rev4007621 sha256:d5b77c4c464ee11521130013b07ed004444bb20e442ee53379fd5ec9802c2e2d,provisional_unverified,runtime_contract_placeholder,"{""rank"":null,""resourceCost"":null,""cooldownMs"":null,""target"":null,""timing"":null,""formula"":null,""operationGraph"":null,""fixtures"":[],""completedBoundary"":null,""exclusions"":[]}","[{""id"":""wiki_identity_and_revision"",""state"":""pending""},{""id"":""wiki_numeric_contract"",""state"":""pending""},{""id"":""bounded_phase_a_plan"",""state"":""pending""},{""id"":""design_review_ready"",""state"":""pending""},{""id"":""backend_seed_and_junit"",""state"":""pending""},{""id"":""wasm_generic_test"",""state"":""pending""},{""id"":""g8_unified_audit"",""state"":""pending""},{""id"":""docs_and_governance"",""state"":""pending""}]","[""no_numeric_or_behavioral_fidelity_claim"",""no_runtime_support_claim"",""no_backend_materialization_claim"",""no_g8_or_unified_status_change"",""no_live_publish_or_migration"",""no_new_completed_full_or_ready_assertion""]"
hero_skill|hero_kayle|E|星火符刃,73,hero_skill,hero_kayle,E,星火符刃,blocked_runtime,none,generic_runtime,implementation_gap_no_unresolved_data_fields,"[""multi_target_or_area""]","[{""path"":""最小验证/generic-g8-adc-passive-coverage-audit.json"",""legacyStatus"":""blocked"",""sourceRecordKey"":""hero_skill|hero_kayle|E|星火符刃""},{""path"":""最小验证/wiki-only-mechanism-candidate-registry.json"",""legacyStatus"":""registry_candidate"",""sourceRecordKey"":""hero_skill|hero_kayle|E|星火符刃""}]",Kayle,kayle-e,,[],数据参考/lol-wiki-current-champions/normalized/generic/kayle-e.json@rev3982990 sha256:2b0a053f7f651c1f822100256bc2126987de1ec4aa4003d7d4c761d132aca4b3,provisional_unverified,runtime_contract_placeholder,"{""rank"":null,""resourceCost"":null,""cooldownMs"":null,""target"":null,""timing"":null,""formula"":null,""operationGraph"":null,""fixtures"":[],""completedBoundary"":null,""exclusions"":[]}","[{""id"":""wiki_identity_and_revision"",""state"":""pending""},{""id"":""wiki_numeric_contract"",""state"":""pending""},{""id"":""bounded_phase_a_plan"",""state"":""pending""},{""id"":""design_review_ready"",""state"":""pending""},{""id"":""backend_seed_and_junit"",""state"":""pending""},{""id"":""wasm_generic_test"",""state"":""pending""},{""id"":""g8_unified_audit"",""state"":""pending""},{""id"":""docs_and_governance"",""state"":""pending""}]","[""no_numeric_or_behavioral_fidelity_claim"",""no_runtime_support_claim"",""no_backend_materialization_claim"",""no_g8_or_unified_status_change"",""no_live_publish_or_migration"",""no_new_completed_full_or_ready_assertion""]"
hero_skill|hero_kayle|P|登神长阶,70,hero_skill,hero_kayle,P,登神长阶,blocked_runtime,none,generic_runtime,distance_or_ratio_input,"[""distance_or_ratio_modifier""]","[{""path"":""最小验证/generic-g8-adc-passive-coverage-audit.json"",""legacyStatus"":""blocked"",""sourceRecordKey"":""hero_skill|hero_kayle|P|登神长阶""},{""path"":""最小验证/wiki-only-mechanism-candidate-registry.json"",""legacyStatus"":""registry_candidate"",""sourceRecordKey"":""hero_skill|hero_kayle|P|登神长阶""}]",Kayle,kayle-p,,[],数据参考/lol-wiki-current-champions/normalized/generic/kayle-p.json@rev4038393 sha256:57059ceeffcd2a5988c64b9ea63552a6c7837cc4dffb4c02803f288b7c629a81,provisional_unverified,runtime_contract_placeholder,"{""rank"":null,""resourceCost"":null,""cooldownMs"":null,""target"":null,""timing"":null,""formula"":null,""operationGraph"":null,""fixtures"":[],""completedBoundary"":null,""exclusions"":[]}","[{""id"":""wiki_identity_and_revision"",""state"":""pending""},{""id"":""wiki_numeric_contract"",""state"":""pending""},{""id"":""bounded_phase_a_plan"",""state"":""pending""},{""id"":""design_review_ready"",""state"":""pending""},{""id"":""backend_seed_and_junit"",""state"":""pending""},{""id"":""wasm_generic_test"",""state"":""pending""},{""id"":""g8_unified_audit"",""state"":""pending""},{""id"":""docs_and_governance"",""state"":""pending""}]","[""no_numeric_or_behavioral_fidelity_claim"",""no_runtime_support_claim"",""no_backend_materialization_claim"",""no_g8_or_unified_status_change"",""no_live_publish_or_migration"",""no_new_completed_full_or_ready_assertion""]"
hero_skill|hero_kayle|R|圣裁之刻,74,hero_skill,hero_kayle,R,圣裁之刻,blocked_runtime,none,generic_runtime,implementation_gap_no_unresolved_data_fields,"[""multi_target_or_area""]","[{""path"":""最小验证/generic-g8-adc-passive-coverage-audit.json"",""legacyStatus"":""blocked"",""sourceRecordKey"":""hero_skill|hero_kayle|R|圣裁之刻""},{""path"":""最小验证/wiki-only-mechanism-candidate-registry.json"",""legacyStatus"":""registry_candidate"",""sourceRecordKey"":""hero_skill|hero_kayle|R|圣裁之刻""}]",Kayle,kayle-r,,[],数据参考/lol-wiki-current-champions/normalized/generic/kayle-r.json@rev3962015 sha256:58ddb9c5d041d7741263b05a24de93a123bc83bf7261bcfec77b8dba3042b21f,provisional_unverified,runtime_contract_placeholder,"{""rank"":null,""resourceCost"":null,""cooldownMs"":null,""target"":null,""timing"":null,""formula"":null,""operationGraph"":null,""fixtures"":[],""completedBoundary"":null,""exclusions"":[]}","[{""id"":""wiki_identity_and_revision"",""state"":""pending""},{""id"":""wiki_numeric_contract"",""state"":""pending""},{""id"":""bounded_phase_a_plan"",""state"":""pending""},{""id"":""design_review_ready"",""state"":""pending""},{""id"":""backend_seed_and_junit"",""state"":""pending""},{""id"":""wasm_generic_test"",""state"":""pending""},{""id"":""g8_unified_audit"",""state"":""pending""},{""id"":""docs_and_governance"",""state"":""pending""}]","[""no_numeric_or_behavioral_fidelity_claim"",""no_runtime_support_claim"",""no_backend_materialization_claim"",""no_g8_or_unified_status_change"",""no_live_publish_or_migration"",""no_new_completed_full_or_ready_assertion""]"
hero_skill|hero_kindred|E|横生惧意,78,hero_skill,hero_kindred,E,横生惧意,blocked_runtime,none,generic_runtime,distance_or_ratio_input,"[""distance_or_ratio_modifier""]","[{""path"":""最小验证/generic-g8-adc-passive-coverage-audit.json"",""legacyStatus"":""blocked"",""sourceRecordKey"":""hero_skill|hero_kindred|E|横生惧意""},{""path"":""最小验证/wiki-only-mechanism-candidate-registry.json"",""legacyStatus"":""registry_candidate"",""sourceRecordKey"":""hero_skill|hero_kindred|E|横生惧意""}]",Kindred,kindred-e,,[],数据参考/lol-wiki-current-champions/normalized/generic/kindred-e.json@rev4022506 sha256:19b3fcaebacc7f41676122e57574eb3e4a91cbc838a915439c02f6cca79bf5b4,provisional_unverified,runtime_contract_placeholder,"{""rank"":null,""resourceCost"":null,""cooldownMs"":null,""target"":null,""timing"":null,""formula"":null,""operationGraph"":null,""fixtures"":[],""completedBoundary"":null,""exclusions"":[]}","[{""id"":""wiki_identity_and_revision"",""state"":""pending""},{""id"":""wiki_numeric_contract"",""state"":""pending""},{""id"":""bounded_phase_a_plan"",""state"":""pending""},{""id"":""design_review_ready"",""state"":""pending""},{""id"":""backend_seed_and_junit"",""state"":""pending""},{""id"":""wasm_generic_test"",""state"":""pending""},{""id"":""g8_unified_audit"",""state"":""pending""},{""id"":""docs_and_governance"",""state"":""pending""}]","[""no_numeric_or_behavioral_fidelity_claim"",""no_runtime_support_claim"",""no_backend_materialization_claim"",""no_g8_or_unified_status_change"",""no_live_publish_or_migration"",""no_new_completed_full_or_ready_assertion""]"
hero_skill|hero_kindred|Q|乱箭之舞,76,hero_skill,hero_kindred,Q,乱箭之舞,blocked_runtime,none,generic_runtime,implementation_gap_no_unresolved_data_fields,"[""multi_target_or_area""]","[{""path"":""最小验证/generic-g8-adc-passive-coverage-audit.json"",""legacyStatus"":""blocked"",""sourceRecordKey"":""hero_skill|hero_kindred|Q|乱箭之舞""},{""path"":""最小验证/wiki-only-mechanism-candidate-registry.json"",""legacyStatus"":""registry_candidate"",""sourceRecordKey"":""hero_skill|hero_kindred|Q|乱箭之舞""}]",Kindred,kindred-q,,[],数据参考/lol-wiki-current-champions/normalized/generic/kindred-q.json@rev4007746 sha256:283e590573c7df7385cf317dd4bf881f84af6227080f444ead1d3fd11bb9f3a0,provisional_unverified,runtime_contract_placeholder,"{""rank"":null,""resourceCost"":null,""cooldownMs"":null,""target"":null,""timing"":null,""formula"":null,""operationGraph"":null,""fixtures"":[],""completedBoundary"":null,""exclusions"":[]}","[{""id"":""wiki_identity_and_revision"",""state"":""pending""},{""id"":""wiki_numeric_contract"",""state"":""pending""},{""id"":""bounded_phase_a_plan"",""state"":""pending""},{""id"":""design_review_ready"",""state"":""pending""},{""id"":""backend_seed_and_junit"",""state"":""pending""},{""id"":""wasm_generic_test"",""state"":""pending""},{""id"":""g8_unified_audit"",""state"":""pending""},{""id"":""docs_and_governance"",""state"":""pending""}]","[""no_numeric_or_behavioral_fidelity_claim"",""no_runtime_support_claim"",""no_backend_materialization_claim"",""no_g8_or_unified_status_change"",""no_live_publish_or_migration"",""no_new_completed_full_or_ready_assertion""]"
hero_skill|hero_kindred|W|狼灵狂热,77,hero_skill,hero_kindred,W,狼灵狂热,blocked_runtime,none,generic_runtime,implementation_gap_no_unresolved_data_fields,"[""multi_target_or_area""]","[{""path"":""最小验证/generic-g8-adc-passive-coverage-audit.json"",""legacyStatus"":""blocked"",""sourceRecordKey"":""hero_skill|hero_kindred|W|狼灵狂热""},{""path"":""最小验证/wiki-only-mechanism-candidate-registry.json"",""legacyStatus"":""registry_candidate"",""sourceRecordKey"":""hero_skill|hero_kindred|W|狼灵狂热""}]",Kindred,kindred-w,,[],数据参考/lol-wiki-current-champions/normalized/generic/kindred-w.json@rev4038396 sha256:0bf8193ea5a15df5822b58d5a5412defe2a26f5fc8524100b14d0fe793f08185,provisional_unverified,runtime_contract_placeholder,"{""rank"":null,""resourceCost"":null,""cooldownMs"":null,""target"":null,""timing"":null,""formula"":null,""operationGraph"":null,""fixtures"":[],""completedBoundary"":null,""exclusions"":[]}","[{""id"":""wiki_identity_and_revision"",""state"":""pending""},{""id"":""wiki_numeric_contract"",""state"":""pending""},{""id"":""bounded_phase_a_plan"",""state"":""pending""},{""id"":""design_review_ready"",""state"":""pending""},{""id"":""backend_seed_and_junit"",""state"":""pending""},{""id"":""wasm_generic_test"",""state"":""pending""},{""id"":""g8_unified_audit"",""state"":""pending""},{""id"":""docs_and_governance"",""state"":""pending""}]","[""no_numeric_or_behavioral_fidelity_claim"",""no_runtime_support_claim"",""no_backend_materialization_claim"",""no_g8_or_unified_status_change"",""no_live_publish_or_migration"",""no_new_completed_full_or_ready_assertion""]"
hero_skill|hero_kogmaw|P|来自艾卡西亚的惊喜,80,hero_skill,hero_kogmaw,P,来自艾卡西亚的惊喜,blocked_runtime,none,generic_runtime,implementation_gap_no_unresolved_data_fields,"[""multi_target_or_area""]","[{""path"":""最小验证/generic-g8-adc-passive-coverage-audit.json"",""legacyStatus"":""blocked"",""sourceRecordKey"":""hero_skill|hero_kogmaw|P|来自艾卡西亚的惊喜""},{""path"":""最小验证/wiki-only-mechanism-candidate-registry.json"",""legacyStatus"":""registry_candidate"",""sourceRecordKey"":""hero_skill|hero_kogmaw|P|来自艾卡西亚的惊喜""}]",Kog'Maw,kogmaw-p,,[],数据参考/lol-wiki-current-champions/normalized/generic/kogmaw-p.json@rev4038400 sha256:b2fce14041b308df48350e51bd49e4211798d39ba3343f1ada899ba7637bb583,provisional_unverified,runtime_contract_placeholder,"{""rank"":null,""resourceCost"":null,""cooldownMs"":null,""target"":null,""timing"":null,""formula"":null,""operationGraph"":null,""fixtures"":[],""completedBoundary"":null,""exclusions"":[]}","[{""id"":""wiki_identity_and_revision"",""state"":""pending""},{""id"":""wiki_numeric_contract"",""state"":""pending""},{""id"":""bounded_phase_a_plan"",""state"":""pending""},{""id"":""design_review_ready"",""state"":""pending""},{""id"":""backend_seed_and_junit"",""state"":""pending""},{""id"":""wasm_generic_test"",""state"":""pending""},{""id"":""g8_unified_audit"",""state"":""pending""},{""id"":""docs_and_governance"",""state"":""pending""}]","[""no_numeric_or_behavioral_fidelity_claim"",""no_runtime_support_claim"",""no_backend_materialization_claim"",""no_g8_or_unified_status_change"",""no_live_publish_or_migration"",""no_new_completed_full_or_ready_assertion""]"
hero_skill|hero_lucian|P|圣光银弹,85,hero_skill,hero_lucian,P,圣光银弹,blocked_runtime,none,generic_runtime,implementation_gap_no_unresolved_data_fields,"[""meta_or_non_target_dps""]","[{""path"":""最小验证/generic-g8-adc-passive-coverage-audit.json"",""legacyStatus"":""blocked"",""sourceRecordKey"":""hero_skill|hero_lucian|P|圣光银弹""},{""path"":""最小验证/wiki-only-mechanism-candidate-registry.json"",""legacyStatus"":""registry_candidate"",""sourceRecordKey"":""hero_skill|hero_lucian|P|圣光银弹""}]",Lucian,lucian-p,,[],数据参考/lol-wiki-current-champions/normalized/generic/lucian-p.json@rev4041164 sha256:2075552afd37574e37c167fb7f2d937d2cb00d24999b59dd494c15dd819cd158,provisional_unverified,runtime_contract_placeholder,"{""rank"":null,""resourceCost"":null,""cooldownMs"":null,""target"":null,""timing"":null,""formula"":null,""operationGraph"":null,""fixtures"":[],""completedBoundary"":null,""exclusions"":[]}","[{""id"":""wiki_identity_and_revision"",""state"":""pending""},{""id"":""wiki_numeric_contract"",""state"":""pending""},{""id"":""bounded_phase_a_plan"",""state"":""pending""},{""id"":""design_review_ready"",""state"":""pending""},{""id"":""backend_seed_and_junit"",""state"":""pending""},{""id"":""wasm_generic_test"",""state"":""pending""},{""id"":""g8_unified_audit"",""state"":""pending""},{""id"":""docs_and_governance"",""state"":""pending""}]","[""no_numeric_or_behavioral_fidelity_claim"",""no_runtime_support_claim"",""no_backend_materialization_claim"",""no_g8_or_unified_status_change"",""no_live_publish_or_migration"",""no_new_completed_full_or_ready_assertion""]"
hero_skill|hero_missfortune|E|枪林弹雨,93,hero_skill,hero_missfortune,E,枪林弹雨,blocked_runtime,none,generic_runtime,implementation_gap_no_unresolved_data_fields,"[""meta_or_non_target_dps""]","[{""path"":""最小验证/generic-g8-adc-passive-coverage-audit.json"",""legacyStatus"":""blocked"",""sourceRecordKey"":""hero_skill|hero_missfortune|E|枪林弹雨""},{""path"":""最小验证/wiki-only-mechanism-candidate-registry.json"",""legacyStatus"":""registry_candidate"",""sourceRecordKey"":""hero_skill|hero_missfortune|E|枪林弹雨""}]",Miss Fortune,missfortune-e,,[],数据参考/lol-wiki-current-champions/normalized/generic/missfortune-e.json@rev3936384 sha256:a38b513373be3b0491f7c967af8827dbdc9196452e5feb25614af3b78ab286f7,provisional_unverified,runtime_contract_placeholder,"{""rank"":null,""resourceCost"":null,""cooldownMs"":null,""target"":null,""timing"":null,""formula"":null,""operationGraph"":null,""fixtures"":[],""completedBoundary"":null,""exclusions"":[]}","[{""id"":""wiki_identity_and_revision"",""state"":""pending""},{""id"":""wiki_numeric_contract"",""state"":""pending""},{""id"":""bounded_phase_a_plan"",""state"":""pending""},{""id"":""design_review_ready"",""state"":""pending""},{""id"":""backend_seed_and_junit"",""state"":""pending""},{""id"":""wasm_generic_test"",""state"":""pending""},{""id"":""g8_unified_audit"",""state"":""pending""},{""id"":""docs_and_governance"",""state"":""pending""}]","[""no_numeric_or_behavioral_fidelity_claim"",""no_runtime_support_claim"",""no_backend_materialization_claim"",""no_g8_or_unified_status_change"",""no_live_publish_or_migration"",""no_new_completed_full_or_ready_assertion""]"
hero_skill|hero_missfortune|P|厄运的眷顾,90,hero_skill,hero_missfortune,P,厄运的眷顾,blocked_runtime,none,generic_runtime,implementation_gap_no_unresolved_data_fields,"[""dps_relevant_manual_review""]","[{""path"":""最小验证/generic-g8-adc-passive-coverage-audit.json"",""legacyStatus"":""blocked"",""sourceRecordKey"":""hero_skill|hero_missfortune|P|厄运的眷顾""},{""path"":""最小验证/wiki-only-mechanism-candidate-registry.json"",""legacyStatus"":""registry_candidate"",""sourceRecordKey"":""hero_skill|hero_missfortune|P|厄运的眷顾""}]",Miss Fortune,missfortune-p,,[],数据参考/lol-wiki-current-champions/normalized/generic/missfortune-p.json@rev4027989 sha256:2ed72684109983e9116050fcc34d6536903b9d04c0569f6633f4b734daae7527,provisional_unverified,runtime_contract_placeholder,"{""rank"":null,""resourceCost"":null,""cooldownMs"":null,""target"":null,""timing"":null,""formula"":null,""operationGraph"":null,""fixtures"":[],""completedBoundary"":null,""exclusions"":[]}","[{""id"":""wiki_identity_and_revision"",""state"":""pending""},{""id"":""wiki_numeric_contract"",""state"":""pending""},{""id"":""bounded_phase_a_plan"",""state"":""pending""},{""id"":""design_review_ready"",""state"":""pending""},{""id"":""backend_seed_and_junit"",""state"":""pending""},{""id"":""wasm_generic_test"",""state"":""pending""},{""id"":""g8_unified_audit"",""state"":""pending""},{""id"":""docs_and_governance"",""state"":""pending""}]","[""no_numeric_or_behavioral_fidelity_claim"",""no_runtime_support_claim"",""no_backend_materialization_claim"",""no_g8_or_unified_status_change"",""no_live_publish_or_migration"",""no_new_completed_full_or_ready_assertion""]"
hero_skill|hero_missfortune|Q|一箭双雕,91,hero_skill,hero_missfortune,Q,一箭双雕,blocked_runtime,none,generic_runtime,implementation_gap_no_unresolved_data_fields,"[""multi_target_or_area""]","[{""path"":""最小验证/generic-g8-adc-passive-coverage-audit.json"",""legacyStatus"":""blocked"",""sourceRecordKey"":""hero_skill|hero_missfortune|Q|一箭双雕""},{""path"":""最小验证/wiki-only-mechanism-candidate-registry.json"",""legacyStatus"":""registry_candidate"",""sourceRecordKey"":""hero_skill|hero_missfortune|Q|一箭双雕""}]",Miss Fortune,missfortune-q,,[],数据参考/lol-wiki-current-champions/normalized/generic/missfortune-q.json@rev3993572 sha256:0a54b482c654246ae877966b87882d49ab73fc9fad075e5483a04b3b7081e1ed,provisional_unverified,runtime_contract_placeholder,"{""rank"":null,""resourceCost"":null,""cooldownMs"":null,""target"":null,""timing"":null,""formula"":null,""operationGraph"":null,""fixtures"":[],""completedBoundary"":null,""exclusions"":[]}","[{""id"":""wiki_identity_and_revision"",""state"":""pending""},{""id"":""wiki_numeric_contract"",""state"":""pending""},{""id"":""bounded_phase_a_plan"",""state"":""pending""},{""id"":""design_review_ready"",""state"":""pending""},{""id"":""backend_seed_and_junit"",""state"":""pending""},{""id"":""wasm_generic_test"",""state"":""pending""},{""id"":""g8_unified_audit"",""state"":""pending""},{""id"":""docs_and_governance"",""state"":""pending""}]","[""no_numeric_or_behavioral_fidelity_claim"",""no_runtime_support_claim"",""no_backend_materialization_claim"",""no_g8_or_unified_status_change"",""no_live_publish_or_migration"",""no_new_completed_full_or_ready_assertion""]"
hero_skill|hero_missfortune|R|弹幕时间,94,hero_skill,hero_missfortune,R,弹幕时间,blocked_runtime,none,generic_runtime,deterministic_random_crit_sequence,"[""deterministic_random_crit_sequence""]","[{""path"":""最小验证/generic-g8-adc-passive-coverage-audit.json"",""legacyStatus"":""blocked"",""sourceRecordKey"":""hero_skill|hero_missfortune|R|弹幕时间""},{""path"":""最小验证/wiki-only-mechanism-candidate-registry.json"",""legacyStatus"":""registry_candidate"",""sourceRecordKey"":""hero_skill|hero_missfortune|R|弹幕时间""}]",Miss Fortune,missfortune-r,,[],数据参考/lol-wiki-current-champions/normalized/generic/missfortune-r.json@rev3987215 sha256:354cac88f79defa26369f485743f697bf61b50a814b008a8aa6c308b7e394d8a,provisional_unverified,runtime_contract_placeholder,"{""rank"":null,""resourceCost"":null,""cooldownMs"":null,""target"":null,""timing"":null,""formula"":null,""operationGraph"":null,""fixtures"":[],""completedBoundary"":null,""exclusions"":[]}","[{""id"":""wiki_identity_and_revision"",""state"":""pending""},{""id"":""wiki_numeric_contract"",""state"":""pending""},{""id"":""bounded_phase_a_plan"",""state"":""pending""},{""id"":""design_review_ready"",""state"":""pending""},{""id"":""backend_seed_and_junit"",""state"":""pending""},{""id"":""wasm_generic_test"",""state"":""pending""},{""id"":""g8_unified_audit"",""state"":""pending""},{""id"":""docs_and_governance"",""state"":""pending""}]","[""no_numeric_or_behavioral_fidelity_claim"",""no_runtime_support_claim"",""no_backend_materialization_claim"",""no_g8_or_unified_status_change"",""no_live_publish_or_migration"",""no_new_completed_full_or_ready_assertion""]"
hero_skill|hero_missfortune|W|大步流星,92,hero_skill,hero_missfortune,W,大步流星,blocked_runtime,none,generic_runtime,blocked_data,"[""cooldown_or_haste_without_rotation""]","[{""path"":""最小验证/generic-g8-adc-passive-coverage-audit.json"",""legacyStatus"":""blocked"",""sourceRecordKey"":""hero_skill|hero_missfortune|W|大步流星""},{""path"":""最小验证/wiki-only-mechanism-candidate-registry.json"",""legacyStatus"":""registry_candidate"",""sourceRecordKey"":""hero_skill|hero_missfortune|W|大步流星""}]",Miss Fortune,missfortune-w,,[],数据参考/lol-wiki-current-champions/normalized/generic/missfortune-w.json@rev4015416 sha256:ce7f3c75f7fde611ed0edd3f61b0ac306fb9896038f81214a88998ca84bd892f,provisional_unverified,runtime_contract_placeholder,"{""rank"":null,""resourceCost"":null,""cooldownMs"":null,""target"":null,""timing"":null,""formula"":null,""operationGraph"":null,""fixtures"":[],""completedBoundary"":null,""exclusions"":[]}","[{""id"":""wiki_identity_and_revision"",""state"":""pending""},{""id"":""wiki_numeric_contract"",""state"":""pending""},{""id"":""bounded_phase_a_plan"",""state"":""pending""},{""id"":""design_review_ready"",""state"":""pending""},{""id"":""backend_seed_and_junit"",""state"":""pending""},{""id"":""wasm_generic_test"",""state"":""pending""},{""id"":""g8_unified_audit"",""state"":""pending""},{""id"":""docs_and_governance"",""state"":""pending""}]","[""no_numeric_or_behavioral_fidelity_claim"",""no_runtime_support_claim"",""no_backend_materialization_claim"",""no_g8_or_unified_status_change"",""no_live_publish_or_migration"",""no_new_completed_full_or_ready_assertion""]"
hero_skill|hero_quinn|R|深入敌后,99,hero_skill,hero_quinn,R,深入敌后,blocked_runtime,none,generic_runtime,implementation_gap_no_unresolved_data_fields,"[""multi_target_or_area""]","[{""path"":""最小验证/generic-g8-adc-passive-coverage-audit.json"",""legacyStatus"":""blocked"",""sourceRecordKey"":""hero_skill|hero_quinn|R|深入敌后""},{""path"":""最小验证/wiki-only-mechanism-candidate-registry.json"",""legacyStatus"":""registry_candidate"",""sourceRecordKey"":""hero_skill|hero_quinn|R|深入敌后""}]",Quinn,quinn-r,,[],数据参考/lol-wiki-current-champions/normalized/generic/quinn-r.json@rev4021953 sha256:dcb0152c001edd23b95b81d2a8da588ce46ed0e658def89615bf3cc36e1aaa8c,provisional_unverified,runtime_contract_placeholder,"{""rank"":null,""resourceCost"":null,""cooldownMs"":null,""target"":null,""timing"":null,""formula"":null,""operationGraph"":null,""fixtures"":[],""completedBoundary"":null,""exclusions"":[]}","[{""id"":""wiki_identity_and_revision"",""state"":""pending""},{""id"":""wiki_numeric_contract"",""state"":""pending""},{""id"":""bounded_phase_a_plan"",""state"":""pending""},{""id"":""design_review_ready"",""state"":""pending""},{""id"":""backend_seed_and_junit"",""state"":""pending""},{""id"":""wasm_generic_test"",""state"":""pending""},{""id"":""g8_unified_audit"",""state"":""pending""},{""id"":""docs_and_governance"",""state"":""pending""}]","[""no_numeric_or_behavioral_fidelity_claim"",""no_runtime_support_claim"",""no_backend_materialization_claim"",""no_g8_or_unified_status_change"",""no_live_publish_or_migration"",""no_new_completed_full_or_ready_assertion""]"
hero_skill|hero_samira|E|狂飙,103,hero_skill,hero_samira,E,狂飙,blocked_runtime,none,generic_runtime,implementation_gap_no_unresolved_data_fields,"[""meta_or_non_target_dps""]","[{""path"":""最小验证/generic-g8-adc-passive-coverage-audit.json"",""legacyStatus"":""blocked"",""sourceRecordKey"":""hero_skill|hero_samira|E|狂飙""},{""path"":""最小验证/wiki-only-mechanism-candidate-registry.json"",""legacyStatus"":""registry_candidate"",""sourceRecordKey"":""hero_skill|hero_samira|E|狂飙""}]",Samira,samira-e,,[],数据参考/lol-wiki-current-champions/normalized/generic/samira-e.json@rev4008028 sha256:a4cadd7417a20386273b6317e8bfec7c93bb0945a7f0b65a4e12de8571097480,provisional_unverified,runtime_contract_placeholder,"{""rank"":null,""resourceCost"":null,""cooldownMs"":null,""target"":null,""timing"":null,""formula"":null,""operationGraph"":null,""fixtures"":[],""completedBoundary"":null,""exclusions"":[]}","[{""id"":""wiki_identity_and_revision"",""state"":""pending""},{""id"":""wiki_numeric_contract"",""state"":""pending""},{""id"":""bounded_phase_a_plan"",""state"":""pending""},{""id"":""design_review_ready"",""state"":""pending""},{""id"":""backend_seed_and_junit"",""state"":""pending""},{""id"":""wasm_generic_test"",""state"":""pending""},{""id"":""g8_unified_audit"",""state"":""pending""},{""id"":""docs_and_governance"",""state"":""pending""}]","[""no_numeric_or_behavioral_fidelity_claim"",""no_runtime_support_claim"",""no_backend_materialization_claim"",""no_g8_or_unified_status_change"",""no_live_publish_or_migration"",""no_new_completed_full_or_ready_assertion""]"
hero_skill|hero_samira|P|悍勇本色,100,hero_skill,hero_samira,P,悍勇本色,blocked_runtime,none,generic_runtime,distance_or_ratio_input,"[""distance_or_ratio_modifier""]","[{""path"":""最小验证/generic-g8-adc-passive-coverage-audit.json"",""legacyStatus"":""blocked"",""sourceRecordKey"":""hero_skill|hero_samira|P|悍勇本色""},{""path"":""最小验证/wiki-only-mechanism-candidate-registry.json"",""legacyStatus"":""registry_candidate"",""sourceRecordKey"":""hero_skill|hero_samira|P|悍勇本色""}]",Samira,samira-p,,[],数据参考/lol-wiki-current-champions/normalized/generic/samira-p.json@rev4008026 sha256:0ae9bfd6e6fbd9d63412fa98c64f2fd5e4825293a91df13602730358e428090e,provisional_unverified,runtime_contract_placeholder,"{""rank"":null,""resourceCost"":null,""cooldownMs"":null,""target"":null,""timing"":null,""formula"":null,""operationGraph"":null,""fixtures"":[],""completedBoundary"":null,""exclusions"":[]}","[{""id"":""wiki_identity_and_revision"",""state"":""pending""},{""id"":""wiki_numeric_contract"",""state"":""pending""},{""id"":""bounded_phase_a_plan"",""state"":""pending""},{""id"":""design_review_ready"",""state"":""pending""},{""id"":""backend_seed_and_junit"",""state"":""pending""},{""id"":""wasm_generic_test"",""state"":""pending""},{""id"":""g8_unified_audit"",""state"":""pending""},{""id"":""docs_and_governance"",""state"":""pending""}]","[""no_numeric_or_behavioral_fidelity_claim"",""no_runtime_support_claim"",""no_backend_materialization_claim"",""no_g8_or_unified_status_change"",""no_live_publish_or_migration"",""no_new_completed_full_or_ready_assertion""]"
hero_skill|hero_samira|Q|交火,101,hero_skill,hero_samira,Q,交火,blocked_runtime,none,generic_runtime,distance_or_ratio_input,"[""distance_or_ratio_modifier""]","[{""path"":""最小验证/generic-g8-adc-passive-coverage-audit.json"",""legacyStatus"":""blocked"",""sourceRecordKey"":""hero_skill|hero_samira|Q|交火""},{""path"":""最小验证/wiki-only-mechanism-candidate-registry.json"",""legacyStatus"":""registry_candidate"",""sourceRecordKey"":""hero_skill|hero_samira|Q|交火""}]",Samira,samira-q,,[],数据参考/lol-wiki-current-champions/normalized/generic/samira-q.json@rev4008027 sha256:7f65786ccae8186903166195be9151294adef3539fe97f067de4273e162cd203,provisional_unverified,runtime_contract_placeholder,"{""rank"":null,""resourceCost"":null,""cooldownMs"":null,""target"":null,""timing"":null,""formula"":null,""operationGraph"":null,""fixtures"":[],""completedBoundary"":null,""exclusions"":[]}","[{""id"":""wiki_identity_and_revision"",""state"":""pending""},{""id"":""wiki_numeric_contract"",""state"":""pending""},{""id"":""bounded_phase_a_plan"",""state"":""pending""},{""id"":""design_review_ready"",""state"":""pending""},{""id"":""backend_seed_and_junit"",""state"":""pending""},{""id"":""wasm_generic_test"",""state"":""pending""},{""id"":""g8_unified_audit"",""state"":""pending""},{""id"":""docs_and_governance"",""state"":""pending""}]","[""no_numeric_or_behavioral_fidelity_claim"",""no_runtime_support_claim"",""no_backend_materialization_claim"",""no_g8_or_unified_status_change"",""no_live_publish_or_migration"",""no_new_completed_full_or_ready_assertion""]"
hero_skill|hero_samira|R|炼狱扳机,104,hero_skill,hero_samira,R,炼狱扳机,blocked_runtime,none,generic_runtime,implementation_gap_no_unresolved_data_fields,"[""multi_target_or_area""]","[{""path"":""最小验证/generic-g8-adc-passive-coverage-audit.json"",""legacyStatus"":""blocked"",""sourceRecordKey"":""hero_skill|hero_samira|R|炼狱扳机""},{""path"":""最小验证/wiki-only-mechanism-candidate-registry.json"",""legacyStatus"":""registry_candidate"",""sourceRecordKey"":""hero_skill|hero_samira|R|炼狱扳机""}]",Samira,samira-r,,[],数据参考/lol-wiki-current-champions/normalized/generic/samira-r.json@rev3992663 sha256:4b7e8eea31dda62bc4ec084db3fdc964668d6316e495fc62bdb78cde64296a9f,provisional_unverified,runtime_contract_placeholder,"{""rank"":null,""resourceCost"":null,""cooldownMs"":null,""target"":null,""timing"":null,""formula"":null,""operationGraph"":null,""fixtures"":[],""completedBoundary"":null,""exclusions"":[]}","[{""id"":""wiki_identity_and_revision"",""state"":""pending""},{""id"":""wiki_numeric_contract"",""state"":""pending""},{""id"":""bounded_phase_a_plan"",""state"":""pending""},{""id"":""design_review_ready"",""state"":""pending""},{""id"":""backend_seed_and_junit"",""state"":""pending""},{""id"":""wasm_generic_test"",""state"":""pending""},{""id"":""g8_unified_audit"",""state"":""pending""},{""id"":""docs_and_governance"",""state"":""pending""}]","[""no_numeric_or_behavioral_fidelity_claim"",""no_runtime_support_claim"",""no_backend_materialization_claim"",""no_g8_or_unified_status_change"",""no_live_publish_or_migration"",""no_new_completed_full_or_ready_assertion""]"
hero_skill|hero_samira|W|锋旋,102,hero_skill,hero_samira,W,锋旋,blocked_runtime,none,generic_runtime,implementation_gap_no_unresolved_data_fields,"[""multi_target_or_area""]","[{""path"":""最小验证/generic-g8-adc-passive-coverage-audit.json"",""legacyStatus"":""blocked"",""sourceRecordKey"":""hero_skill|hero_samira|W|锋旋""},{""path"":""最小验证/wiki-only-mechanism-candidate-registry.json"",""legacyStatus"":""registry_candidate"",""sourceRecordKey"":""hero_skill|hero_samira|W|锋旋""}]",Samira,samira-w,,[],数据参考/lol-wiki-current-champions/normalized/generic/samira-w.json@rev3936240 sha256:a45a727dec4a914ff28dff4dd35f4f8333ec429fe758623c991da5eaa0f5314b,provisional_unverified,runtime_contract_placeholder,"{""rank"":null,""resourceCost"":null,""cooldownMs"":null,""target"":null,""timing"":null,""formula"":null,""operationGraph"":null,""fixtures"":[],""completedBoundary"":null,""exclusions"":[]}","[{""id"":""wiki_identity_and_revision"",""state"":""pending""},{""id"":""wiki_numeric_contract"",""state"":""pending""},{""id"":""bounded_phase_a_plan"",""state"":""pending""},{""id"":""design_review_ready"",""state"":""pending""},{""id"":""backend_seed_and_junit"",""state"":""pending""},{""id"":""wasm_generic_test"",""state"":""pending""},{""id"":""g8_unified_audit"",""state"":""pending""},{""id"":""docs_and_governance"",""state"":""pending""}]","[""no_numeric_or_behavioral_fidelity_claim"",""no_runtime_support_claim"",""no_backend_materialization_claim"",""no_g8_or_unified_status_change"",""no_live_publish_or_migration"",""no_new_completed_full_or_ready_assertion""]"
hero_skill|hero_senna|P|赦除,105,hero_skill,hero_senna,P,赦除,blocked_runtime,none,generic_runtime,implementation_gap_no_unresolved_data_fields,"[""multi_target_or_area""]","[{""path"":""最小验证/generic-g8-adc-passive-coverage-audit.json"",""legacyStatus"":""blocked"",""sourceRecordKey"":""hero_skill|hero_senna|P|赦除""},{""path"":""最小验证/wiki-only-mechanism-candidate-registry.json"",""legacyStatus"":""registry_candidate"",""sourceRecordKey"":""hero_skill|hero_senna|P|赦除""}]",Senna,senna-p,,[],数据参考/lol-wiki-current-champions/normalized/generic/senna-p.json@rev4034707 sha256:375dcdffaf52df41183e2036f0a3fc682168f3f6d012fa6017b21760e0dd5a63,provisional_unverified,runtime_contract_placeholder,"{""rank"":null,""resourceCost"":null,""cooldownMs"":null,""target"":null,""timing"":null,""formula"":null,""operationGraph"":null,""fixtures"":[],""completedBoundary"":null,""exclusions"":[]}","[{""id"":""wiki_identity_and_revision"",""state"":""pending""},{""id"":""wiki_numeric_contract"",""state"":""pending""},{""id"":""bounded_phase_a_plan"",""state"":""pending""},{""id"":""design_review_ready"",""state"":""pending""},{""id"":""backend_seed_and_junit"",""state"":""pending""},{""id"":""wasm_generic_test"",""state"":""pending""},{""id"":""g8_unified_audit"",""state"":""pending""},{""id"":""docs_and_governance"",""state"":""pending""}]","[""no_numeric_or_behavioral_fidelity_claim"",""no_runtime_support_claim"",""no_backend_materialization_claim"",""no_g8_or_unified_status_change"",""no_live_publish_or_migration"",""no_new_completed_full_or_ready_assertion""]"
hero_skill|hero_senna|Q|黑暗洞灭,106,hero_skill,hero_senna,Q,黑暗洞灭,blocked_runtime,none,generic_runtime,implementation_gap_no_unresolved_data_fields,"[""meta_or_non_target_dps""]","[{""path"":""最小验证/generic-g8-adc-passive-coverage-audit.json"",""legacyStatus"":""blocked"",""sourceRecordKey"":""hero_skill|hero_senna|Q|黑暗洞灭""},{""path"":""最小验证/wiki-only-mechanism-candidate-registry.json"",""legacyStatus"":""registry_candidate"",""sourceRecordKey"":""hero_skill|hero_senna|Q|黑暗洞灭""}]",Senna,senna-q,,[],数据参考/lol-wiki-current-champions/normalized/generic/senna-q.json@rev4042887 sha256:e546be97aaf2f4b9ff2468b22a144f37933f3a6a4a29e2e1d45a69c0adcb8a41,provisional_unverified,runtime_contract_placeholder,"{""rank"":null,""resourceCost"":null,""cooldownMs"":null,""target"":null,""timing"":null,""formula"":null,""operationGraph"":null,""fixtures"":[],""completedBoundary"":null,""exclusions"":[]}","[{""id"":""wiki_identity_and_revision"",""state"":""pending""},{""id"":""wiki_numeric_contract"",""state"":""pending""},{""id"":""bounded_phase_a_plan"",""state"":""pending""},{""id"":""design_review_ready"",""state"":""pending""},{""id"":""backend_seed_and_junit"",""state"":""pending""},{""id"":""wasm_generic_test"",""state"":""pending""},{""id"":""g8_unified_audit"",""state"":""pending""},{""id"":""docs_and_governance"",""state"":""pending""}]","[""no_numeric_or_behavioral_fidelity_claim"",""no_runtime_support_claim"",""no_backend_materialization_claim"",""no_g8_or_unified_status_change"",""no_live_publish_or_migration"",""no_new_completed_full_or_ready_assertion""]"
hero_skill|hero_senna|R|暗影燎原,109,hero_skill,hero_senna,R,暗影燎原,blocked_runtime,none,generic_runtime,implementation_gap_no_unresolved_data_fields,"[""meta_or_non_target_dps""]","[{""path"":""最小验证/generic-g8-adc-passive-coverage-audit.json"",""legacyStatus"":""blocked"",""sourceRecordKey"":""hero_skill|hero_senna|R|暗影燎原""},{""path"":""最小验证/wiki-only-mechanism-candidate-registry.json"",""legacyStatus"":""registry_candidate"",""sourceRecordKey"":""hero_skill|hero_senna|R|暗影燎原""}]",Senna,senna-r,,[],数据参考/lol-wiki-current-champions/normalized/generic/senna-r.json@rev4008033 sha256:4de188cce3d04f172d37f07db4e7c8e240388c5346f56838c82a3e6205c9de36,provisional_unverified,runtime_contract_placeholder,"{""rank"":null,""resourceCost"":null,""cooldownMs"":null,""target"":null,""timing"":null,""formula"":null,""operationGraph"":null,""fixtures"":[],""completedBoundary"":null,""exclusions"":[]}","[{""id"":""wiki_identity_and_revision"",""state"":""pending""},{""id"":""wiki_numeric_contract"",""state"":""pending""},{""id"":""bounded_phase_a_plan"",""state"":""pending""},{""id"":""design_review_ready"",""state"":""pending""},{""id"":""backend_seed_and_junit"",""state"":""pending""},{""id"":""wasm_generic_test"",""state"":""pending""},{""id"":""g8_unified_audit"",""state"":""pending""},{""id"":""docs_and_governance"",""state"":""pending""}]","[""no_numeric_or_behavioral_fidelity_claim"",""no_runtime_support_claim"",""no_backend_materialization_claim"",""no_g8_or_unified_status_change"",""no_live_publish_or_migration"",""no_new_completed_full_or_ready_assertion""]"
hero_skill|hero_sivir|Q|回旋之刃,111,hero_skill,hero_sivir,Q,回旋之刃,blocked_runtime,none,generic_runtime,implementation_gap_no_unresolved_data_fields,"[""dps_relevant_manual_review""]","[{""path"":""最小验证/generic-g8-adc-passive-coverage-audit.json"",""legacyStatus"":""blocked"",""sourceRecordKey"":""hero_skill|hero_sivir|Q|回旋之刃""},{""path"":""最小验证/wiki-only-mechanism-candidate-registry.json"",""legacyStatus"":""registry_candidate"",""sourceRecordKey"":""hero_skill|hero_sivir|Q|回旋之刃""}]",Sivir,sivir-q,,[],数据参考/lol-wiki-current-champions/normalized/generic/sivir-q.json@rev4016378 sha256:0adcf3916b63e8b0ae6c2c7ad74d1796e3362a3a22682c58ef92aaccfae43e5e,provisional_unverified,runtime_contract_placeholder,"{""rank"":null,""resourceCost"":null,""cooldownMs"":null,""target"":null,""timing"":null,""formula"":null,""operationGraph"":null,""fixtures"":[],""completedBoundary"":null,""exclusions"":[]}","[{""id"":""wiki_identity_and_revision"",""state"":""pending""},{""id"":""wiki_numeric_contract"",""state"":""pending""},{""id"":""bounded_phase_a_plan"",""state"":""pending""},{""id"":""design_review_ready"",""state"":""pending""},{""id"":""backend_seed_and_junit"",""state"":""pending""},{""id"":""wasm_generic_test"",""state"":""pending""},{""id"":""g8_unified_audit"",""state"":""pending""},{""id"":""docs_and_governance"",""state"":""pending""}]","[""no_numeric_or_behavioral_fidelity_claim"",""no_runtime_support_claim"",""no_backend_materialization_claim"",""no_g8_or_unified_status_change"",""no_live_publish_or_migration"",""no_new_completed_full_or_ready_assertion""]"
hero_skill|hero_sivir|W|弹射,112,hero_skill,hero_sivir,W,弹射,blocked_runtime,none,generic_runtime,implementation_gap_no_unresolved_data_fields,"[""multi_target_or_area""]","[{""path"":""最小验证/generic-g8-adc-passive-coverage-audit.json"",""legacyStatus"":""blocked"",""sourceRecordKey"":""hero_skill|hero_sivir|W|弹射""},{""path"":""最小验证/wiki-only-mechanism-candidate-registry.json"",""legacyStatus"":""registry_candidate"",""sourceRecordKey"":""hero_skill|hero_sivir|W|弹射""}]",Sivir,sivir-w,,[],数据参考/lol-wiki-current-champions/normalized/generic/sivir-w.json@rev4008042 sha256:480018d996ad196644fa7dc4af55e1f3028fdfff64af71c5c9ebaf9ad9e63a29,provisional_unverified,runtime_contract_placeholder,"{""rank"":null,""resourceCost"":null,""cooldownMs"":null,""target"":null,""timing"":null,""formula"":null,""operationGraph"":null,""fixtures"":[],""completedBoundary"":null,""exclusions"":[]}","[{""id"":""wiki_identity_and_revision"",""state"":""pending""},{""id"":""wiki_numeric_contract"",""state"":""pending""},{""id"":""bounded_phase_a_plan"",""state"":""pending""},{""id"":""design_review_ready"",""state"":""pending""},{""id"":""backend_seed_and_junit"",""state"":""pending""},{""id"":""wasm_generic_test"",""state"":""pending""},{""id"":""g8_unified_audit"",""state"":""pending""},{""id"":""docs_and_governance"",""state"":""pending""}]","[""no_numeric_or_behavioral_fidelity_claim"",""no_runtime_support_claim"",""no_backend_materialization_claim"",""no_g8_or_unified_status_change"",""no_live_publish_or_migration"",""no_new_completed_full_or_ready_assertion""]"
hero_skill|hero_smolder|E|扑棱，扑棱，扑棱！,118,hero_skill,hero_smolder,E,扑棱，扑棱，扑棱！,blocked_runtime,none,generic_runtime,implementation_gap_no_unresolved_data_fields,"[""dps_relevant_manual_review""]","[{""path"":""最小验证/generic-g8-adc-passive-coverage-audit.json"",""legacyStatus"":""blocked"",""sourceRecordKey"":""hero_skill|hero_smolder|E|扑棱，扑棱，扑棱！""},{""path"":""最小验证/wiki-only-mechanism-candidate-registry.json"",""legacyStatus"":""registry_candidate"",""sourceRecordKey"":""hero_skill|hero_smolder|E|扑棱，扑棱，扑棱！""}]",Smolder,smolder-e,,[],数据参考/lol-wiki-current-champions/normalized/generic/smolder-e.json@rev4025347 sha256:f93a0f829e25f668efae3b0345baa1959256b05410ab6cb2f76afedc0a67c744,provisional_unverified,runtime_contract_placeholder,"{""rank"":null,""resourceCost"":null,""cooldownMs"":null,""target"":null,""timing"":null,""formula"":null,""operationGraph"":null,""fixtures"":[],""completedBoundary"":null,""exclusions"":[]}","[{""id"":""wiki_identity_and_revision"",""state"":""pending""},{""id"":""wiki_numeric_contract"",""state"":""pending""},{""id"":""bounded_phase_a_plan"",""state"":""pending""},{""id"":""design_review_ready"",""state"":""pending""},{""id"":""backend_seed_and_junit"",""state"":""pending""},{""id"":""wasm_generic_test"",""state"":""pending""},{""id"":""g8_unified_audit"",""state"":""pending""},{""id"":""docs_and_governance"",""state"":""pending""}]","[""no_numeric_or_behavioral_fidelity_claim"",""no_runtime_support_claim"",""no_backend_materialization_claim"",""no_g8_or_unified_status_change"",""no_live_publish_or_migration"",""no_new_completed_full_or_ready_assertion""]"
hero_skill|hero_smolder|P|龙之研习,115,hero_skill,hero_smolder,P,龙之研习,blocked_runtime,none,generic_runtime,implementation_gap_no_unresolved_data_fields,"[""dps_relevant_manual_review""]","[{""path"":""最小验证/generic-g8-adc-passive-coverage-audit.json"",""legacyStatus"":""blocked"",""sourceRecordKey"":""hero_skill|hero_smolder|P|龙之研习""},{""path"":""最小验证/wiki-only-mechanism-candidate-registry.json"",""legacyStatus"":""registry_candidate"",""sourceRecordKey"":""hero_skill|hero_smolder|P|龙之研习""}]",Smolder,smolder-p,,[],数据参考/lol-wiki-current-champions/normalized/generic/smolder-p.json@rev4025344 sha256:0df04e3ea2e32d28ad401d5ac2014e4468150f57c9628d06cd2e22c3f7a948f8,provisional_unverified,runtime_contract_placeholder,"{""rank"":null,""resourceCost"":null,""cooldownMs"":null,""target"":null,""timing"":null,""formula"":null,""operationGraph"":null,""fixtures"":[],""completedBoundary"":null,""exclusions"":[]}","[{""id"":""wiki_identity_and_revision"",""state"":""pending""},{""id"":""wiki_numeric_contract"",""state"":""pending""},{""id"":""bounded_phase_a_plan"",""state"":""pending""},{""id"":""design_review_ready"",""state"":""pending""},{""id"":""backend_seed_and_junit"",""state"":""pending""},{""id"":""wasm_generic_test"",""state"":""pending""},{""id"":""g8_unified_audit"",""state"":""pending""},{""id"":""docs_and_governance"",""state"":""pending""}]","[""no_numeric_or_behavioral_fidelity_claim"",""no_runtime_support_claim"",""no_backend_materialization_claim"",""no_g8_or_unified_status_change"",""no_live_publish_or_migration"",""no_new_completed_full_or_ready_assertion""]"
hero_skill|hero_smolder|Q|超级灼热龙息,116,hero_skill,hero_smolder,Q,超级灼热龙息,blocked_runtime,none,generic_runtime,implementation_gap_no_unresolved_data_fields,"[""multi_target_or_area""]","[{""path"":""最小验证/generic-g8-adc-passive-coverage-audit.json"",""legacyStatus"":""blocked"",""sourceRecordKey"":""hero_skill|hero_smolder|Q|超级灼热龙息""},{""path"":""最小验证/wiki-only-mechanism-candidate-registry.json"",""legacyStatus"":""registry_candidate"",""sourceRecordKey"":""hero_skill|hero_smolder|Q|超级灼热龙息""}]",Smolder,smolder-q,,[],数据参考/lol-wiki-current-champions/normalized/generic/smolder-q.json@rev4030432 sha256:fa22270e67b597e72bd1eaccf4be98f23be1d5687165e6ef3184ca928199b877,provisional_unverified,runtime_contract_placeholder,"{""rank"":null,""resourceCost"":null,""cooldownMs"":null,""target"":null,""timing"":null,""formula"":null,""operationGraph"":null,""fixtures"":[],""completedBoundary"":null,""exclusions"":[]}","[{""id"":""wiki_identity_and_revision"",""state"":""pending""},{""id"":""wiki_numeric_contract"",""state"":""pending""},{""id"":""bounded_phase_a_plan"",""state"":""pending""},{""id"":""design_review_ready"",""state"":""pending""},{""id"":""backend_seed_and_junit"",""state"":""pending""},{""id"":""wasm_generic_test"",""state"":""pending""},{""id"":""g8_unified_audit"",""state"":""pending""},{""id"":""docs_and_governance"",""state"":""pending""}]","[""no_numeric_or_behavioral_fidelity_claim"",""no_runtime_support_claim"",""no_backend_materialization_claim"",""no_g8_or_unified_status_change"",""no_live_publish_or_migration"",""no_new_completed_full_or_ready_assertion""]"
hero_skill|hero_smolder|R|妈----！,119,hero_skill,hero_smolder,R,妈----！,blocked_runtime,none,generic_runtime,implementation_gap_no_unresolved_data_fields,"[""multi_target_or_area""]","[{""path"":""最小验证/generic-g8-adc-passive-coverage-audit.json"",""legacyStatus"":""blocked"",""sourceRecordKey"":""hero_skill|hero_smolder|R|妈----！""},{""path"":""最小验证/wiki-only-mechanism-candidate-registry.json"",""legacyStatus"":""registry_candidate"",""sourceRecordKey"":""hero_skill|hero_smolder|R|妈----！""}]",Smolder,smolder-r,,[],数据参考/lol-wiki-current-champions/normalized/generic/smolder-r.json@rev4025343 sha256:d0fd211614ca3ea3d5b721423a99f5302454b7fd388fca2b9110a23d5490e771,provisional_unverified,runtime_contract_placeholder,"{""rank"":null,""resourceCost"":null,""cooldownMs"":null,""target"":null,""timing"":null,""formula"":null,""operationGraph"":null,""fixtures"":[],""completedBoundary"":null,""exclusions"":[]}","[{""id"":""wiki_identity_and_revision"",""state"":""pending""},{""id"":""wiki_numeric_contract"",""state"":""pending""},{""id"":""bounded_phase_a_plan"",""state"":""pending""},{""id"":""design_review_ready"",""state"":""pending""},{""id"":""backend_seed_and_junit"",""state"":""pending""},{""id"":""wasm_generic_test"",""state"":""pending""},{""id"":""g8_unified_audit"",""state"":""pending""},{""id"":""docs_and_governance"",""state"":""pending""}]","[""no_numeric_or_behavioral_fidelity_claim"",""no_runtime_support_claim"",""no_backend_materialization_claim"",""no_g8_or_unified_status_change"",""no_live_publish_or_migration"",""no_new_completed_full_or_ready_assertion""]"
hero_skill|hero_smolder|W|阿嚏！,117,hero_skill,hero_smolder,W,阿嚏！,blocked_runtime,none,generic_runtime,implementation_gap_no_unresolved_data_fields,"[""dps_relevant_manual_review""]","[{""path"":""最小验证/generic-g8-adc-passive-coverage-audit.json"",""legacyStatus"":""blocked"",""sourceRecordKey"":""hero_skill|hero_smolder|W|阿嚏！""},{""path"":""最小验证/wiki-only-mechanism-candidate-registry.json"",""legacyStatus"":""registry_candidate"",""sourceRecordKey"":""hero_skill|hero_smolder|W|阿嚏！""}]",Smolder,smolder-w,,[],数据参考/lol-wiki-current-champions/normalized/generic/smolder-w.json@rev4025346 sha256:554f5a0bea841a52945e39ecafaf8fd8e6460a49ed4f69196957f3d6c30b1744,provisional_unverified,runtime_contract_placeholder,"{""rank"":null,""resourceCost"":null,""cooldownMs"":null,""target"":null,""timing"":null,""formula"":null,""operationGraph"":null,""fixtures"":[],""completedBoundary"":null,""exclusions"":[]}","[{""id"":""wiki_identity_and_revision"",""state"":""pending""},{""id"":""wiki_numeric_contract"",""state"":""pending""},{""id"":""bounded_phase_a_plan"",""state"":""pending""},{""id"":""design_review_ready"",""state"":""pending""},{""id"":""backend_seed_and_junit"",""state"":""pending""},{""id"":""wasm_generic_test"",""state"":""pending""},{""id"":""g8_unified_audit"",""state"":""pending""},{""id"":""docs_and_governance"",""state"":""pending""}]","[""no_numeric_or_behavioral_fidelity_claim"",""no_runtime_support_claim"",""no_backend_materialization_claim"",""no_g8_or_unified_status_change"",""no_live_publish_or_migration"",""no_new_completed_full_or_ready_assertion""]"
hero_skill|hero_teemo|R|种蘑菇,124,hero_skill,hero_teemo,R,种蘑菇,blocked_runtime,none,generic_runtime,implementation_gap_no_unresolved_data_fields,"[""meta_or_non_target_dps""]","[{""path"":""最小验证/generic-g8-adc-passive-coverage-audit.json"",""legacyStatus"":""blocked"",""sourceRecordKey"":""hero_skill|hero_teemo|R|种蘑菇""},{""path"":""最小验证/wiki-only-mechanism-candidate-registry.json"",""legacyStatus"":""registry_candidate"",""sourceRecordKey"":""hero_skill|hero_teemo|R|种蘑菇""}]",Teemo,teemo-r,,[],数据参考/lol-wiki-current-champions/normalized/generic/teemo-r.json@rev4015245 sha256:e3ad342c267dfa3b2d0817cecbd7903eccdcac5fa35993fa6a2be45ca46bb548,provisional_unverified,runtime_contract_placeholder,"{""rank"":null,""resourceCost"":null,""cooldownMs"":null,""target"":null,""timing"":null,""formula"":null,""operationGraph"":null,""fixtures"":[],""completedBoundary"":null,""exclusions"":[]}","[{""id"":""wiki_identity_and_revision"",""state"":""pending""},{""id"":""wiki_numeric_contract"",""state"":""pending""},{""id"":""bounded_phase_a_plan"",""state"":""pending""},{""id"":""design_review_ready"",""state"":""pending""},{""id"":""backend_seed_and_junit"",""state"":""pending""},{""id"":""wasm_generic_test"",""state"":""pending""},{""id"":""g8_unified_audit"",""state"":""pending""},{""id"":""docs_and_governance"",""state"":""pending""}]","[""no_numeric_or_behavioral_fidelity_claim"",""no_runtime_support_claim"",""no_backend_materialization_claim"",""no_g8_or_unified_status_change"",""no_live_publish_or_migration"",""no_new_completed_full_or_ready_assertion""]"
hero_skill|hero_tristana|E|爆炸火花,128,hero_skill,hero_tristana,E,爆炸火花,blocked_runtime,none,generic_runtime,implementation_gap_no_unresolved_data_fields,"[""meta_or_non_target_dps""]","[{""path"":""最小验证/generic-g8-adc-passive-coverage-audit.json"",""legacyStatus"":""blocked"",""sourceRecordKey"":""hero_skill|hero_tristana|E|爆炸火花""},{""path"":""最小验证/wiki-only-mechanism-candidate-registry.json"",""legacyStatus"":""registry_candidate"",""sourceRecordKey"":""hero_skill|hero_tristana|E|爆炸火花""}]",Tristana,tristana-e,,[],数据参考/lol-wiki-current-champions/normalized/generic/tristana-e.json@rev4008204 sha256:c66748f43bb67ed75c6174bd5ac48083fb3c93fea420d15619bd240cf12fdda7,provisional_unverified,runtime_contract_placeholder,"{""rank"":null,""resourceCost"":null,""cooldownMs"":null,""target"":null,""timing"":null,""formula"":null,""operationGraph"":null,""fixtures"":[],""completedBoundary"":null,""exclusions"":[]}","[{""id"":""wiki_identity_and_revision"",""state"":""pending""},{""id"":""wiki_numeric_contract"",""state"":""pending""},{""id"":""bounded_phase_a_plan"",""state"":""pending""},{""id"":""design_review_ready"",""state"":""pending""},{""id"":""backend_seed_and_junit"",""state"":""pending""},{""id"":""wasm_generic_test"",""state"":""pending""},{""id"":""g8_unified_audit"",""state"":""pending""},{""id"":""docs_and_governance"",""state"":""pending""}]","[""no_numeric_or_behavioral_fidelity_claim"",""no_runtime_support_claim"",""no_backend_materialization_claim"",""no_g8_or_unified_status_change"",""no_live_publish_or_migration"",""no_new_completed_full_or_ready_assertion""]"
hero_skill|hero_twistedfate|W|选牌,132,hero_skill,hero_twistedfate,W,选牌,blocked_runtime,none,generic_runtime,implementation_gap_no_unresolved_data_fields,"[""meta_or_non_target_dps""]","[{""path"":""最小验证/generic-g8-adc-passive-coverage-audit.json"",""legacyStatus"":""blocked"",""sourceRecordKey"":""hero_skill|hero_twistedfate|W|选牌""},{""path"":""最小验证/wiki-only-mechanism-candidate-registry.json"",""legacyStatus"":""registry_candidate"",""sourceRecordKey"":""hero_skill|hero_twistedfate|W|选牌""}]",Twisted Fate,twistedfate-w,,[],数据参考/lol-wiki-current-champions/normalized/generic/twistedfate-w.json@rev4004668 sha256:f7e801c87dbe09721db968911de5944757184e06cc0b661e6659bbe08f6e26aa,provisional_unverified,runtime_contract_placeholder,"{""rank"":null,""resourceCost"":null,""cooldownMs"":null,""target"":null,""timing"":null,""formula"":null,""operationGraph"":null,""fixtures"":[],""completedBoundary"":null,""exclusions"":[]}","[{""id"":""wiki_identity_and_revision"",""state"":""pending""},{""id"":""wiki_numeric_contract"",""state"":""pending""},{""id"":""bounded_phase_a_plan"",""state"":""pending""},{""id"":""design_review_ready"",""state"":""pending""},{""id"":""backend_seed_and_junit"",""state"":""pending""},{""id"":""wasm_generic_test"",""state"":""pending""},{""id"":""g8_unified_audit"",""state"":""pending""},{""id"":""docs_and_governance"",""state"":""pending""}]","[""no_numeric_or_behavioral_fidelity_claim"",""no_runtime_support_claim"",""no_backend_materialization_claim"",""no_g8_or_unified_status_change"",""no_live_publish_or_migration"",""no_new_completed_full_or_ready_assertion""]"
hero_skill|hero_twitch|E|毒性爆发,138,hero_skill,hero_twitch,E,毒性爆发,blocked_runtime,none,generic_runtime,implementation_gap_no_unresolved_data_fields,"[""multi_target_or_area""]","[{""path"":""最小验证/generic-g8-adc-passive-coverage-audit.json"",""legacyStatus"":""blocked"",""sourceRecordKey"":""hero_skill|hero_twitch|E|毒性爆发""},{""path"":""最小验证/wiki-only-mechanism-candidate-registry.json"",""legacyStatus"":""registry_candidate"",""sourceRecordKey"":""hero_skill|hero_twitch|E|毒性爆发""}]",Twitch,twitch-e,,[],数据参考/lol-wiki-current-champions/normalized/generic/twitch-e.json@rev3907215 sha256:f9daa9e2c0474c33360215062ef79244f1606198bc3b771b7e8e5aa58bedf37c,provisional_unverified,runtime_contract_placeholder,"{""rank"":null,""resourceCost"":null,""cooldownMs"":null,""target"":null,""timing"":null,""formula"":null,""operationGraph"":null,""fixtures"":[],""completedBoundary"":null,""exclusions"":[]}","[{""id"":""wiki_identity_and_revision"",""state"":""pending""},{""id"":""wiki_numeric_contract"",""state"":""pending""},{""id"":""bounded_phase_a_plan"",""state"":""pending""},{""id"":""design_review_ready"",""state"":""pending""},{""id"":""backend_seed_and_junit"",""state"":""pending""},{""id"":""wasm_generic_test"",""state"":""pending""},{""id"":""g8_unified_audit"",""state"":""pending""},{""id"":""docs_and_governance"",""state"":""pending""}]","[""no_numeric_or_behavioral_fidelity_claim"",""no_runtime_support_claim"",""no_backend_materialization_claim"",""no_g8_or_unified_status_change"",""no_live_publish_or_migration"",""no_new_completed_full_or_ready_assertion""]"
hero_skill|hero_twitch|R|火力全开,139,hero_skill,hero_twitch,R,火力全开,blocked_runtime,none,generic_runtime,distance_or_ratio_input,"[""distance_or_ratio_modifier""]","[{""path"":""最小验证/generic-g8-adc-passive-coverage-audit.json"",""legacyStatus"":""blocked"",""sourceRecordKey"":""hero_skill|hero_twitch|R|火力全开""},{""path"":""最小验证/wiki-only-mechanism-candidate-registry.json"",""legacyStatus"":""registry_candidate"",""sourceRecordKey"":""hero_skill|hero_twitch|R|火力全开""}]",Twitch,twitch-r,,[],数据参考/lol-wiki-current-champions/normalized/generic/twitch-r.json@rev3993607 sha256:feb40917d12acfbe759ee89441aba5dd22c0257bc0fc2b662e494c3a79afea79,provisional_unverified,runtime_contract_placeholder,"{""rank"":null,""resourceCost"":null,""cooldownMs"":null,""target"":null,""timing"":null,""formula"":null,""operationGraph"":null,""fixtures"":[],""completedBoundary"":null,""exclusions"":[]}","[{""id"":""wiki_identity_and_revision"",""state"":""pending""},{""id"":""wiki_numeric_contract"",""state"":""pending""},{""id"":""bounded_phase_a_plan"",""state"":""pending""},{""id"":""design_review_ready"",""state"":""pending""},{""id"":""backend_seed_and_junit"",""state"":""pending""},{""id"":""wasm_generic_test"",""state"":""pending""},{""id"":""g8_unified_audit"",""state"":""pending""},{""id"":""docs_and_governance"",""state"":""pending""}]","[""no_numeric_or_behavioral_fidelity_claim"",""no_runtime_support_claim"",""no_backend_materialization_claim"",""no_g8_or_unified_status_change"",""no_live_publish_or_migration"",""no_new_completed_full_or_ready_assertion""]"
hero_skill|hero_varus|Q|穿刺之箭,141,hero_skill,hero_varus,Q,穿刺之箭,blocked_runtime,none,generic_runtime,blocked_data,"[""cooldown_or_haste_without_rotation""]","[{""path"":""最小验证/generic-g8-adc-passive-coverage-audit.json"",""legacyStatus"":""blocked"",""sourceRecordKey"":""hero_skill|hero_varus|Q|穿刺之箭""},{""path"":""最小验证/wiki-only-mechanism-candidate-registry.json"",""legacyStatus"":""registry_candidate"",""sourceRecordKey"":""hero_skill|hero_varus|Q|穿刺之箭""}]",Varus,varus-q,,[],数据参考/lol-wiki-current-champions/normalized/generic/varus-q.json@rev4026469 sha256:bdbbe064008b969e153800f7d5cdb305f84eca1ef043d8e6f8ce41c5db2659dd,provisional_unverified,runtime_contract_placeholder,"{""rank"":null,""resourceCost"":null,""cooldownMs"":null,""target"":null,""timing"":null,""formula"":null,""operationGraph"":null,""fixtures"":[],""completedBoundary"":null,""exclusions"":[]}","[{""id"":""wiki_identity_and_revision"",""state"":""pending""},{""id"":""wiki_numeric_contract"",""state"":""pending""},{""id"":""bounded_phase_a_plan"",""state"":""pending""},{""id"":""design_review_ready"",""state"":""pending""},{""id"":""backend_seed_and_junit"",""state"":""pending""},{""id"":""wasm_generic_test"",""state"":""pending""},{""id"":""g8_unified_audit"",""state"":""pending""},{""id"":""docs_and_governance"",""state"":""pending""}]","[""no_numeric_or_behavioral_fidelity_claim"",""no_runtime_support_claim"",""no_backend_materialization_claim"",""no_g8_or_unified_status_change"",""no_live_publish_or_migration"",""no_new_completed_full_or_ready_assertion""]"
hero_skill|hero_vayne|Q|闪避突袭,146,hero_skill,hero_vayne,Q,闪避突袭,blocked_runtime,none,generic_runtime,distance_or_ratio_input,"[""distance_or_ratio_modifier""]","[{""path"":""最小验证/generic-g8-adc-passive-coverage-audit.json"",""legacyStatus"":""blocked"",""sourceRecordKey"":""hero_skill|hero_vayne|Q|闪避突袭""},{""path"":""最小验证/wiki-only-mechanism-candidate-registry.json"",""legacyStatus"":""registry_candidate"",""sourceRecordKey"":""hero_skill|hero_vayne|Q|闪避突袭""}]",Vayne,vayne-q,,[],数据参考/lol-wiki-current-champions/normalized/generic/vayne-q.json@rev4015566 sha256:5ae387c07aa6c510a9da57df976b6e6ba9d3b52490fa91ce59e1221813fe9dad,provisional_unverified,runtime_contract_placeholder,"{""rank"":null,""resourceCost"":null,""cooldownMs"":null,""target"":null,""timing"":null,""formula"":null,""operationGraph"":null,""fixtures"":[],""completedBoundary"":null,""exclusions"":[]}","[{""id"":""wiki_identity_and_revision"",""state"":""pending""},{""id"":""wiki_numeric_contract"",""state"":""pending""},{""id"":""bounded_phase_a_plan"",""state"":""pending""},{""id"":""design_review_ready"",""state"":""pending""},{""id"":""backend_seed_and_junit"",""state"":""pending""},{""id"":""wasm_generic_test"",""state"":""pending""},{""id"":""g8_unified_audit"",""state"":""pending""},{""id"":""docs_and_governance"",""state"":""pending""}]","[""no_numeric_or_behavioral_fidelity_claim"",""no_runtime_support_claim"",""no_backend_materialization_claim"",""no_g8_or_unified_status_change"",""no_live_publish_or_migration"",""no_new_completed_full_or_ready_assertion""]"
hero_skill|hero_xayah|E|倒钩,153,hero_skill,hero_xayah,E,倒钩,blocked_runtime,none,generic_runtime,implementation_gap_no_unresolved_data_fields,"[""dps_relevant_manual_review""]","[{""path"":""最小验证/generic-g8-adc-passive-coverage-audit.json"",""legacyStatus"":""blocked"",""sourceRecordKey"":""hero_skill|hero_xayah|E|倒钩""},{""path"":""最小验证/wiki-only-mechanism-candidate-registry.json"",""legacyStatus"":""registry_candidate"",""sourceRecordKey"":""hero_skill|hero_xayah|E|倒钩""}]",Xayah,xayah-e,,[],数据参考/lol-wiki-current-champions/normalized/generic/xayah-e.json@rev4002073 sha256:3e6ffa135022f13984b26d9551afc323444e1ff9e80506ece5afba820827d486,provisional_unverified,runtime_contract_placeholder,"{""rank"":null,""resourceCost"":null,""cooldownMs"":null,""target"":null,""timing"":null,""formula"":null,""operationGraph"":null,""fixtures"":[],""completedBoundary"":null,""exclusions"":[]}","[{""id"":""wiki_identity_and_revision"",""state"":""pending""},{""id"":""wiki_numeric_contract"",""state"":""pending""},{""id"":""bounded_phase_a_plan"",""state"":""pending""},{""id"":""design_review_ready"",""state"":""pending""},{""id"":""backend_seed_and_junit"",""state"":""pending""},{""id"":""wasm_generic_test"",""state"":""pending""},{""id"":""g8_unified_audit"",""state"":""pending""},{""id"":""docs_and_governance"",""state"":""pending""}]","[""no_numeric_or_behavioral_fidelity_claim"",""no_runtime_support_claim"",""no_backend_materialization_claim"",""no_g8_or_unified_status_change"",""no_live_publish_or_migration"",""no_new_completed_full_or_ready_assertion""]"
hero_skill|hero_xayah|P|锐切,150,hero_skill,hero_xayah,P,锐切,blocked_runtime,none,generic_runtime,ability_after_next_attacks_budget+piercing_secondary_targets+feather_creation_position_resource+feather_consumed_by_e_dependency,"[""dps_relevant_manual_review""]","[{""path"":""最小验证/generic-g8-adc-passive-coverage-audit.json"",""legacyStatus"":""blocked"",""sourceRecordKey"":""hero_skill|hero_xayah|P|锐切""},{""path"":""最小验证/wiki-only-mechanism-candidate-registry.json"",""legacyStatus"":""registry_candidate"",""sourceRecordKey"":""hero_skill|hero_xayah|P|锐切""}]",Xayah,xayah-p,,[],数据参考/lol-wiki-current-champions/normalized/generic/xayah-p.json@rev3967343 sha256:5cfe6e5e30cdc8e6fde07791288f5a85e5ef01f543670ce2248323ccb6ead171,provisional_unverified,runtime_contract_placeholder,"{""rank"":null,""resourceCost"":null,""cooldownMs"":null,""target"":null,""timing"":null,""formula"":null,""operationGraph"":null,""fixtures"":[],""completedBoundary"":null,""exclusions"":[]}","[{""id"":""wiki_identity_and_revision"",""state"":""pending""},{""id"":""wiki_numeric_contract"",""state"":""pending""},{""id"":""bounded_phase_a_plan"",""state"":""pending""},{""id"":""design_review_ready"",""state"":""pending""},{""id"":""backend_seed_and_junit"",""state"":""pending""},{""id"":""wasm_generic_test"",""state"":""pending""},{""id"":""g8_unified_audit"",""state"":""pending""},{""id"":""docs_and_governance"",""state"":""pending""}]","[""no_numeric_or_behavioral_fidelity_claim"",""no_runtime_support_claim"",""no_backend_materialization_claim"",""no_g8_or_unified_status_change"",""no_live_publish_or_migration"",""no_new_completed_full_or_ready_assertion""]"
hero_skill|hero_yunara|P|初生之誓,155,hero_skill,hero_yunara,P,初生之誓,blocked_runtime,none,generic_runtime,deterministic_random_crit_sequence,"[""deterministic_random_crit_sequence""]","[{""path"":""最小验证/generic-g8-adc-passive-coverage-audit.json"",""legacyStatus"":""blocked"",""sourceRecordKey"":""hero_skill|hero_yunara|P|初生之誓""},{""path"":""最小验证/wiki-only-mechanism-candidate-registry.json"",""legacyStatus"":""registry_candidate"",""sourceRecordKey"":""hero_skill|hero_yunara|P|初生之誓""}]",Yunara,yunara-p,,[],数据参考/lol-wiki-current-champions/normalized/generic/yunara-p.json@rev4016849 sha256:ff68851d6585864c8e8d937d52ff431f4776df68eecd41a26a45ebd2398f3679,provisional_unverified,runtime_contract_placeholder,"{""rank"":null,""resourceCost"":null,""cooldownMs"":null,""target"":null,""timing"":null,""formula"":null,""operationGraph"":null,""fixtures"":[],""completedBoundary"":null,""exclusions"":[]}","[{""id"":""wiki_identity_and_revision"",""state"":""pending""},{""id"":""wiki_numeric_contract"",""state"":""pending""},{""id"":""bounded_phase_a_plan"",""state"":""pending""},{""id"":""design_review_ready"",""state"":""pending""},{""id"":""backend_seed_and_junit"",""state"":""pending""},{""id"":""wasm_generic_test"",""state"":""pending""},{""id"":""g8_unified_audit"",""state"":""pending""},{""id"":""docs_and_governance"",""state"":""pending""}]","[""no_numeric_or_behavioral_fidelity_claim"",""no_runtime_support_claim"",""no_backend_materialization_claim"",""no_g8_or_unified_status_change"",""no_live_publish_or_migration"",""no_new_completed_full_or_ready_assertion""]"
hero_skill|hero_yunara|Q|灵蕴拳,156,hero_skill,hero_yunara,Q,灵蕴拳,blocked_runtime,none,generic_runtime,implementation_gap_no_unresolved_data_fields,"[""multi_target_or_area""]","[{""path"":""最小验证/generic-g8-adc-passive-coverage-audit.json"",""legacyStatus"":""blocked"",""sourceRecordKey"":""hero_skill|hero_yunara|Q|灵蕴拳""},{""path"":""最小验证/wiki-only-mechanism-candidate-registry.json"",""legacyStatus"":""registry_candidate"",""sourceRecordKey"":""hero_skill|hero_yunara|Q|灵蕴拳""}]",Yunara,yunara-q,,[],数据参考/lol-wiki-current-champions/normalized/generic/yunara-q.json@rev4041330 sha256:d5554af1c3b781b8d27de90bd325493a23d270f095e3c8e48377a1e4d159d2a4,provisional_unverified,runtime_contract_placeholder,"{""rank"":null,""resourceCost"":null,""cooldownMs"":null,""target"":null,""timing"":null,""formula"":null,""operationGraph"":null,""fixtures"":[],""completedBoundary"":null,""exclusions"":[]}","[{""id"":""wiki_identity_and_revision"",""state"":""pending""},{""id"":""wiki_numeric_contract"",""state"":""pending""},{""id"":""bounded_phase_a_plan"",""state"":""pending""},{""id"":""design_review_ready"",""state"":""pending""},{""id"":""backend_seed_and_junit"",""state"":""pending""},{""id"":""wasm_generic_test"",""state"":""pending""},{""id"":""g8_unified_audit"",""state"":""pending""},{""id"":""docs_and_governance"",""state"":""pending""}]","[""no_numeric_or_behavioral_fidelity_claim"",""no_runtime_support_claim"",""no_backend_materialization_claim"",""no_g8_or_unified_status_change"",""no_live_publish_or_migration"",""no_new_completed_full_or_ready_assertion""]"
hero_skill|hero_yunara|R|定圣诀,159,hero_skill,hero_yunara,R,定圣诀,blocked_data,none,generic_runtime,missing_upgraded_arc_of_ruin_w_damage_formula,"[""cross_skill_damage_formula"",""transcendent_form_skill_upgrade""]","[{""path"":""最小验证/generic-g8-adc-passive-coverage-audit.json"",""legacyStatus"":""blocked"",""sourceRecordKey"":""hero_skill|hero_yunara|R|定圣诀""},{""path"":""最小验证/wiki-only-mechanism-candidate-registry.json"",""legacyStatus"":""registry_candidate"",""sourceRecordKey"":""hero_skill|hero_yunara|R|定圣诀""}]",Yunara,yunara-r,,[],数据参考/lol-wiki-current-champions/normalized/generic/yunara-r.json@rev4038856 sha256:08923a97970d25edccf48fec7efa219d80615969ee3f2be14c7659ed4bef7462,provisional_unverified,data_contract_placeholder,"{""rank"":null,""resourceCost"":null,""cooldownMs"":null,""target"":null,""timing"":null,""formula"":null,""operationGraph"":null,""fixtures"":[],""completedBoundary"":null,""exclusions"":[]}","[{""id"":""wiki_identity_and_revision"",""state"":""pending""},{""id"":""wiki_numeric_contract"",""state"":""pending""},{""id"":""bounded_phase_a_plan"",""state"":""pending""},{""id"":""design_review_ready"",""state"":""pending""},{""id"":""backend_seed_and_junit"",""state"":""pending""},{""id"":""wasm_generic_test"",""state"":""pending""},{""id"":""g8_unified_audit"",""state"":""pending""},{""id"":""docs_and_governance"",""state"":""pending""}]","[""no_numeric_or_behavioral_fidelity_claim"",""no_runtime_support_claim"",""no_backend_materialization_claim"",""no_g8_or_unified_status_change"",""no_live_publish_or_migration"",""no_new_completed_full_or_ready_assertion""]"
hero_skill|hero_yunara|W|善恶轮 | 寂灭掌,157,hero_skill,hero_yunara,W,善恶轮 | 寂灭掌,blocked_runtime,none,generic_runtime,implementation_gap_no_unresolved_data_fields,"[""multi_target_or_area""]","[{""path"":""最小验证/generic-g8-adc-passive-coverage-audit.json"",""legacyStatus"":""blocked"",""sourceRecordKey"":""hero_skill|hero_yunara|W|善恶轮 | 寂灭掌""},{""path"":""最小验证/wiki-only-mechanism-candidate-registry.json"",""legacyStatus"":""registry_candidate"",""sourceRecordKey"":""hero_skill|hero_yunara|W|善恶轮 | 寂灭掌""}]",Yunara,yunara-w,,[],数据参考/lol-wiki-current-champions/normalized/generic/yunara-w.json@rev4008650 sha256:d41412bf696ea8f7c30d1cd412535ce27bf3f5019498141fdf72e76659316bff,provisional_unverified,runtime_contract_placeholder,"{""rank"":null,""resourceCost"":null,""cooldownMs"":null,""target"":null,""timing"":null,""formula"":null,""operationGraph"":null,""fixtures"":[],""completedBoundary"":null,""exclusions"":[]}","[{""id"":""wiki_identity_and_revision"",""state"":""pending""},{""id"":""wiki_numeric_contract"",""state"":""pending""},{""id"":""bounded_phase_a_plan"",""state"":""pending""},{""id"":""design_review_ready"",""state"":""pending""},{""id"":""backend_seed_and_junit"",""state"":""pending""},{""id"":""wasm_generic_test"",""state"":""pending""},{""id"":""g8_unified_audit"",""state"":""pending""},{""id"":""docs_and_governance"",""state"":""pending""}]","[""no_numeric_or_behavioral_fidelity_claim"",""no_runtime_support_claim"",""no_backend_materialization_claim"",""no_g8_or_unified_status_change"",""no_live_publish_or_migration"",""no_new_completed_full_or_ready_assertion""]"
hero_skill|hero_zeri|E|灿丽花火,163,hero_skill,hero_zeri,E,灿丽花火,blocked_runtime,none,generic_runtime,implementation_gap_no_unresolved_data_fields,"[""multi_target_or_area""]","[{""path"":""最小验证/generic-g8-adc-passive-coverage-audit.json"",""legacyStatus"":""blocked"",""sourceRecordKey"":""hero_skill|hero_zeri|E|灿丽花火""},{""path"":""最小验证/wiki-only-mechanism-candidate-registry.json"",""legacyStatus"":""registry_candidate"",""sourceRecordKey"":""hero_skill|hero_zeri|E|灿丽花火""}]",Zeri,zeri-e,,[],数据参考/lol-wiki-current-champions/normalized/generic/zeri-e.json@rev4015351 sha256:87000a9142ce2f8481ffd9683a231b32a87681e531d2a4dd6a06bfa52fa42d4d,provisional_unverified,runtime_contract_placeholder,"{""rank"":null,""resourceCost"":null,""cooldownMs"":null,""target"":null,""timing"":null,""formula"":null,""operationGraph"":null,""fixtures"":[],""completedBoundary"":null,""exclusions"":[]}","[{""id"":""wiki_identity_and_revision"",""state"":""pending""},{""id"":""wiki_numeric_contract"",""state"":""pending""},{""id"":""bounded_phase_a_plan"",""state"":""pending""},{""id"":""design_review_ready"",""state"":""pending""},{""id"":""backend_seed_and_junit"",""state"":""pending""},{""id"":""wasm_generic_test"",""state"":""pending""},{""id"":""g8_unified_audit"",""state"":""pending""},{""id"":""docs_and_governance"",""state"":""pending""}]","[""no_numeric_or_behavioral_fidelity_claim"",""no_runtime_support_claim"",""no_backend_materialization_claim"",""no_g8_or_unified_status_change"",""no_live_publish_or_migration"",""no_new_completed_full_or_ready_assertion""]"
hero_skill|hero_zeri|P|内能迁转,160,hero_skill,hero_zeri,P,内能迁转,blocked_runtime,none,generic_runtime,implementation_gap_no_unresolved_data_fields,"[""on_hit""]","[{""path"":""最小验证/generic-g8-adc-passive-coverage-audit.json"",""legacyStatus"":""blocked"",""sourceRecordKey"":""hero_skill|hero_zeri|P|内能迁转""},{""path"":""最小验证/wiki-only-mechanism-candidate-registry.json"",""legacyStatus"":""registry_candidate"",""sourceRecordKey"":""hero_skill|hero_zeri|P|内能迁转""}]",Zeri,zeri-p,,[],数据参考/lol-wiki-current-champions/normalized/generic/zeri-p.json@rev4041739 sha256:606fca74a738c7316244158d054700a73b8c4e4ccd63e90e3dc0814f533a737b,provisional_unverified,runtime_contract_placeholder,"{""rank"":null,""resourceCost"":null,""cooldownMs"":null,""target"":null,""timing"":null,""formula"":null,""operationGraph"":null,""fixtures"":[],""completedBoundary"":null,""exclusions"":[]}","[{""id"":""wiki_identity_and_revision"",""state"":""pending""},{""id"":""wiki_numeric_contract"",""state"":""pending""},{""id"":""bounded_phase_a_plan"",""state"":""pending""},{""id"":""design_review_ready"",""state"":""pending""},{""id"":""backend_seed_and_junit"",""state"":""pending""},{""id"":""wasm_generic_test"",""state"":""pending""},{""id"":""g8_unified_audit"",""state"":""pending""},{""id"":""docs_and_governance"",""state"":""pending""}]","[""no_numeric_or_behavioral_fidelity_claim"",""no_runtime_support_claim"",""no_backend_materialization_claim"",""no_g8_or_unified_status_change"",""no_live_publish_or_migration"",""no_new_completed_full_or_ready_assertion""]"
hero_skill|hero_zeri|Q|电火迸射,161,hero_skill,hero_zeri,Q,电火迸射,blocked_runtime,none,generic_runtime,implementation_gap_no_unresolved_data_fields,"[""dps_relevant_manual_review""]","[{""path"":""最小验证/generic-g8-adc-passive-coverage-audit.json"",""legacyStatus"":""blocked"",""sourceRecordKey"":""hero_skill|hero_zeri|Q|电火迸射""},{""path"":""最小验证/wiki-only-mechanism-candidate-registry.json"",""legacyStatus"":""registry_candidate"",""sourceRecordKey"":""hero_skill|hero_zeri|Q|电火迸射""}]",Zeri,zeri-q,,[],数据参考/lol-wiki-current-champions/normalized/generic/zeri-q.json@rev4041832 sha256:23aff813263c819fc05d70d5512b0db552478597ded7ba183856781edea8ab22,provisional_unverified,runtime_contract_placeholder,"{""rank"":null,""resourceCost"":null,""cooldownMs"":null,""target"":null,""timing"":null,""formula"":null,""operationGraph"":null,""fixtures"":[],""completedBoundary"":null,""exclusions"":[]}","[{""id"":""wiki_identity_and_revision"",""state"":""pending""},{""id"":""wiki_numeric_contract"",""state"":""pending""},{""id"":""bounded_phase_a_plan"",""state"":""pending""},{""id"":""design_review_ready"",""state"":""pending""},{""id"":""backend_seed_and_junit"",""state"":""pending""},{""id"":""wasm_generic_test"",""state"":""pending""},{""id"":""g8_unified_audit"",""state"":""pending""},{""id"":""docs_and_governance"",""state"":""pending""}]","[""no_numeric_or_behavioral_fidelity_claim"",""no_runtime_support_claim"",""no_backend_materialization_claim"",""no_g8_or_unified_status_change"",""no_live_publish_or_migration"",""no_new_completed_full_or_ready_assertion""]"
hero_skill|hero_zeri|R|超限爆闪,164,hero_skill,hero_zeri,R,超限爆闪,blocked_runtime,none,generic_runtime,implementation_gap_no_unresolved_data_fields,"[""multi_target_or_area""]","[{""path"":""最小验证/generic-g8-adc-passive-coverage-audit.json"",""legacyStatus"":""blocked"",""sourceRecordKey"":""hero_skill|hero_zeri|R|超限爆闪""},{""path"":""最小验证/wiki-only-mechanism-candidate-registry.json"",""legacyStatus"":""registry_candidate"",""sourceRecordKey"":""hero_skill|hero_zeri|R|超限爆闪""}]",Zeri,zeri-r,,[],数据参考/lol-wiki-current-champions/normalized/generic/zeri-r.json@rev4016978 sha256:d5335584b29602564b602b4711db7584d5ccaa03e1c4232f73c1b45e6da76240,provisional_unverified,runtime_contract_placeholder,"{""rank"":null,""resourceCost"":null,""cooldownMs"":null,""target"":null,""timing"":null,""formula"":null,""operationGraph"":null,""fixtures"":[],""completedBoundary"":null,""exclusions"":[]}","[{""id"":""wiki_identity_and_revision"",""state"":""pending""},{""id"":""wiki_numeric_contract"",""state"":""pending""},{""id"":""bounded_phase_a_plan"",""state"":""pending""},{""id"":""design_review_ready"",""state"":""pending""},{""id"":""backend_seed_and_junit"",""state"":""pending""},{""id"":""wasm_generic_test"",""state"":""pending""},{""id"":""g8_unified_audit"",""state"":""pending""},{""id"":""docs_and_governance"",""state"":""pending""}]","[""no_numeric_or_behavioral_fidelity_claim"",""no_runtime_support_claim"",""no_backend_materialization_claim"",""no_g8_or_unified_status_change"",""no_live_publish_or_migration"",""no_new_completed_full_or_ready_assertion""]"
hero_skill|hero_zeri|W|强穿激光,162,hero_skill,hero_zeri,W,强穿激光,blocked_runtime,none,generic_runtime,implementation_gap_no_unresolved_data_fields,"[""meta_or_non_target_dps""]","[{""path"":""最小验证/generic-g8-adc-passive-coverage-audit.json"",""legacyStatus"":""blocked"",""sourceRecordKey"":""hero_skill|hero_zeri|W|强穿激光""},{""path"":""最小验证/wiki-only-mechanism-candidate-registry.json"",""legacyStatus"":""registry_candidate"",""sourceRecordKey"":""hero_skill|hero_zeri|W|强穿激光""}]",Zeri,zeri-w,,[],数据参考/lol-wiki-current-champions/normalized/generic/zeri-w.json@rev4013271 sha256:15fcbdd7e08c794cfe503b860732dfead4092b1e4aaa9b8a482a4ac70e6d4bb2,provisional_unverified,runtime_contract_placeholder,"{""rank"":null,""resourceCost"":null,""cooldownMs"":null,""target"":null,""timing"":null,""formula"":null,""operationGraph"":null,""fixtures"":[],""completedBoundary"":null,""exclusions"":[]}","[{""id"":""wiki_identity_and_revision"",""state"":""pending""},{""id"":""wiki_numeric_contract"",""state"":""pending""},{""id"":""bounded_phase_a_plan"",""state"":""pending""},{""id"":""design_review_ready"",""state"":""pending""},{""id"":""backend_seed_and_junit"",""state"":""pending""},{""id"":""wasm_generic_test"",""state"":""pending""},{""id"":""g8_unified_audit"",""state"":""pending""},{""id"":""docs_and_governance"",""state"":""pending""}]","[""no_numeric_or_behavioral_fidelity_claim"",""no_runtime_support_claim"",""no_backend_materialization_claim"",""no_g8_or_unified_status_change"",""no_live_publish_or_migration"",""no_new_completed_full_or_ready_assertion""]"
item_passive|3004|item_passive|法力流,177,item_passive,3004,item_passive,法力流,blocked_runtime,none,generic_runtime,missing_periodic_charge_tick_and_ability_hit_resource_gain_and_mana_transform_runtime,"[""attack_or_ability_hit_resource_gain"",""periodic_charge_tick"",""state_driven_max_mana_and_transform""]","[{""path"":""最小验证/generic-g8-adc-passive-coverage-audit.json"",""legacyStatus"":""blocked"",""sourceRecordKey"":""item_passive|3004|item_passive|法力流""},{""path"":""最小验证/wiki-only-mechanism-candidate-registry.json"",""legacyStatus"":""registry_candidate"",""sourceRecordKey"":""item_passive|3004|item_passive|法力流""}]",Manamune,,3004,"[""pass2"",""pass3""]",数据参考/lol-wiki-current-items/current-items.normalized.json#item_3004_slots_pass2+pass3@revid4030984 sha256:e7818effb888c6d2474496ee20378ecb57e335ccf9ace16630fda7d0daceac2d,provisional_unverified,runtime_contract_placeholder,"{""rank"":null,""resourceCost"":null,""cooldownMs"":null,""target"":null,""timing"":null,""formula"":null,""operationGraph"":null,""fixtures"":[],""completedBoundary"":null,""exclusions"":[]}","[{""id"":""wiki_identity_and_revision"",""state"":""pending""},{""id"":""wiki_numeric_contract"",""state"":""pending""},{""id"":""bounded_phase_a_plan"",""state"":""pending""},{""id"":""design_review_ready"",""state"":""pending""},{""id"":""backend_seed_and_junit"",""state"":""pending""},{""id"":""wasm_generic_test"",""state"":""pending""},{""id"":""g8_unified_audit"",""state"":""pending""},{""id"":""docs_and_governance"",""state"":""pending""}]","[""no_numeric_or_behavioral_fidelity_claim"",""no_runtime_support_claim"",""no_backend_materialization_claim"",""no_g8_or_unified_status_change"",""no_live_publish_or_migration"",""no_new_completed_full_or_ready_assertion""]"
item_passive|3097|item_passive|盈能,198,item_passive,3097,item_passive,盈能,blocked_data,none,generic_runtime,missing_precise_energize_move_and_attack_charge_rates_in_local_wiki,"[""energized_charge_and_consume""]","[{""path"":""最小验证/generic-g8-adc-passive-coverage-audit.json"",""legacyStatus"":""blocked"",""sourceRecordKey"":""item_passive|3097|item_passive|盈能""},{""path"":""最小验证/wiki-only-mechanism-candidate-registry.json"",""legacyStatus"":""registry_candidate"",""sourceRecordKey"":""item_passive|3097|item_passive|盈能""}]",Stormrazor,,3097,"[""pass""]",数据参考/lol-wiki-current-items/current-items.normalized.json#item_3097_slots_pass@revid4030984 sha256:e7818effb888c6d2474496ee20378ecb57e335ccf9ace16630fda7d0daceac2d,provisional_unverified,data_contract_placeholder,"{""rank"":null,""resourceCost"":null,""cooldownMs"":null,""target"":null,""timing"":null,""formula"":null,""operationGraph"":null,""fixtures"":[],""completedBoundary"":null,""exclusions"":[]}","[{""id"":""wiki_identity_and_revision"",""state"":""pending""},{""id"":""wiki_numeric_contract"",""state"":""pending""},{""id"":""bounded_phase_a_plan"",""state"":""pending""},{""id"":""design_review_ready"",""state"":""pending""},{""id"":""backend_seed_and_junit"",""state"":""pending""},{""id"":""wasm_generic_test"",""state"":""pending""},{""id"":""g8_unified_audit"",""state"":""pending""},{""id"":""docs_and_governance"",""state"":""pending""}]","[""no_numeric_or_behavioral_fidelity_claim"",""no_runtime_support_claim"",""no_backend_materialization_claim"",""no_g8_or_unified_status_change"",""no_live_publish_or_migration"",""no_new_completed_full_or_ready_assertion""]"
