key,status,completionMode,lane,sourceKind,ownerId,skillKey,passiveName,mechanismTags,coverageBoundary,reason,blocker,dataGapMissingFields,dataGapEvidenceJson,runtimeGapMissingPrimitives,runtimeGapEvidenceJson,outOfScopeExcludedBehavior,outOfScopeEvidenceJson,sourceRefs,evidenceRefs,aliases,dependencyOf
hero_skill|hero_ahri|Q|欺诈宝珠,regression_only,none,legacy_single_attacker_dps,hero_skill,hero_ahri,Q,欺诈宝珠,keep_mechanics_config,batch_j_status_migration_audit_only,Batch J 状态迁移审计：keep_mechanics_config，不作新机制实现任务。,,,,,,,,最小验证/V2-Batch-J-status-damage-audit.json#skill_ahri_q:keep_mechanics_config,,skill_ahri_q,
hero_skill|hero_akshan|E|骄行荡寇,out_of_scope,none,generic_runtime,hero_skill,hero_akshan,E,骄行荡寇,heroic_swing_movement|swing_path_non_single_target,,骄行荡寇：用户显式划定审计范围外（摆荡/地形/多目标射击路径）；主目标伤害分支已复核为边界外。,,,,,,explicit_user_audit_scope,"{""sourceRef"":""数据参考/lol-wiki-current-champions/normalized/reviewed-contracts.json#akshan-e@rev4007412"",""sourceTextSummary"":""Akshan Heroic Swing: hook→swing→periodic shots; multi-target/terrain path outside 1v1 DPS audit."",""reviewedPrimaryTargetDamageBranch"":true,""boundaryCategory"":""explicit_user_scope"",""excludedBehavior"":""explicit_user_audit_scope"",""boundaryReason"":""骄行荡寇：用户显式划定审计范围外（摆荡/地形/多目标射击路径）；主目标伤害分支已复核为边界外。"",""damageRelevantSubBranchDisposition"":""trigger_phrase_no_damage_amp""}",最小验证/V2-Batch-G-adc-passive-audit.json#hero_skill|hero_akshan|E|骄行荡寇:out_of_scope_for_single_target_dps;最小验证/generic-g8-adc-passive-coverage-audit.json#hero_skill|hero_akshan|E|骄行荡寇:out_of_scope,,,
hero_skill|hero_akshan|P|无所不用,blocked_data,partial,generic_runtime,hero_skill,hero_akshan,P,无所不用,every_n_hit|magic_proc_on_third_stack|on_hit|stacking_dirty_fighting,dirty_fighting_aa_stack_third_magic_core_complete;second_shot_delay_ms_blocked_data;ability_hit_stack_wiring_runtime;shield_cancel_ms_retarget_oos,Akshan P Dirty Fighting：Wiki rev4038197（SHA256 22ba762382dedced4b63a451c4513cb3129e3b16a137236e5b637eea7510b534）+ canonical generic ABI 与 wasm-generic-akshan-dirty-fighting + backend 双边证据已闭环伤害核心——CompileFrame→session→RunFrame→ReleaseSessionFrame；typed 普攻物理；provider-target dirty_fighting_stacks（0/max3/5000ms refresh-on-write）；第三层魔法 15/40/80/150 @ 1/6/11/16 +60% AP 消耗重置；护甲/MR/阈值/AP/refresh/expiry/从零第四击/每次攻击一次 basic_attack_hit。completionMode=partial（非 full）：被动第二发 50% AD 仅 after a delay，exact delay ms 未公布（blocked_data）；技能命中叠层缺 accurate_ability_hit_event_wiring；英雄护盾与取消第二发移速及换目标/小兵/多目标 out of damage scope。,second_shot_exact_delay_ms_not_published,secondShotDelayMs,"{""sourceVersion"":""lol-wiki-rev-4038197"",""sourceRef"":""数据参考/lol-wiki-current-champions/normalized/reviewed-contracts.json#akshan-p"",""availableEffectTables"":{""thirdStackMagicByLevel"":[15,40,80,150],""thirdStackMagicLevels"":[1,6,11,16],""secondShotAdRatio"":[0.5],""stackCap"":[3],""stackDurationMs"":[5000]},""availableCooldowns"":[],""availableCosts"":{},""tooltipPlaceholders"":[],""unresolvedDamagePlaceholders"":[],""varsMapEmpty"":false,""variablesEmpty"":false,""variables"":[""dirty_fighting_stacks"",""third_stack_magic_15_40_80_150_plus_60pct_ap"",""second_shot_50pct_ad_after_a_delay""],""missingFields"":[""secondShotDelayMs""],""gapKind"":""wiki_delay_ms_unpublished"",""reasonZh"":""Akshan P Dirty Fighting：被动第二发 Wiki 写明 50% AD 且 after a delay，但 exact delay milliseconds 未公布；不得臆造 delay。伤害核心（普攻叠层/第三层魔法）已部分闭环。"",""blocker"":""second_shot_exact_delay_ms_not_published""}",accurate_ability_hit_event_wiring,"{""sourceRef"":""数据参考/lol-wiki-current-champions/normalized/reviewed-contracts.json#akshan-p"",""dataStatus"":""partial"",""requiredEvents"":[""basic_attack_hit"",""accurate_ability_hit""],""requiredState"":[""dirty_fighting_stacks""],""requiredFormulaInputs"":[""ability_power"",""champion_level"",""attack_damage""],""requiredScheduling"":[],""missingPrimitives"":[""accurate_ability_hit_event_wiring""],""remainingBoundary"":""技能命中亦叠层，但 exact generic ability-hit event wiring 未建立；不得用 ability_started 替代。英雄护盾与取消第二发移速及换目标/小兵/多目标非核心分支 out of damage scope。"",""completedBoundary"":""AA Dirty Fighting core closed: CompileFrame→session→RunFrame→ReleaseSessionFrame; typed physical BA; dirty_fighting_stacks 0/max3/5000ms refresh-on-write; third-stack magic 15/40/80/150@1/6/11/16 +60% AP consume-reset; armor/MR/AP thresholds; refresh/expiry; fourth-from-zero; one basic_attack_hit per attack""}",,,最小验证/V2-Batch-G-adc-passive-audit.json#hero_skill|hero_akshan|P|无所不用:already_covered;最小验证/generic-g8-adc-passive-coverage-audit.json#hero_skill|hero_akshan|P|无所不用:partial,wasm-generic-akshan-dirty-fighting|db/game_manage/seeds/lol_generic_akshan_dirty_fighting_seed.sql|backend;wasm-generic-akshan-dirty-fighting|wasm/tinygo_engine_v2/internal/runtime/generic_akshan_dirty_fighting_test.go|wasm,,
hero_skill|hero_akshan|Q|去而复还,blocked_runtime,none,generic_runtime,hero_skill,hero_akshan,Q,去而复还,cooldown_or_haste_without_rotation,,旧 out_of_scope 但 sourceText 含伤害/攻击/每N次等主目标相关语义；复合伤害分支不得整条 out_of_scope，且无精确 seed。,cooldown_or_haste_rotation,,"{""sourceVersion"":""lol-wiki-rev-4007510"",""sourceRef"":""数据参考/lol-wiki-current-champions/normalized/generic/akshan-q.json@rev4007510 sha256:1cbf7dda955849d05ad2d7e578ed9507f8f61fc7525c5ed006a25185915b5f5b"",""availableEffectTables"":{},""availableCooldowns"":[],""availableCosts"":{},""tooltipPlaceholders"":[],""unresolvedDamagePlaceholders"":[],""varsMapEmpty"":true,""variablesEmpty"":true,""variables"":[],""missingFields"":[],""gapKind"":""none"",""reasonZh"":""当前 League Wiki 模板已提供可核验数值合同；剩余为实现/runtime 缺口。"",""blocker"":""""}",cooldown_or_haste_rotation,"{""sourceRef"":""最小验证/数据/build-unified-mechanism-inventory.mjs#synthesize:hero_skill|hero_akshan|Q|去而复还"",""dataStatus"":""complete"",""requiredEvents"":[],""requiredState"":[],""requiredFormulaInputs"":[],""requiredScheduling"":[""cooldown_or_haste_without_rotation""],""missingPrimitives"":[""cooldown_or_haste_rotation""],""remainingBoundary"":""按 mechanismTags/blocker 推导的 runtime 缺口：cooldown_or_haste_rotation""}",,,最小验证/V2-Batch-G-adc-passive-audit.json#hero_skill|hero_akshan|Q|去而复还:out_of_scope_for_single_target_dps;最小验证/generic-g8-adc-passive-coverage-audit.json#hero_skill|hero_akshan|Q|去而复还:blocked,,,
hero_skill|hero_akshan|R|恩怨相抵,blocked_runtime,none,generic_runtime,hero_skill,hero_akshan,R,恩怨相抵,meta_or_non_target_dps,,当前 League Wiki 模板已提供可核验数值合同；剩余为实现/runtime 缺口。,implementation_gap_no_unresolved_data_fields,,"{""sourceVersion"":""lol-wiki-rev-3982549"",""sourceRef"":""数据参考/lol-wiki-current-champions/normalized/generic/akshan-r.json@rev3982549 sha256:f6707ea62ac3c40823b6b1ee5984d19987f49a35283f7795e04cd8b36359ef32"",""availableEffectTables"":{},""availableCooldowns"":[],""availableCosts"":{},""tooltipPlaceholders"":[],""unresolvedDamagePlaceholders"":[],""varsMapEmpty"":true,""variablesEmpty"":true,""variables"":[],""missingFields"":[],""gapKind"":""none"",""reasonZh"":""当前 League Wiki 模板已提供可核验数值合同；剩余为实现/runtime 缺口。"",""blocker"":""""}",implementation_gap_no_unresolved_data_fields,"{""sourceRef"":""最小验证/数据/build-unified-mechanism-inventory.mjs#synthesize:hero_skill|hero_akshan|R|恩怨相抵"",""dataStatus"":""complete"",""requiredEvents"":[],""requiredState"":[],""requiredFormulaInputs"":[],""requiredScheduling"":[],""missingPrimitives"":[""implementation_gap_no_unresolved_data_fields""],""remainingBoundary"":""按 mechanismTags/blocker 推导的 runtime 缺口：implementation_gap_no_unresolved_data_fields""}",,,最小验证/V2-Batch-G-adc-passive-audit.json#hero_skill|hero_akshan|R|恩怨相抵:out_of_scope_for_single_target_dps;最小验证/generic-g8-adc-passive-coverage-audit.json#hero_skill|hero_akshan|R|恩怨相抵:blocked,,,
hero_skill|hero_akshan|W|赴险夺人,out_of_scope,none,generic_runtime,hero_skill,hero_akshan,W,赴险夺人,meta_or_non_target_dps,,赴险夺人：击杀/经济收益发生在当前唯一主目标死亡之后，encounter 已结束；审计边界外。,,,,,,economy_gold,"{""sourceRef"":""数据参考/lol-wiki-current-champions/normalized/generic/akshan-w.json@rev3989407 sha256:d1f66a7d68ae4ac2b607bd580c911a124a384da5117e9688e9bbb392c1caff12"",""sourceTextSummary"":""被动效果：敌方英雄在击杀了阿克尚的友方英雄时，会被标记为恶人。如果阿克尚击杀了一名恶人，那么他会复活被该恶人击杀的友方英雄，获得额外金币，并清除所有恶人标记。 主动施放时，阿克尚会进入伪装状态并在朝着恶人移动时获得移动速度和法力回复。在离开草丛或墙体附近后，阿克尚会失去伪装状态。 {{ Spell_AkshanW_Tooltip_{{ gamemodeint"",""reviewedPrimaryTargetDamageBranch"":true,""boundaryCategory"":""economy_or_post_takedown"",""excludedBehavior"":""economy_gold"",""boundaryReason"":""赴险夺人：击杀/经济收益发生在当前唯一主目标死亡之后，encounter 已结束；审计边界外。"",""damageRelevantSubBranchDisposition"":""post_kill_next_encounter_only""}",最小验证/V2-Batch-G-adc-passive-audit.json#hero_skill|hero_akshan|W|赴险夺人:out_of_scope_for_single_target_dps;最小验证/generic-g8-adc-passive-coverage-audit.json#hero_skill|hero_akshan|W|赴险夺人:out_of_scope,,,
hero_skill|hero_aphelios|E|武器队列系统,out_of_scope,none,generic_runtime,hero_skill,hero_aphelios,E,武器队列系统,weapon_ammo_swap_system,,武器队列系统：复杂所有者/武器弹药系统整包跳过；主目标伤害分支已复核为边界外。,,,,,,aphelios_weapon_ammo_swap_system,"{""sourceRef"":""数据参考/lol-wiki-current-champions/normalized/generic/aphelios-e.json@rev3998993 sha256:4e8678cf455dbbf1eebd50d9a7e318ef9e56f47e80f263a8e8d92a4be0efabb0"",""sourceTextSummary"":""厄斐琉斯没有E技能。这个技能栏位会显示拉露恩将为他提供的下一件武器。武器序列在开始时是固定的，但可以随着游戏时间来变更——在一件武器弹药耗尽后，就会进入序列的末端。 {{ spellmodifierdescriptionappend }}"",""reviewedPrimaryTargetDamageBranch"":true,""boundaryCategory"":""complex_owner_skip"",""excludedBehavior"":""aphelios_weapon_ammo_swap_system"",""boundaryReason"":""武器队列系统：复杂所有者/武器弹药系统整包跳过；主目标伤害分支已复核为边界外。"",""damageRelevantSubBranchDisposition"":""aphelios_owner_allowlist""}",最小验证/V2-Batch-G-adc-passive-audit.json#hero_skill|hero_aphelios|E|武器队列系统:out_of_scope_for_single_target_dps;最小验证/generic-g8-adc-passive-coverage-audit.json#hero_skill|hero_aphelios|E|武器队列系统:out_of_scope,,,
hero_skill|hero_aphelios|P|传知者与真知者,out_of_scope,none,generic_runtime,hero_skill,hero_aphelios,P,传知者与真知者,weapon_ammo_swap_system,,传知者与真知者：复杂所有者/武器弹药系统整包跳过；主目标伤害分支已复核为边界外。,,,,,,aphelios_weapon_ammo_swap_system,"{""sourceRef"":""数据参考/lol-wiki-current-champions/normalized/generic/aphelios-p.json@rev4022691 sha256:f89d11798f5ae62bde50b9a22bff7bc9e03360fb14cb232410a839459a50781e"",""sourceTextSummary"":""厄斐琉斯拥有5件由他妹妹拉露恩所制的皎月武器。他同一时间可以使用2件：1件主手武器和1件副手武器。每件武器都有1种独特的普攻方式和1个独特的技能。攻击和技能都会消耗该武器的弹药。在弹药耗尽后，厄斐琉斯会弃掉该武器，并且拉露恩会召唤下一件武器给厄斐琉斯。"",""reviewedPrimaryTargetDamageBranch"":true,""boundaryCategory"":""complex_owner_skip"",""excludedBehavior"":""aphelios_weapon_ammo_swap_system"",""boundaryReason"":""传知者与真知者：复杂所有者/武器弹药系统整包跳过；主目标伤害分支已复核为边界外。"",""damageRelevantSubBranchDisposition"":""aphelios_owner_allowlist""}",最小验证/V2-Batch-G-adc-passive-audit.json#hero_skill|hero_aphelios|P|传知者与真知者:needs_manual_baseline;最小验证/generic-g8-adc-passive-coverage-audit.json#hero_skill|hero_aphelios|P|传知者与真知者:out_of_scope,,,
hero_skill|hero_aphelios|Q|武器技能,out_of_scope,none,generic_runtime,hero_skill,hero_aphelios,Q,武器技能,weapon_ammo_swap_system,,武器技能：复杂所有者/武器弹药系统整包跳过；主目标伤害分支已复核为边界外。,,,,,,aphelios_weapon_ammo_swap_system,"{""sourceRef"":""数据参考/lol-wiki-current-champions/normalized/generic/aphelios-q.json@rev3963883 sha256:95c3bafeb5c1558022cfd687495336b6a254c5fe3ab373b1b2f6b0a00c5e52dd"",""sourceTextSummary"":""厄斐琉斯拥有5个不同的主动技能，基于他的主手武器： 通碧(步枪)：长距离射击，能够标记目标来跟进一次长距离攻击。 断魄(短镰枪)：在快速奔跑的同时用两把武器攻击附近的敌人。 坠明(加农炮)：禁锢被这把武器减速的所有敌人。 荧焰(喷火器)：引爆锥形范围内的敌人并用你的副手武器攻击他们。 折镜(飞轮刃)：部署一个装备着你副手武器的驻灵。 {{ spellmodi"",""reviewedPrimaryTargetDamageBranch"":true,""boundaryCategory"":""complex_owner_skip"",""excludedBehavior"":""aphelios_weapon_ammo_swap_system"",""boundaryReason"":""武器技能：复杂所有者/武器弹药系统整包跳过；主目标伤害分支已复核为边界外。"",""damageRelevantSubBranchDisposition"":""aphelios_owner_allowlist""}",最小验证/V2-Batch-G-adc-passive-audit.json#hero_skill|hero_aphelios|Q|武器技能:out_of_scope_for_single_target_dps;最小验证/generic-g8-adc-passive-coverage-audit.json#hero_skill|hero_aphelios|Q|武器技能:out_of_scope,,,
hero_skill|hero_aphelios|R|清辉夜凝,out_of_scope,none,generic_runtime,hero_skill,hero_aphelios,R,清辉夜凝,weapon_ammo_swap_system,,清辉夜凝：复杂所有者/武器弹药系统整包跳过；主目标伤害分支已复核为边界外。,,,,,,aphelios_weapon_ammo_swap_system,"{""sourceRef"":""数据参考/lol-wiki-current-champions/normalized/generic/aphelios-r.json@rev3996444 sha256:29aae204e6987b0049678b38b3ca912ae940f9a5de3bd525a8cffadd543f0d2b"",""sourceTextSummary"":""发射一道凝结的月光来引爆敌方英雄。还会施加厄斐琉斯主手武器的独特效果。 厄斐琉斯发射一道浓缩爆裂的月光，在命中一位敌方英雄时爆炸，以对周围的敌人们造成{{ maxdamage }}物理伤害。 随后，厄斐琉斯会用他的主手武器攻击所有英雄。{{ Spell_ApheliosR_WeaponMod_{{ f1 }} }}{{ spellmodifierdescri"",""reviewedPrimaryTargetDamageBranch"":true,""boundaryCategory"":""complex_owner_skip"",""excludedBehavior"":""aphelios_weapon_ammo_swap_system"",""boundaryReason"":""清辉夜凝：复杂所有者/武器弹药系统整包跳过；主目标伤害分支已复核为边界外。"",""damageRelevantSubBranchDisposition"":""aphelios_owner_allowlist""}",最小验证/V2-Batch-G-adc-passive-audit.json#hero_skill|hero_aphelios|R|清辉夜凝:out_of_scope_for_single_target_dps;最小验证/generic-g8-adc-passive-coverage-audit.json#hero_skill|hero_aphelios|R|清辉夜凝:out_of_scope,,,
hero_skill|hero_aphelios|W|月相轮转,out_of_scope,none,generic_runtime,hero_skill,hero_aphelios,W,月相轮转,weapon_ammo_swap_system,,月相轮转：复杂所有者/武器弹药系统整包跳过；主目标伤害分支已复核为边界外。,,,,,,aphelios_weapon_ammo_swap_system,"{""sourceRef"":""数据参考/lol-wiki-current-champions/normalized/generic/aphelios-w.json@rev3970739 sha256:f3fb3134b57ae063602a10fabc22f2653c59f18eddd0a7d6d9c95eeb8205471e"",""sourceTextSummary"":""厄斐琉斯将主手武器和副手武器互换，同时替换他的普攻方式和主动技能。 切换主手武器与副手武器，装备坠明。{{ spellmodifierdescriptionappend }}"",""reviewedPrimaryTargetDamageBranch"":true,""boundaryCategory"":""complex_owner_skip"",""excludedBehavior"":""aphelios_weapon_ammo_swap_system"",""boundaryReason"":""月相轮转：复杂所有者/武器弹药系统整包跳过；主目标伤害分支已复核为边界外。"",""damageRelevantSubBranchDisposition"":""aphelios_owner_allowlist""}",最小验证/V2-Batch-G-adc-passive-audit.json#hero_skill|hero_aphelios|W|月相轮转:needs_manual_baseline;最小验证/generic-g8-adc-passive-coverage-audit.json#hero_skill|hero_aphelios|W|月相轮转:out_of_scope,,,
hero_skill|hero_ashe|E|鹰击长空,out_of_scope,none,generic_runtime,hero_skill,hero_ashe,E,鹰击长空,meta_or_non_target_dps,,鹰击长空：纯视野/显形/守卫侦察，不含伤害；审计边界外。,,,,,,ward_vision_or_trap_reveal,"{""sourceRef"":""数据参考/lol-wiki-current-champions/normalized/generic/ashe-e.json@rev3936951 sha256:218c7d2ecbf561f64b35a97e57f47a853a036a4923517eb278b572a7640dedc0"",""sourceTextSummary"":""艾希将她的猎鹰之灵派去执行侦查任务，可派往地图上的任意地点。 艾希派出一只鹰，在地图上的任一位置提供5秒的视野。它还会在飞行时显形附近的区域。 这个技能可持有2层充能（{{ chargecooldown }}秒充能时间）。{{ spellmodifierdescriptionappend }}"",""reviewedPrimaryTargetDamageBranch"":true,""boundaryCategory"":""pure_vision"",""excludedBehavior"":""ward_vision_or_trap_reveal"",""boundaryReason"":""鹰击长空：纯视野/显形/守卫侦察，不含伤害；审计边界外。"",""damageRelevantSubBranchDisposition"":""no_primary_target_damage_branch""}",最小验证/V2-Batch-G-adc-passive-audit.json#hero_skill|hero_ashe|E|鹰击长空:out_of_scope_for_single_target_dps;最小验证/generic-g8-adc-passive-coverage-audit.json#hero_skill|hero_ashe|E|鹰击长空:out_of_scope,,,
hero_skill|hero_ashe|P|冰霜射击,blocked_runtime,none,generic_runtime,hero_skill,hero_ashe,P,冰霜射击,deterministic_random_crit_sequence,,deterministic_random_crit_sequence：expected crit 不证明可复现 RNG/on-crit 序列语义。,deterministic_random_crit_sequence,,"{""sourceVersion"":""lol-wiki-rev-4038216"",""sourceRef"":""数据参考/lol-wiki-current-champions/normalized/generic/ashe-p.json@rev4038216 sha256:def2547f895e1533754e9265fd36f995a30258f11ca947cd737a70ea17df51da"",""availableEffectTables"":{},""availableCooldowns"":[],""availableCosts"":{},""tooltipPlaceholders"":[],""unresolvedDamagePlaceholders"":[],""varsMapEmpty"":true,""variablesEmpty"":true,""variables"":[],""missingFields"":[],""gapKind"":""none"",""reasonZh"":""当前 League Wiki 模板已提供可核验数值合同；剩余为实现/runtime 缺口。"",""blocker"":""""}",deterministic_random_crit_sequence,"{""sourceRef"":""最小验证/数据/build-unified-mechanism-inventory.mjs#synthesize:hero_skill|hero_ashe|P|冰霜射击"",""dataStatus"":""complete"",""requiredEvents"":[""critical_strike_resolved""],""requiredState"":[],""requiredFormulaInputs"":[],""requiredScheduling"":[],""missingPrimitives"":[""deterministic_random_crit_sequence""],""remainingBoundary"":""按 mechanismTags/blocker 推导的 runtime 缺口：deterministic_random_crit_sequence""}",,,最小验证/V2-Batch-G-adc-passive-audit.json#hero_skill|hero_ashe|P|冰霜射击:needs_runtime_extension;最小验证/generic-g8-adc-passive-coverage-audit.json#hero_skill|hero_ashe|P|冰霜射击:blocked,,,
hero_skill|hero_ashe|Q|射手的专注,completed,full,generic_runtime,hero_skill,hero_ashe,Q,射手的专注,attack_speed_percent_add|cast_condition|stacking_stat_modifier_on_hit,,Ashe Q Ranger's Focus：当前 League Wiki + 用户批准口径（4 Focus / 6s / rank5 +60% AS / 5箭 130% AD、首轮 6箭 156% AD / 30 mana）与 wasm-generic-ashe-rangers-focus 证据闭环。用户明确排除 attack-timer reset、逐箭飞行、Frost Shot、吸血、建筑物/多目标与完整轮转，故标 completed。,,,,,,,,最小验证/V2-Batch-G-adc-passive-audit.json#hero_skill|hero_ashe|Q|射手的专注:needs_runtime_extension;最小验证/generic-g8-adc-passive-coverage-audit.json#hero_skill|hero_ashe|Q|射手的专注:migrated,wasm-generic-ashe-rangers-focus|db/game_manage/seeds/lol_generic_ashe_rangers_focus_seed.sql|backend;wasm-generic-ashe-rangers-focus|wasm/tinygo_engine_v2/internal/runtime/generic_ashe_rangers_focus_test.go|wasm,,
hero_skill|hero_ashe|R|魔法水晶箭,blocked_runtime,none,generic_runtime,hero_skill,hero_ashe,R,魔法水晶箭,multi_target_or_area,,当前 League Wiki 模板已提供可核验数值合同；剩余为实现/runtime 缺口。,implementation_gap_no_unresolved_data_fields,,"{""sourceVersion"":""lol-wiki-rev-4026934"",""sourceRef"":""数据参考/lol-wiki-current-champions/normalized/generic/ashe-r.json@rev4026934 sha256:1d9ccefa98a41e57a088e76aaca16f7a78141e7373616520e2d6ba13f450664f"",""availableEffectTables"":{},""availableCooldowns"":[],""availableCosts"":{},""tooltipPlaceholders"":[],""unresolvedDamagePlaceholders"":[],""varsMapEmpty"":true,""variablesEmpty"":true,""variables"":[],""missingFields"":[],""gapKind"":""none"",""reasonZh"":""当前 League Wiki 模板已提供可核验数值合同；剩余为实现/runtime 缺口。"",""blocker"":""""}",implementation_gap_no_unresolved_data_fields,"{""sourceRef"":""最小验证/数据/build-unified-mechanism-inventory.mjs#synthesize:hero_skill|hero_ashe|R|魔法水晶箭"",""dataStatus"":""complete"",""requiredEvents"":[],""requiredState"":[],""requiredFormulaInputs"":[],""requiredScheduling"":[],""missingPrimitives"":[""implementation_gap_no_unresolved_data_fields""],""remainingBoundary"":""按 mechanismTags/blocker 推导的 runtime 缺口：implementation_gap_no_unresolved_data_fields""}",,,最小验证/V2-Batch-G-adc-passive-audit.json#hero_skill|hero_ashe|R|魔法水晶箭:out_of_scope_for_single_target_dps;最小验证/generic-g8-adc-passive-coverage-audit.json#hero_skill|hero_ashe|R|魔法水晶箭:blocked,,,
hero_skill|hero_ashe|W|万箭齐发,completed,full,generic_runtime,hero_skill,hero_ashe,W,万箭齐发,ability_flat_bonus_ad_damage|first_missile_only,,Ashe W Volley：当前 League Wiki + 用户批准 1v1 口径（rank5 200+100% bonus AD / 单目标一次 physical damage / 55 mana / 4000ms CD / first-arrow-only）与 wasm-generic-ashe-volley + backend seed 证据闭环。用户明确排除 Frost Shot 减速/状态、弹道/锥形/碰撞/多目标、per-arrow 循环与其它 rank；Wiki 写明多箭命中同一目标仅计第一箭伤害，故标 completed。,,,,,,,,最小验证/V2-Batch-G-adc-passive-audit.json#hero_skill|hero_ashe|W|万箭齐发:already_covered;最小验证/generic-g8-adc-passive-coverage-audit.json#hero_skill|hero_ashe|W|万箭齐发:migrated,wasm-generic-ashe-volley|db/game_manage/seeds/lol_generic_ashe_volley_seed.sql|backend;wasm-generic-ashe-volley|wasm/tinygo_engine_v2/internal/runtime/generic_ashe_volley_test.go|wasm,,
hero_skill|hero_azir|E|流沙移形,blocked_runtime,none,generic_runtime,hero_skill,hero_azir,E,流沙移形,meta_or_non_target_dps,,当前 League Wiki 模板已提供可核验数值合同；剩余为实现/runtime 缺口。,implementation_gap_no_unresolved_data_fields,,"{""sourceVersion"":""lol-wiki-rev-4022609"",""sourceRef"":""数据参考/lol-wiki-current-champions/normalized/generic/azir-e.json@rev4022609 sha256:2c5f2625e9c82b0a9edf181aa5c87e3ca855f105e6bd7b0acdf6b6d811e516bd"",""availableEffectTables"":{},""availableCooldowns"":[],""availableCosts"":{},""tooltipPlaceholders"":[],""unresolvedDamagePlaceholders"":[],""varsMapEmpty"":true,""variablesEmpty"":true,""variables"":[],""missingFields"":[],""gapKind"":""none"",""reasonZh"":""当前 League Wiki 模板已提供可核验数值合同；剩余为实现/runtime 缺口。"",""blocker"":""""}",implementation_gap_no_unresolved_data_fields,"{""sourceRef"":""最小验证/数据/build-unified-mechanism-inventory.mjs#synthesize:hero_skill|hero_azir|E|流沙移形"",""dataStatus"":""complete"",""requiredEvents"":[],""requiredState"":[],""requiredFormulaInputs"":[],""requiredScheduling"":[],""missingPrimitives"":[""implementation_gap_no_unresolved_data_fields""],""remainingBoundary"":""按 mechanismTags/blocker 推导的 runtime 缺口：implementation_gap_no_unresolved_data_fields""}",,,最小验证/V2-Batch-G-adc-passive-audit.json#hero_skill|hero_azir|E|流沙移形:out_of_scope_for_single_target_dps;最小验证/generic-g8-adc-passive-coverage-audit.json#hero_skill|hero_azir|E|流沙移形:blocked,,,
hero_skill|hero_azir|P|恕瑞玛的传承,out_of_scope,none,generic_runtime,hero_skill,hero_azir,P,恕瑞玛的传承,meta_or_non_target_dps,,恕瑞玛的传承：仅作用于防御塔/史诗野怪/非英雄单位，非英雄主目标 DPS；审计边界外。,,,,,,building_or_epic_monster_damage,"{""sourceRef"":""数据参考/lol-wiki-current-champions/normalized/generic/azir-p.json@rev3962342 sha256:729b83b1ac5fc8472dec4ae416d66aa6cbb10d53d869d84b45b0882d8b23a007"",""sourceTextSummary"":""阿兹尔可以从友方或敌方防御塔的废墟中召唤太阳圆盘。"",""reviewedPrimaryTargetDamageBranch"":true,""boundaryCategory"":""building_or_nonchampion_only"",""excludedBehavior"":""building_or_epic_monster_damage"",""boundaryReason"":""恕瑞玛的传承：仅作用于防御塔/史诗野怪/非英雄单位，非英雄主目标 DPS；审计边界外。"",""damageRelevantSubBranchDisposition"":""other_target_or_building_only""}",最小验证/V2-Batch-G-adc-passive-audit.json#hero_skill|hero_azir|P|恕瑞玛的传承:out_of_scope_for_single_target_dps;最小验证/generic-g8-adc-passive-coverage-audit.json#hero_skill|hero_azir|P|恕瑞玛的传承:out_of_scope,,,
hero_skill|hero_azir|Q|狂沙猛攻,blocked_runtime,none,generic_runtime,hero_skill,hero_azir,Q,狂沙猛攻,meta_or_non_target_dps,,当前 League Wiki 模板已提供可核验数值合同；剩余为实现/runtime 缺口。,implementation_gap_no_unresolved_data_fields,,"{""sourceVersion"":""lol-wiki-rev-4024967"",""sourceRef"":""数据参考/lol-wiki-current-champions/normalized/generic/azir-q.json@rev4024967 sha256:168e2568c6795859e68831eb23b59b62d249aceb07cf3740403b1616516b51f2"",""availableEffectTables"":{},""availableCooldowns"":[],""availableCosts"":{},""tooltipPlaceholders"":[],""unresolvedDamagePlaceholders"":[],""varsMapEmpty"":true,""variablesEmpty"":true,""variables"":[],""missingFields"":[],""gapKind"":""none"",""reasonZh"":""当前 League Wiki 模板已提供可核验数值合同；剩余为实现/runtime 缺口。"",""blocker"":""""}",implementation_gap_no_unresolved_data_fields,"{""sourceRef"":""最小验证/数据/build-unified-mechanism-inventory.mjs#synthesize:hero_skill|hero_azir|Q|狂沙猛攻"",""dataStatus"":""complete"",""requiredEvents"":[],""requiredState"":[],""requiredFormulaInputs"":[],""requiredScheduling"":[],""missingPrimitives"":[""implementation_gap_no_unresolved_data_fields""],""remainingBoundary"":""按 mechanismTags/blocker 推导的 runtime 缺口：implementation_gap_no_unresolved_data_fields""}",,,最小验证/V2-Batch-G-adc-passive-audit.json#hero_skill|hero_azir|Q|狂沙猛攻:out_of_scope_for_single_target_dps;最小验证/generic-g8-adc-passive-coverage-audit.json#hero_skill|hero_azir|Q|狂沙猛攻:blocked,,,
hero_skill|hero_azir|R|禁军之墙,blocked_runtime,none,generic_runtime,hero_skill,hero_azir,R,禁军之墙,multi_target_or_area,,当前 League Wiki 模板已提供可核验数值合同；剩余为实现/runtime 缺口。,implementation_gap_no_unresolved_data_fields,,"{""sourceVersion"":""lol-wiki-rev-4042859"",""sourceRef"":""数据参考/lol-wiki-current-champions/normalized/generic/azir-r.json@rev4042859 sha256:92cf30c1d9452936b24cb3e20c28bf1f417748db64a60ea382238db5212e8251"",""availableEffectTables"":{},""availableCooldowns"":[],""availableCosts"":{},""tooltipPlaceholders"":[],""unresolvedDamagePlaceholders"":[],""varsMapEmpty"":true,""variablesEmpty"":true,""variables"":[],""missingFields"":[],""gapKind"":""none"",""reasonZh"":""当前 League Wiki 模板已提供可核验数值合同；剩余为实现/runtime 缺口。"",""blocker"":""""}",implementation_gap_no_unresolved_data_fields,"{""sourceRef"":""最小验证/数据/build-unified-mechanism-inventory.mjs#synthesize:hero_skill|hero_azir|R|禁军之墙"",""dataStatus"":""complete"",""requiredEvents"":[],""requiredState"":[],""requiredFormulaInputs"":[],""requiredScheduling"":[],""missingPrimitives"":[""implementation_gap_no_unresolved_data_fields""],""remainingBoundary"":""按 mechanismTags/blocker 推导的 runtime 缺口：implementation_gap_no_unresolved_data_fields""}",,,最小验证/V2-Batch-G-adc-passive-audit.json#hero_skill|hero_azir|R|禁军之墙:out_of_scope_for_single_target_dps;最小验证/generic-g8-adc-passive-coverage-audit.json#hero_skill|hero_azir|R|禁军之墙:blocked,,,
hero_skill|hero_azir|W|沙兵现身,blocked_runtime,none,generic_runtime,hero_skill,hero_azir,W,沙兵现身,meta_or_non_target_dps,,当前 League Wiki 模板已提供可核验数值合同；剩余为实现/runtime 缺口。,implementation_gap_no_unresolved_data_fields,,"{""sourceVersion"":""lol-wiki-rev-4043850"",""sourceRef"":""数据参考/lol-wiki-current-champions/normalized/generic/azir-w.json@rev4043850 sha256:eda21de63ba2907f5b5406cbb54bd545b78abaae01ca7471ddf9b2a8ecef0ffa"",""availableEffectTables"":{},""availableCooldowns"":[],""availableCosts"":{},""tooltipPlaceholders"":[],""unresolvedDamagePlaceholders"":[],""varsMapEmpty"":true,""variablesEmpty"":true,""variables"":[],""missingFields"":[],""gapKind"":""none"",""reasonZh"":""当前 League Wiki 模板已提供可核验数值合同；剩余为实现/runtime 缺口。"",""blocker"":""""}",implementation_gap_no_unresolved_data_fields,"{""sourceRef"":""最小验证/数据/build-unified-mechanism-inventory.mjs#synthesize:hero_skill|hero_azir|W|沙兵现身"",""dataStatus"":""complete"",""requiredEvents"":[],""requiredState"":[],""requiredFormulaInputs"":[],""requiredScheduling"":[],""missingPrimitives"":[""implementation_gap_no_unresolved_data_fields""],""remainingBoundary"":""按 mechanismTags/blocker 推导的 runtime 缺口：implementation_gap_no_unresolved_data_fields""}",,,最小验证/V2-Batch-G-adc-passive-audit.json#hero_skill|hero_azir|W|沙兵现身:out_of_scope_for_single_target_dps;最小验证/generic-g8-adc-passive-coverage-audit.json#hero_skill|hero_azir|W|沙兵现身:blocked,,,
hero_skill|hero_brand|W|烈焰之柱,regression_only,none,legacy_single_attacker_dps,hero_skill,hero_brand,W,烈焰之柱,keep_mechanics_config,batch_j_status_migration_audit_only,Batch J 状态迁移审计：keep_mechanics_config，不作新机制实现任务。,,,,,,,,最小验证/V2-Batch-J-status-damage-audit.json#skill_brand_w:keep_mechanics_config,,skill_brand_w,
hero_skill|hero_caitlyn|E|90口径绳网,blocked_runtime,none,generic_runtime,hero_skill,hero_caitlyn,E,90口径绳网,dps_relevant_manual_review,,当前 League Wiki 模板已提供可核验数值合同；剩余为实现/runtime 缺口。,implementation_gap_no_unresolved_data_fields,,"{""sourceVersion"":""lol-wiki-rev-4007584"",""sourceRef"":""数据参考/lol-wiki-current-champions/normalized/generic/caitlyn-e.json@rev4007584 sha256:9357e7b28b05f738cd8049a2d10a115e4033a54123c0e71f55d1262a92884db2"",""availableEffectTables"":{},""availableCooldowns"":[],""availableCosts"":{},""tooltipPlaceholders"":[],""unresolvedDamagePlaceholders"":[],""varsMapEmpty"":true,""variablesEmpty"":true,""variables"":[],""missingFields"":[],""gapKind"":""none"",""reasonZh"":""当前 League Wiki 模板已提供可核验数值合同；剩余为实现/runtime 缺口。"",""blocker"":""""}",implementation_gap_no_unresolved_data_fields,"{""sourceRef"":""最小验证/数据/build-unified-mechanism-inventory.mjs#synthesize:hero_skill|hero_caitlyn|E|90口径绳网"",""dataStatus"":""complete"",""requiredEvents"":[],""requiredState"":[],""requiredFormulaInputs"":[],""requiredScheduling"":[],""missingPrimitives"":[""implementation_gap_no_unresolved_data_fields""],""remainingBoundary"":""按 mechanismTags/blocker 推导的 runtime 缺口：implementation_gap_no_unresolved_data_fields""}",,,最小验证/V2-Batch-G-adc-passive-audit.json#hero_skill|hero_caitlyn|E|90口径绳网:needs_manual_baseline;最小验证/generic-g8-adc-passive-coverage-audit.json#hero_skill|hero_caitlyn|E|90口径绳网:blocked,,,
hero_skill|hero_caitlyn|P|爆头,blocked_runtime,none,generic_runtime,hero_skill,hero_caitlyn,P,爆头,crit_scaling|on_hit,,当前 League Wiki 模板已提供可核验数值合同；剩余为实现/runtime 缺口。,implementation_gap_no_unresolved_data_fields,,"{""sourceVersion"":""lol-wiki-rev-3982560"",""sourceRef"":""数据参考/lol-wiki-current-champions/normalized/generic/caitlyn-p.json@rev3982560 sha256:5f36d295e4099c5ee5a091b17f0db9f2a50819939a449e59b95d247baaac8251"",""availableEffectTables"":{},""availableCooldowns"":[],""availableCosts"":{},""tooltipPlaceholders"":[],""unresolvedDamagePlaceholders"":[],""varsMapEmpty"":true,""variablesEmpty"":true,""variables"":[],""missingFields"":[],""gapKind"":""none"",""reasonZh"":""当前 League Wiki 模板已提供可核验数值合同；剩余为实现/runtime 缺口。"",""blocker"":""""}",implementation_gap_no_unresolved_data_fields,"{""sourceRef"":""最小验证/数据/build-unified-mechanism-inventory.mjs#synthesize:hero_skill|hero_caitlyn|P|爆头"",""dataStatus"":""complete"",""requiredEvents"":[],""requiredState"":[],""requiredFormulaInputs"":[],""requiredScheduling"":[],""missingPrimitives"":[""implementation_gap_no_unresolved_data_fields""],""remainingBoundary"":""按 mechanismTags/blocker 推导的 runtime 缺口：implementation_gap_no_unresolved_data_fields""}",,,最小验证/V2-Batch-G-adc-passive-audit.json#hero_skill|hero_caitlyn|P|爆头:out_of_scope_for_single_target_dps;最小验证/generic-g8-adc-passive-coverage-audit.json#hero_skill|hero_caitlyn|P|爆头:blocked,,,
hero_skill|hero_caitlyn|Q|和平使者,blocked_runtime,none,generic_runtime,hero_skill,hero_caitlyn,Q,和平使者,meta_or_non_target_dps,,当前 League Wiki 模板已提供可核验数值合同；剩余为实现/runtime 缺口。,implementation_gap_no_unresolved_data_fields,,"{""sourceVersion"":""lol-wiki-rev-4007583"",""sourceRef"":""数据参考/lol-wiki-current-champions/normalized/generic/caitlyn-q.json@rev4007583 sha256:6c40deba7b6e60ab9c06bc014a214a8be4319c4ddf22c550237b659f19307caf"",""availableEffectTables"":{},""availableCooldowns"":[],""availableCosts"":{},""tooltipPlaceholders"":[],""unresolvedDamagePlaceholders"":[],""varsMapEmpty"":true,""variablesEmpty"":true,""variables"":[],""missingFields"":[],""gapKind"":""none"",""reasonZh"":""当前 League Wiki 模板已提供可核验数值合同；剩余为实现/runtime 缺口。"",""blocker"":""""}",implementation_gap_no_unresolved_data_fields,"{""sourceRef"":""最小验证/数据/build-unified-mechanism-inventory.mjs#synthesize:hero_skill|hero_caitlyn|Q|和平使者"",""dataStatus"":""complete"",""requiredEvents"":[],""requiredState"":[],""requiredFormulaInputs"":[],""requiredScheduling"":[],""missingPrimitives"":[""implementation_gap_no_unresolved_data_fields""],""remainingBoundary"":""按 mechanismTags/blocker 推导的 runtime 缺口：implementation_gap_no_unresolved_data_fields""}",,,最小验证/V2-Batch-G-adc-passive-audit.json#hero_skill|hero_caitlyn|Q|和平使者:out_of_scope_for_single_target_dps;最小验证/generic-g8-adc-passive-coverage-audit.json#hero_skill|hero_caitlyn|Q|和平使者:blocked,,,
hero_skill|hero_caitlyn|R|让子弹飞,blocked_runtime,none,generic_runtime,hero_skill,hero_caitlyn,R,让子弹飞,meta_or_non_target_dps,,当前 League Wiki 模板已提供可核验数值合同；剩余为实现/runtime 缺口。,implementation_gap_no_unresolved_data_fields,,"{""sourceVersion"":""lol-wiki-rev-3982561"",""sourceRef"":""数据参考/lol-wiki-current-champions/normalized/generic/caitlyn-r.json@rev3982561 sha256:08b488c97fc694d9a3de711ffd4ea0b95fc1746c3a11b9c44b878844e586e8a8"",""availableEffectTables"":{},""availableCooldowns"":[],""availableCosts"":{},""tooltipPlaceholders"":[],""unresolvedDamagePlaceholders"":[],""varsMapEmpty"":true,""variablesEmpty"":true,""variables"":[],""missingFields"":[],""gapKind"":""none"",""reasonZh"":""当前 League Wiki 模板已提供可核验数值合同；剩余为实现/runtime 缺口。"",""blocker"":""""}",implementation_gap_no_unresolved_data_fields,"{""sourceRef"":""最小验证/数据/build-unified-mechanism-inventory.mjs#synthesize:hero_skill|hero_caitlyn|R|让子弹飞"",""dataStatus"":""complete"",""requiredEvents"":[],""requiredState"":[],""requiredFormulaInputs"":[],""requiredScheduling"":[],""missingPrimitives"":[""implementation_gap_no_unresolved_data_fields""],""remainingBoundary"":""按 mechanismTags/blocker 推导的 runtime 缺口：implementation_gap_no_unresolved_data_fields""}",,,最小验证/V2-Batch-G-adc-passive-audit.json#hero_skill|hero_caitlyn|R|让子弹飞:out_of_scope_for_single_target_dps;最小验证/generic-g8-adc-passive-coverage-audit.json#hero_skill|hero_caitlyn|R|让子弹飞:blocked,,,
hero_skill|hero_caitlyn|W|约德尔诱捕器,blocked_runtime,none,generic_runtime,hero_skill,hero_caitlyn,W,约德尔诱捕器,meta_or_non_target_dps,,当前 League Wiki 模板已提供可核验数值合同；剩余为实现/runtime 缺口。,implementation_gap_no_unresolved_data_fields,,"{""sourceVersion"":""lol-wiki-rev-4023135"",""sourceRef"":""数据参考/lol-wiki-current-champions/normalized/generic/caitlyn-w.json@rev4023135 sha256:4e500c2cc801672b4d110359d6710c9464f6a61e5d3f02f01965d4e90b3e4a6a"",""availableEffectTables"":{},""availableCooldowns"":[],""availableCosts"":{},""tooltipPlaceholders"":[],""unresolvedDamagePlaceholders"":[],""varsMapEmpty"":true,""variablesEmpty"":true,""variables"":[],""missingFields"":[],""gapKind"":""none"",""reasonZh"":""当前 League Wiki 模板已提供可核验数值合同；剩余为实现/runtime 缺口。"",""blocker"":""""}",implementation_gap_no_unresolved_data_fields,"{""sourceRef"":""最小验证/数据/build-unified-mechanism-inventory.mjs#synthesize:hero_skill|hero_caitlyn|W|约德尔诱捕器"",""dataStatus"":""complete"",""requiredEvents"":[],""requiredState"":[],""requiredFormulaInputs"":[],""requiredScheduling"":[],""missingPrimitives"":[""implementation_gap_no_unresolved_data_fields""],""remainingBoundary"":""按 mechanismTags/blocker 推导的 runtime 缺口：implementation_gap_no_unresolved_data_fields""}",,,最小验证/V2-Batch-G-adc-passive-audit.json#hero_skill|hero_caitlyn|W|约德尔诱捕器:out_of_scope_for_single_target_dps;最小验证/generic-g8-adc-passive-coverage-audit.json#hero_skill|hero_caitlyn|W|约德尔诱捕器:blocked,,,
hero_skill|hero_corki|E|格林机枪,blocked_runtime,none,generic_runtime,hero_skill,hero_corki,E,格林机枪,dps_relevant_manual_review,,当前 League Wiki 模板已提供可核验数值合同；剩余为实现/runtime 缺口。,implementation_gap_no_unresolved_data_fields,,"{""sourceVersion"":""lol-wiki-rev-3948411"",""sourceRef"":""数据参考/lol-wiki-current-champions/normalized/generic/corki-e.json@rev3948411 sha256:9f1e8aed9ad2dc3f3958a3de6fd62563a029a022aa0e0bb4dc13efea0b4b12a1"",""availableEffectTables"":{},""availableCooldowns"":[],""availableCosts"":{},""tooltipPlaceholders"":[],""unresolvedDamagePlaceholders"":[],""varsMapEmpty"":true,""variablesEmpty"":true,""variables"":[],""missingFields"":[],""gapKind"":""none"",""reasonZh"":""当前 League Wiki 模板已提供可核验数值合同；剩余为实现/runtime 缺口。"",""blocker"":""""}",implementation_gap_no_unresolved_data_fields,"{""sourceRef"":""最小验证/数据/build-unified-mechanism-inventory.mjs#synthesize:hero_skill|hero_corki|E|格林机枪"",""dataStatus"":""complete"",""requiredEvents"":[],""requiredState"":[],""requiredFormulaInputs"":[],""requiredScheduling"":[],""missingPrimitives"":[""implementation_gap_no_unresolved_data_fields""],""remainingBoundary"":""按 mechanismTags/blocker 推导的 runtime 缺口：implementation_gap_no_unresolved_data_fields""}",,,最小验证/V2-Batch-G-adc-passive-audit.json#hero_skill|hero_corki|E|格林机枪:needs_manual_baseline;最小验证/generic-g8-adc-passive-coverage-audit.json#hero_skill|hero_corki|E|格林机枪:blocked,,,
hero_skill|hero_corki|P|海克斯科技军备,blocked_runtime,none,generic_runtime,hero_skill,hero_corki,P,海克斯科技军备,dps_relevant_manual_review,,当前 League Wiki 模板已提供可核验数值合同；剩余为实现/runtime 缺口。,implementation_gap_no_unresolved_data_fields,,"{""sourceVersion"":""lol-wiki-rev-4003492"",""sourceRef"":""数据参考/lol-wiki-current-champions/normalized/generic/corki-p.json@rev4003492 sha256:a37ac6e0fd7586b485bbe06f74401935d3b0b5a68eb48db2f0496def8d74b73c"",""availableEffectTables"":{},""availableCooldowns"":[],""availableCosts"":{},""tooltipPlaceholders"":[],""unresolvedDamagePlaceholders"":[],""varsMapEmpty"":true,""variablesEmpty"":true,""variables"":[],""missingFields"":[],""gapKind"":""none"",""reasonZh"":""当前 League Wiki 模板已提供可核验数值合同；剩余为实现/runtime 缺口。"",""blocker"":""""}",implementation_gap_no_unresolved_data_fields,"{""sourceRef"":""最小验证/数据/build-unified-mechanism-inventory.mjs#synthesize:hero_skill|hero_corki|P|海克斯科技军备"",""dataStatus"":""complete"",""requiredEvents"":[],""requiredState"":[],""requiredFormulaInputs"":[],""requiredScheduling"":[],""missingPrimitives"":[""implementation_gap_no_unresolved_data_fields""],""remainingBoundary"":""按 mechanismTags/blocker 推导的 runtime 缺口：implementation_gap_no_unresolved_data_fields""}",,,最小验证/V2-Batch-G-adc-passive-audit.json#hero_skill|hero_corki|P|海克斯科技军备:needs_manual_baseline;最小验证/generic-g8-adc-passive-coverage-audit.json#hero_skill|hero_corki|P|海克斯科技军备:blocked,,,
hero_skill|hero_corki|Q|磷光炸弹,blocked_runtime,none,generic_runtime,hero_skill,hero_corki,Q,磷光炸弹,meta_or_non_target_dps,,当前 League Wiki 模板已提供可核验数值合同；剩余为实现/runtime 缺口。,implementation_gap_no_unresolved_data_fields,,"{""sourceVersion"":""lol-wiki-rev-4007588"",""sourceRef"":""数据参考/lol-wiki-current-champions/normalized/generic/corki-q.json@rev4007588 sha256:e71a474ef6b4df1df4808b397c8bd0f42ce284234f3eb7603fab09cabd760365"",""availableEffectTables"":{},""availableCooldowns"":[],""availableCosts"":{},""tooltipPlaceholders"":[],""unresolvedDamagePlaceholders"":[],""varsMapEmpty"":true,""variablesEmpty"":true,""variables"":[],""missingFields"":[],""gapKind"":""none"",""reasonZh"":""当前 League Wiki 模板已提供可核验数值合同；剩余为实现/runtime 缺口。"",""blocker"":""""}",implementation_gap_no_unresolved_data_fields,"{""sourceRef"":""最小验证/数据/build-unified-mechanism-inventory.mjs#synthesize:hero_skill|hero_corki|Q|磷光炸弹"",""dataStatus"":""complete"",""requiredEvents"":[],""requiredState"":[],""requiredFormulaInputs"":[],""requiredScheduling"":[],""missingPrimitives"":[""implementation_gap_no_unresolved_data_fields""],""remainingBoundary"":""按 mechanismTags/blocker 推导的 runtime 缺口：implementation_gap_no_unresolved_data_fields""}",,,最小验证/V2-Batch-G-adc-passive-audit.json#hero_skill|hero_corki|Q|磷光炸弹:out_of_scope_for_single_target_dps;最小验证/generic-g8-adc-passive-coverage-audit.json#hero_skill|hero_corki|Q|磷光炸弹:blocked,,,
hero_skill|hero_corki|R|火箭轰击,blocked_runtime,none,generic_runtime,hero_skill,hero_corki,R,火箭轰击,multi_target_or_area,,当前 League Wiki 模板已提供可核验数值合同；剩余为实现/runtime 缺口。,implementation_gap_no_unresolved_data_fields,,"{""sourceVersion"":""lol-wiki-rev-4042863"",""sourceRef"":""数据参考/lol-wiki-current-champions/normalized/generic/corki-r.json@rev4042863 sha256:1c2da7a1ea6bd4904c498eeb823e75dbf0f1e354cf5fe22f72dee2bb09ac4845"",""availableEffectTables"":{},""availableCooldowns"":[],""availableCosts"":{},""tooltipPlaceholders"":[],""unresolvedDamagePlaceholders"":[],""varsMapEmpty"":true,""variablesEmpty"":true,""variables"":[],""missingFields"":[],""gapKind"":""none"",""reasonZh"":""当前 League Wiki 模板已提供可核验数值合同；剩余为实现/runtime 缺口。"",""blocker"":""""}",implementation_gap_no_unresolved_data_fields,"{""sourceRef"":""最小验证/数据/build-unified-mechanism-inventory.mjs#synthesize:hero_skill|hero_corki|R|火箭轰击"",""dataStatus"":""complete"",""requiredEvents"":[],""requiredState"":[],""requiredFormulaInputs"":[],""requiredScheduling"":[],""missingPrimitives"":[""implementation_gap_no_unresolved_data_fields""],""remainingBoundary"":""按 mechanismTags/blocker 推导的 runtime 缺口：implementation_gap_no_unresolved_data_fields""}",,,最小验证/V2-Batch-G-adc-passive-audit.json#hero_skill|hero_corki|R|火箭轰击:out_of_scope_for_single_target_dps;最小验证/generic-g8-adc-passive-coverage-audit.json#hero_skill|hero_corki|R|火箭轰击:blocked,,,
hero_skill|hero_corki|W|瓦尔基里俯冲,blocked_runtime,none,generic_runtime,hero_skill,hero_corki,W,瓦尔基里俯冲,multi_target_or_area,,当前 League Wiki 模板已提供可核验数值合同；剩余为实现/runtime 缺口。,implementation_gap_no_unresolved_data_fields,,"{""sourceVersion"":""lol-wiki-rev-4007589"",""sourceRef"":""数据参考/lol-wiki-current-champions/normalized/generic/corki-w.json@rev4007589 sha256:85c17f1bedb345ca93539152df7e65cebe5524147de8d7907cb2f75e04c0decb"",""availableEffectTables"":{},""availableCooldowns"":[],""availableCosts"":{},""tooltipPlaceholders"":[],""unresolvedDamagePlaceholders"":[],""varsMapEmpty"":true,""variablesEmpty"":true,""variables"":[],""missingFields"":[],""gapKind"":""none"",""reasonZh"":""当前 League Wiki 模板已提供可核验数值合同；剩余为实现/runtime 缺口。"",""blocker"":""""}",implementation_gap_no_unresolved_data_fields,"{""sourceRef"":""最小验证/数据/build-unified-mechanism-inventory.mjs#synthesize:hero_skill|hero_corki|W|瓦尔基里俯冲"",""dataStatus"":""complete"",""requiredEvents"":[],""requiredState"":[],""requiredFormulaInputs"":[],""requiredScheduling"":[],""missingPrimitives"":[""implementation_gap_no_unresolved_data_fields""],""remainingBoundary"":""按 mechanismTags/blocker 推导的 runtime 缺口：implementation_gap_no_unresolved_data_fields""}",,,最小验证/V2-Batch-G-adc-passive-audit.json#hero_skill|hero_corki|W|瓦尔基里俯冲:out_of_scope_for_single_target_dps;最小验证/generic-g8-adc-passive-coverage-audit.json#hero_skill|hero_corki|W|瓦尔基里俯冲:blocked,,,
hero_skill|hero_draven|E|开道利斧,blocked_runtime,none,generic_runtime,hero_skill,hero_draven,E,开道利斧,dps_relevant_manual_review,,当前 League Wiki 模板已提供可核验数值合同；剩余为实现/runtime 缺口。,implementation_gap_no_unresolved_data_fields,,"{""sourceVersion"":""lol-wiki-rev-4034694"",""sourceRef"":""数据参考/lol-wiki-current-champions/normalized/generic/draven-e.json@rev4034694 sha256:7bb6ebdc19413ef908e78fea01576d1184a66bc62fd6148120845573c1468e8d"",""availableEffectTables"":{},""availableCooldowns"":[],""availableCosts"":{},""tooltipPlaceholders"":[],""unresolvedDamagePlaceholders"":[],""varsMapEmpty"":true,""variablesEmpty"":true,""variables"":[],""missingFields"":[],""gapKind"":""none"",""reasonZh"":""当前 League Wiki 模板已提供可核验数值合同；剩余为实现/runtime 缺口。"",""blocker"":""""}",implementation_gap_no_unresolved_data_fields,"{""sourceRef"":""最小验证/数据/build-unified-mechanism-inventory.mjs#synthesize:hero_skill|hero_draven|E|开道利斧"",""dataStatus"":""complete"",""requiredEvents"":[],""requiredState"":[],""requiredFormulaInputs"":[],""requiredScheduling"":[],""missingPrimitives"":[""implementation_gap_no_unresolved_data_fields""],""remainingBoundary"":""按 mechanismTags/blocker 推导的 runtime 缺口：implementation_gap_no_unresolved_data_fields""}",,,最小验证/V2-Batch-G-adc-passive-audit.json#hero_skill|hero_draven|E|开道利斧:needs_manual_baseline;最小验证/generic-g8-adc-passive-coverage-audit.json#hero_skill|hero_draven|E|开道利斧:blocked,,,
hero_skill|hero_draven|P|德莱文联盟,out_of_scope,none,generic_runtime,hero_skill,hero_draven,P,德莱文联盟,meta_or_non_target_dps,,德莱文联盟：击杀/经济收益发生在当前唯一主目标死亡之后，encounter 已结束；审计边界外。,,,,,,economy_gold,"{""sourceRef"":""数据参考/lol-wiki-current-champions/normalized/generic/draven-p.json@rev4040578 sha256:a4e44f452a94a037da29672c279421bdf6a969b8f09d9897b5603e3e923051c9"",""sourceTextSummary"":""在接住一把旋转飞斧或者击杀了一个小兵、野怪或防御塔后，德莱文会从他的粉丝那里获得崇拜效果。击杀一名敌方英雄会为德莱文提供额外赏金，赏金的多少取决于他拥有多少层崇拜效果。"",""reviewedPrimaryTargetDamageBranch"":true,""boundaryCategory"":""economy_or_post_takedown"",""excludedBehavior"":""economy_gold"",""boundaryReason"":""德莱文联盟：击杀/经济收益发生在当前唯一主目标死亡之后，encounter 已结束；审计边界外。"",""damageRelevantSubBranchDisposition"":""post_kill_next_encounter_only""}",最小验证/V2-Batch-G-adc-passive-audit.json#hero_skill|hero_draven|P|德莱文联盟:out_of_scope_for_single_target_dps;最小验证/generic-g8-adc-passive-coverage-audit.json#hero_skill|hero_draven|P|德莱文联盟:out_of_scope,,,
hero_skill|hero_draven|Q|旋转飞斧,completed,full,generic_runtime,hero_skill,hero_draven,Q,旋转飞斧,axe_caught_rearm|spellblade_next_attack_state|spinning_axe_ready,,Draven Q Spinning Axe：用户批准 1v1 口径（rank5 bonus 60+115% bonus AD / 1400ms 自动接斧 / 独立 overlapping flight / max 2 / 45 mana / 8000ms CD / ready 窗与接斧 refresh / 每次合格命中消费 1 斧）与 wasm-generic-draven-spinning-axe + backend seed 证据闭环。用户明确排除落点/移动/路径模拟与 Draven W CD reset，故标 completed。,,,,,,,,最小验证/V2-Batch-B-hero-passives.seed.json#skill_draven_q_spinning_axe_dps_v2:seed_skill;最小验证/V2-Batch-G-adc-passive-audit.json#hero_skill|hero_draven|Q|旋转飞斧:already_covered;最小验证/generic-g8-adc-passive-coverage-audit.json#hero_skill|hero_draven|Q|旋转飞斧:migrated,wasm-generic-draven-spinning-axe|db/game_manage/seeds/lol_generic_draven_spinning_axe_seed.sql|backend;wasm-generic-draven-spinning-axe|wasm/tinygo_engine_v2/internal/runtime/generic_draven_spinning_axe_test.go|wasm,skill_draven_q_spinning_axe_dps_v2,
hero_skill|hero_draven|R|冷血追命,blocked_runtime,none,generic_runtime,hero_skill,hero_draven,R,冷血追命,multi_target_or_area,,当前 League Wiki 模板已提供可核验数值合同；剩余为实现/runtime 缺口。,implementation_gap_no_unresolved_data_fields,,"{""sourceVersion"":""lol-wiki-rev-4040576"",""sourceRef"":""数据参考/lol-wiki-current-champions/normalized/generic/draven-r.json@rev4040576 sha256:e38551b6eeefa0306cd40a3e15473c8983075f88edbe007915e3d9213a08adce"",""availableEffectTables"":{},""availableCooldowns"":[],""availableCosts"":{},""tooltipPlaceholders"":[],""unresolvedDamagePlaceholders"":[],""varsMapEmpty"":true,""variablesEmpty"":true,""variables"":[],""missingFields"":[],""gapKind"":""none"",""reasonZh"":""当前 League Wiki 模板已提供可核验数值合同；剩余为实现/runtime 缺口。"",""blocker"":""""}",implementation_gap_no_unresolved_data_fields,"{""sourceRef"":""最小验证/数据/build-unified-mechanism-inventory.mjs#synthesize:hero_skill|hero_draven|R|冷血追命"",""dataStatus"":""complete"",""requiredEvents"":[],""requiredState"":[],""requiredFormulaInputs"":[],""requiredScheduling"":[],""missingPrimitives"":[""implementation_gap_no_unresolved_data_fields""],""remainingBoundary"":""按 mechanismTags/blocker 推导的 runtime 缺口：implementation_gap_no_unresolved_data_fields""}",,,最小验证/V2-Batch-G-adc-passive-audit.json#hero_skill|hero_draven|R|冷血追命:out_of_scope_for_single_target_dps;最小验证/generic-g8-adc-passive-coverage-audit.json#hero_skill|hero_draven|R|冷血追命:blocked,,,
hero_skill|hero_draven|W|血性冲刺,completed,full,generic_runtime,hero_skill,hero_draven,W,血性冲刺,catch_cooldown_reset|timed_attack_speed_buff,,Draven W Blood Rush：rank5 20 mana / 12000ms CD / 3000ms +40% AS 主动攻速核心，以及 event/axe_caught → cooldown_change override 0（W ready）已由 generic CompileGeneric+RunGeneric 闭环（generic_draven_blood_rush_test.go + generic_draven_w_axe_catch_reset_test.go + backend seed）。移动速度与衰减为允许不模拟的非伤害分支。,,,,,,,,最小验证/V2-Batch-G-adc-passive-audit.json#hero_skill|hero_draven|W|血性冲刺:out_of_scope_for_single_target_dps;最小验证/generic-g8-adc-passive-coverage-audit.json#hero_skill|hero_draven|W|血性冲刺:migrated,wasm-generic-draven-blood-rush|db/game_manage/seeds/lol_generic_draven_blood_rush_seed.sql|backend;wasm-generic-draven-blood-rush|wasm/tinygo_engine_v2/internal/runtime/generic_draven_blood_rush_test.go|wasm;wasm-generic-draven-blood-rush|wasm/tinygo_engine_v2/internal/runtime/generic_draven_w_axe_catch_reset_test.go|wasm,,
hero_skill|hero_drmundo|R|极限生机,out_of_scope,none,legacy_single_attacker_dps,hero_skill,hero_drmundo,R,极限生机,hot_sustain,batch_j_out_of_scope,极限生机：纯治疗/护盾/生存/免死，不增加对主目标输出；审计边界外。,,,,,,hot_sustain,"{""sourceRef"":""最小验证/V2-Batch-J-status-damage-audit.json#skill_drmundo_r"",""sourceTextSummary"":""Batch J: HoT sustain 不在 1v1 damage-only 验证范围。"",""reviewedPrimaryTargetDamageBranch"":true,""boundaryCategory"":""pure_heal_shield_survival"",""excludedBehavior"":""hot_sustain"",""boundaryReason"":""极限生机：纯治疗/护盾/生存/免死，不增加对主目标输出；审计边界外。"",""damageRelevantSubBranchDisposition"":""no_primary_target_damage_branch""}",最小验证/V2-Batch-J-status-damage-audit.json#skill_drmundo_r:out_of_scope,,skill_drmundo_r,
hero_skill|hero_ezreal|E|奥术跃迁,blocked_runtime,none,generic_runtime,hero_skill,hero_ezreal,E,奥术跃迁,multi_target_or_area,,当前 League Wiki 模板已提供可核验数值合同；剩余为实现/runtime 缺口。,implementation_gap_no_unresolved_data_fields,,"{""sourceVersion"":""lol-wiki-rev-3989862"",""sourceRef"":""数据参考/lol-wiki-current-champions/normalized/generic/ezreal-e.json@rev3989862 sha256:7ac83f7eaa237641c478f2e3ffa1a2714f7da0644c8a488ab6a6f47b67e27347"",""availableEffectTables"":{},""availableCooldowns"":[],""availableCosts"":{},""tooltipPlaceholders"":[],""unresolvedDamagePlaceholders"":[],""varsMapEmpty"":true,""variablesEmpty"":true,""variables"":[],""missingFields"":[],""gapKind"":""none"",""reasonZh"":""当前 League Wiki 模板已提供可核验数值合同；剩余为实现/runtime 缺口。"",""blocker"":""""}",implementation_gap_no_unresolved_data_fields,"{""sourceRef"":""最小验证/数据/build-unified-mechanism-inventory.mjs#synthesize:hero_skill|hero_ezreal|E|奥术跃迁"",""dataStatus"":""complete"",""requiredEvents"":[],""requiredState"":[],""requiredFormulaInputs"":[],""requiredScheduling"":[],""missingPrimitives"":[""implementation_gap_no_unresolved_data_fields""],""remainingBoundary"":""按 mechanismTags/blocker 推导的 runtime 缺口：implementation_gap_no_unresolved_data_fields""}",,,最小验证/V2-Batch-G-adc-passive-audit.json#hero_skill|hero_ezreal|E|奥术跃迁:out_of_scope_for_single_target_dps;最小验证/generic-g8-adc-passive-coverage-audit.json#hero_skill|hero_ezreal|E|奥术跃迁:blocked,,,
hero_skill|hero_ezreal|P|咒能高涨,completed,full,generic_runtime,hero_skill,hero_ezreal,P,咒能高涨,attack_speed_percent_add|stacking_stat_modifier_on_hit,,Ezreal P Rising Spell Force：Wiki rev3932280（SHA256 5996c969e2d1b53b3c805737fa161b4a9e235d6e7b7c74899a6580de34ca77ba）+ 本次采用的确定性 1v1 口径与 wasm-generic-ezreal-rising-spell-force + backend seed 证据闭环——每次 scheduled top-level 非普攻能力命中唯一目标 +1 provider-scoped stack；6000ms refresh-on-write；cap 5；每层 +10% AS（cap +50%）。本次口径明确排除普攻叠层、CD-skip cast、miss、多目标、单次施法多段命中与真实 Q/W/E/R 图，故标 completed。,,,,,,,,最小验证/V2-Batch-G-adc-passive-audit.json#hero_skill|hero_ezreal|P|咒能高涨:already_covered;最小验证/generic-g8-adc-passive-coverage-audit.json#hero_skill|hero_ezreal|P|咒能高涨:migrated,wasm-generic-ezreal-rising-spell-force|db/game_manage/seeds/lol_generic_ezreal_rising_spell_force_seed.sql|backend;wasm-generic-ezreal-rising-spell-force|wasm/tinygo_engine_v2/internal/runtime/generic_ezreal_rising_spell_force_test.go|wasm,,
hero_skill|hero_ezreal|Q|秘术射击,blocked_runtime,none,generic_runtime,hero_skill,hero_ezreal,Q,秘术射击,cooldown_or_haste_without_rotation,,旧 out_of_scope 但 sourceText 含伤害/攻击/每N次等主目标相关语义；复合伤害分支不得整条 out_of_scope，且无精确 seed。,cooldown_or_haste_rotation,,"{""sourceVersion"":""lol-wiki-rev-4013233"",""sourceRef"":""数据参考/lol-wiki-current-champions/normalized/generic/ezreal-q.json@rev4013233 sha256:be5a24861dc53970c19378fe8bea17b242b5b406a588cebb32b0d59a4af4b533"",""availableEffectTables"":{},""availableCooldowns"":[],""availableCosts"":{},""tooltipPlaceholders"":[],""unresolvedDamagePlaceholders"":[],""varsMapEmpty"":true,""variablesEmpty"":true,""variables"":[],""missingFields"":[],""gapKind"":""none"",""reasonZh"":""当前 League Wiki 模板已提供可核验数值合同；剩余为实现/runtime 缺口。"",""blocker"":""""}",cooldown_or_haste_rotation,"{""sourceRef"":""最小验证/数据/build-unified-mechanism-inventory.mjs#synthesize:hero_skill|hero_ezreal|Q|秘术射击"",""dataStatus"":""complete"",""requiredEvents"":[],""requiredState"":[],""requiredFormulaInputs"":[],""requiredScheduling"":[""cooldown_or_haste_without_rotation""],""missingPrimitives"":[""cooldown_or_haste_rotation""],""remainingBoundary"":""按 mechanismTags/blocker 推导的 runtime 缺口：cooldown_or_haste_rotation""}",,,最小验证/V2-Batch-G-adc-passive-audit.json#hero_skill|hero_ezreal|Q|秘术射击:out_of_scope_for_single_target_dps;最小验证/generic-g8-adc-passive-coverage-audit.json#hero_skill|hero_ezreal|Q|秘术射击:blocked,,,
hero_skill|hero_ezreal|R|精准弹幕,blocked_runtime,none,generic_runtime,hero_skill,hero_ezreal,R,精准弹幕,meta_or_non_target_dps,,当前 League Wiki 模板已提供可核验数值合同；剩余为实现/runtime 缺口。,implementation_gap_no_unresolved_data_fields,,"{""sourceVersion"":""lol-wiki-rev-4013235"",""sourceRef"":""数据参考/lol-wiki-current-champions/normalized/generic/ezreal-r.json@rev4013235 sha256:e9d7f9d7411bcbb1ab00aeb89fe03a4fb8511625fc0a64266f5f63ced53580e0"",""availableEffectTables"":{},""availableCooldowns"":[],""availableCosts"":{},""tooltipPlaceholders"":[],""unresolvedDamagePlaceholders"":[],""varsMapEmpty"":true,""variablesEmpty"":true,""variables"":[],""missingFields"":[],""gapKind"":""none"",""reasonZh"":""当前 League Wiki 模板已提供可核验数值合同；剩余为实现/runtime 缺口。"",""blocker"":""""}",implementation_gap_no_unresolved_data_fields,"{""sourceRef"":""最小验证/数据/build-unified-mechanism-inventory.mjs#synthesize:hero_skill|hero_ezreal|R|精准弹幕"",""dataStatus"":""complete"",""requiredEvents"":[],""requiredState"":[],""requiredFormulaInputs"":[],""requiredScheduling"":[],""missingPrimitives"":[""implementation_gap_no_unresolved_data_fields""],""remainingBoundary"":""按 mechanismTags/blocker 推导的 runtime 缺口：implementation_gap_no_unresolved_data_fields""}",,,最小验证/V2-Batch-G-adc-passive-audit.json#hero_skill|hero_ezreal|R|精准弹幕:out_of_scope_for_single_target_dps;最小验证/generic-g8-adc-passive-coverage-audit.json#hero_skill|hero_ezreal|R|精准弹幕:blocked,,,
hero_skill|hero_ezreal|W|精华跃动,blocked_runtime,none,generic_runtime,hero_skill,hero_ezreal,W,精华跃动,meta_or_non_target_dps,,当前 League Wiki 模板已提供可核验数值合同；剩余为实现/runtime 缺口。,implementation_gap_no_unresolved_data_fields,,"{""sourceVersion"":""lol-wiki-rev-4013234"",""sourceRef"":""数据参考/lol-wiki-current-champions/normalized/generic/ezreal-w.json@rev4013234 sha256:5e4b2a6704c958150aacbd17cc387d050290cf669ba109be0a48a97a25abf897"",""availableEffectTables"":{},""availableCooldowns"":[],""availableCosts"":{},""tooltipPlaceholders"":[],""unresolvedDamagePlaceholders"":[],""varsMapEmpty"":true,""variablesEmpty"":true,""variables"":[],""missingFields"":[],""gapKind"":""none"",""reasonZh"":""当前 League Wiki 模板已提供可核验数值合同；剩余为实现/runtime 缺口。"",""blocker"":""""}",implementation_gap_no_unresolved_data_fields,"{""sourceRef"":""最小验证/数据/build-unified-mechanism-inventory.mjs#synthesize:hero_skill|hero_ezreal|W|精华跃动"",""dataStatus"":""complete"",""requiredEvents"":[],""requiredState"":[],""requiredFormulaInputs"":[],""requiredScheduling"":[],""missingPrimitives"":[""implementation_gap_no_unresolved_data_fields""],""remainingBoundary"":""按 mechanismTags/blocker 推导的 runtime 缺口：implementation_gap_no_unresolved_data_fields""}",,,最小验证/V2-Batch-G-adc-passive-audit.json#hero_skill|hero_ezreal|W|精华跃动:out_of_scope_for_single_target_dps;最小验证/generic-g8-adc-passive-coverage-audit.json#hero_skill|hero_ezreal|W|精华跃动:blocked,,,
hero_skill|hero_graves|E|快速拔枪,completed,full,generic_runtime,hero_skill,hero_graves,E,快速拔枪,armor_mr_stat_flat_add|direct_max_stack_override|fixed_max_true_grit_phase_a,,Graves E Quickdraw：Wiki rev4007744（SHA256 ff4c65c5ce2a0ac1ae757271fbb924b35bf4eca1af0f4d07a69d865db901a4e1；normalized/generic/graves-e.json）Phase-A 满层 True Grit 近似已由 wasm-generic-graves-quickdraw-max-stack + backend seed 证据闭环——rank5 mana40 / cooldown12000ms；一次 cast 直接 override true_grit_stacks=8；armor/bonus_armor 各 +152（19*8）；MR/bonus_MR 各 +76（19*0.5*8）；CompileFrame→RunFrame→ReleaseSessionFrame。明确排除 intermediate stacks、4s refresh/expiry、dash direction/geometry、reload、attack reset、pellet cooldown reduction、targeting/collision/multi-target/full fidelity（completed-boundary），故标 completed。,,,,,,,,最小验证/V2-Batch-G-adc-passive-audit.json#hero_skill|hero_graves|E|快速拔枪:needs_runtime_extension;最小验证/generic-g8-adc-passive-coverage-audit.json#hero_skill|hero_graves|E|快速拔枪:migrated,wasm-generic-graves-quickdraw-max-stack|db/game_manage/seeds/lol_generic_graves_quickdraw_max_stack_seed.sql|backend;wasm-generic-graves-quickdraw-max-stack|wasm/tinygo_engine_v2/internal/runtime/generic_graves_quickdraw_max_stack_test.go|wasm,,
hero_skill|hero_graves|P|新命运,completed,full,generic_runtime,hero_skill,hero_graves,P,新命运,copyable_on_hit_false|expected_crit_branch_override|point_blank_merged_basic_attack,,Graves P New Destiny：Wiki rev4038342（SHA256 553bda222e9e85f0eff6d4cba3b8723979a58b68fba9097d2dfa1bd373117aa8；normalized/generic/graves-p.json + reviewed-contracts#graves-p）Phase-A 贴脸最大弹丸 1v1 已由 wasm-generic-graves-new-destiny + backend seed 证据闭环——合并物理 raw=AD*F(x)*(1+3*s)，F(x)=0.6895+0.01765*x*(0.595+0.0225*(x-1))，s=0.33302；CritEligible；natural/forced C2 override=((1+5*s)/(1+3*s))*(1+0.5*(crit_damage.resolved-1)) 不双乘 crit_damage；恰好一次 damage + 一次 event/basic_attack_hit，copyable_on_hit=false；ability/basic_attack→basic_damage；CompileFrame→RunFrame→ReleaseSessionFrame。明确排除精确装填速度公式（Wiki unknown，completed-boundary）、弹药/装填日程/lockout/Quickdraw、距离/锥形/弹道/碰撞、多目标、建筑、眼/植物、blind/dodge/block、击退、吸血、逐弹 Black Cleaver、独立弹丸实例、RNG crit、live migration/publish/E2E/完整技能保真，故标 completed。,,,"{""sourceVersion"":""lol-wiki-rev-4038342"",""sourceRef"":""数据参考/lol-wiki-current-champions/normalized/reviewed-contracts.json#graves-p@rev4038342"",""availableEffectTables"":{""normalPellets"":[4],""critPellets"":[6]},""availableCooldowns"":[],""availableCosts"":{},""tooltipPlaceholders"":[],""unresolvedDamagePlaceholders"":[],""varsMapEmpty"":false,""variablesEmpty"":false,""variables"":[""point_blank_pellet_formulas_wiki_explicit"",""reload_precise_formula_completed_boundary_exclusion""],""missingFields"":[],""gapKind"":""none"",""reasonZh"":""Graves P Phase-A：贴脸合并弹丸伤害已闭环；Wiki 明确 unknown 的精确装填速度公式为 completed-boundary exclusion，不进入 missingFields。"",""blocker"":""""}",,,,,最小验证/V2-Batch-G-adc-passive-audit.json#hero_skill|hero_graves|P|新命运:needs_manual_baseline;最小验证/generic-g8-adc-passive-coverage-audit.json#hero_skill|hero_graves|P|新命运:migrated,wasm-generic-graves-new-destiny|db/game_manage/seeds/lol_generic_graves_new_destiny_seed.sql|backend;wasm-generic-graves-new-destiny|wasm/tinygo_engine_v2/internal/runtime/generic_graves_new_destiny_test.go|wasm,,
hero_skill|hero_graves|Q|穷途末路,blocked_runtime,none,generic_runtime,hero_skill,hero_graves,Q,穷途末路,multi_target_or_area,,当前 League Wiki 模板已提供可核验数值合同；剩余为实现/runtime 缺口。,implementation_gap_no_unresolved_data_fields,,"{""sourceVersion"":""lol-wiki-rev-4007501"",""sourceRef"":""数据参考/lol-wiki-current-champions/normalized/generic/graves-q.json@rev4007501 sha256:c18840004febd305484392c882680939efe9fc609d4f733f81824439741345c5"",""availableEffectTables"":{},""availableCooldowns"":[],""availableCosts"":{},""tooltipPlaceholders"":[],""unresolvedDamagePlaceholders"":[],""varsMapEmpty"":true,""variablesEmpty"":true,""variables"":[],""missingFields"":[],""gapKind"":""none"",""reasonZh"":""当前 League Wiki 模板已提供可核验数值合同；剩余为实现/runtime 缺口。"",""blocker"":""""}",implementation_gap_no_unresolved_data_fields,"{""sourceRef"":""最小验证/数据/build-unified-mechanism-inventory.mjs#synthesize:hero_skill|hero_graves|Q|穷途末路"",""dataStatus"":""complete"",""requiredEvents"":[],""requiredState"":[],""requiredFormulaInputs"":[],""requiredScheduling"":[],""missingPrimitives"":[""implementation_gap_no_unresolved_data_fields""],""remainingBoundary"":""按 mechanismTags/blocker 推导的 runtime 缺口：implementation_gap_no_unresolved_data_fields""}",,,最小验证/V2-Batch-G-adc-passive-audit.json#hero_skill|hero_graves|Q|穷途末路:out_of_scope_for_single_target_dps;最小验证/generic-g8-adc-passive-coverage-audit.json#hero_skill|hero_graves|Q|穷途末路:blocked,,,
hero_skill|hero_graves|R|终极爆弹,blocked_runtime,none,generic_runtime,hero_skill,hero_graves,R,终极爆弹,dps_relevant_manual_review,,当前 League Wiki 模板已提供可核验数值合同；剩余为实现/runtime 缺口。,implementation_gap_no_unresolved_data_fields,,"{""sourceVersion"":""lol-wiki-rev-4007499"",""sourceRef"":""数据参考/lol-wiki-current-champions/normalized/generic/graves-r.json@rev4007499 sha256:834843a7722fc9463e21e8d636b8adc644c220928b90f7bb4afedbaa08f85dd1"",""availableEffectTables"":{},""availableCooldowns"":[],""availableCosts"":{},""tooltipPlaceholders"":[],""unresolvedDamagePlaceholders"":[],""varsMapEmpty"":true,""variablesEmpty"":true,""variables"":[],""missingFields"":[],""gapKind"":""none"",""reasonZh"":""当前 League Wiki 模板已提供可核验数值合同；剩余为实现/runtime 缺口。"",""blocker"":""""}",implementation_gap_no_unresolved_data_fields,"{""sourceRef"":""最小验证/数据/build-unified-mechanism-inventory.mjs#synthesize:hero_skill|hero_graves|R|终极爆弹"",""dataStatus"":""complete"",""requiredEvents"":[],""requiredState"":[],""requiredFormulaInputs"":[],""requiredScheduling"":[],""missingPrimitives"":[""implementation_gap_no_unresolved_data_fields""],""remainingBoundary"":""按 mechanismTags/blocker 推导的 runtime 缺口：implementation_gap_no_unresolved_data_fields""}",,,最小验证/V2-Batch-G-adc-passive-audit.json#hero_skill|hero_graves|R|终极爆弹:needs_manual_baseline;最小验证/generic-g8-adc-passive-coverage-audit.json#hero_skill|hero_graves|R|终极爆弹:blocked,,,
hero_skill|hero_graves|W|烟幕弹,blocked_runtime,none,generic_runtime,hero_skill,hero_graves,W,烟幕弹,meta_or_non_target_dps,,当前 League Wiki 模板已提供可核验数值合同；剩余为实现/runtime 缺口。,implementation_gap_no_unresolved_data_fields,,"{""sourceVersion"":""lol-wiki-rev-3956197"",""sourceRef"":""数据参考/lol-wiki-current-champions/normalized/generic/graves-w.json@rev3956197 sha256:20348473fe3441eb32ab656423f577a62a415fadf33fbdc6fcf576bc8b1d210d"",""availableEffectTables"":{},""availableCooldowns"":[],""availableCosts"":{},""tooltipPlaceholders"":[],""unresolvedDamagePlaceholders"":[],""varsMapEmpty"":true,""variablesEmpty"":true,""variables"":[],""missingFields"":[],""gapKind"":""none"",""reasonZh"":""当前 League Wiki 模板已提供可核验数值合同；剩余为实现/runtime 缺口。"",""blocker"":""""}",implementation_gap_no_unresolved_data_fields,"{""sourceRef"":""最小验证/数据/build-unified-mechanism-inventory.mjs#synthesize:hero_skill|hero_graves|W|烟幕弹"",""dataStatus"":""complete"",""requiredEvents"":[],""requiredState"":[],""requiredFormulaInputs"":[],""requiredScheduling"":[],""missingPrimitives"":[""implementation_gap_no_unresolved_data_fields""],""remainingBoundary"":""按 mechanismTags/blocker 推导的 runtime 缺口：implementation_gap_no_unresolved_data_fields""}",,,最小验证/V2-Batch-G-adc-passive-audit.json#hero_skill|hero_graves|W|烟幕弹:out_of_scope_for_single_target_dps;最小验证/generic-g8-adc-passive-coverage-audit.json#hero_skill|hero_graves|W|烟幕弹:blocked,,,
hero_skill|hero_jayce|E|雷霆一击 / 加速之门,blocked_runtime,none,generic_runtime,hero_skill,hero_jayce,E,雷霆一击 / 加速之门,meta_or_non_target_dps,,当前 League Wiki 模板已提供可核验数值合同；剩余为实现/runtime 缺口。,implementation_gap_no_unresolved_data_fields,,"{""sourceVersion"":""lol-wiki-rev-3965179"",""sourceRef"":""数据参考/lol-wiki-current-champions/normalized/generic/jayce-e.json@rev3965179 sha256:53c88b19bc4bd06bf26ac6edabd4ce317dd9750b40455cd175d27be6ab274ef7"",""availableEffectTables"":{},""availableCooldowns"":[],""availableCosts"":{},""tooltipPlaceholders"":[],""unresolvedDamagePlaceholders"":[],""varsMapEmpty"":true,""variablesEmpty"":true,""variables"":[],""missingFields"":[],""gapKind"":""none"",""reasonZh"":""当前 League Wiki 模板已提供可核验数值合同；剩余为实现/runtime 缺口。"",""blocker"":""""}",implementation_gap_no_unresolved_data_fields,"{""sourceRef"":""最小验证/数据/build-unified-mechanism-inventory.mjs#synthesize:hero_skill|hero_jayce|E|雷霆一击 / 加速之门"",""dataStatus"":""complete"",""requiredEvents"":[],""requiredState"":[],""requiredFormulaInputs"":[],""requiredScheduling"":[],""missingPrimitives"":[""implementation_gap_no_unresolved_data_fields""],""remainingBoundary"":""按 mechanismTags/blocker 推导的 runtime 缺口：implementation_gap_no_unresolved_data_fields""}",,,最小验证/V2-Batch-G-adc-passive-audit.json#hero_skill|hero_jayce|E|雷霆一击 / 加速之门:out_of_scope_for_single_target_dps;最小验证/generic-g8-adc-passive-coverage-audit.json#hero_skill|hero_jayce|E|雷霆一击 / 加速之门:blocked,,,
hero_skill|hero_jayce|P|海克斯科技电容,out_of_scope,none,generic_runtime,hero_skill,hero_jayce,P,海克斯科技电容,no_single_target_dps_effect,,海克斯科技电容：纯移速/冲刺/位移，无主目标伤害增量；审计边界外。,,,,,,movement_speed_or_dash,"{""sourceRef"":""数据参考/lol-wiki-current-champions/normalized/generic/jayce-p.json@rev4042868 sha256:8c8d6e36b01831ef1cca177a08f755b55be2f89831db4206525b3257ec03b136"",""sourceTextSummary"":""每当杰斯切换武器时，他会获得短暂持续的移动速度加成。"",""reviewedPrimaryTargetDamageBranch"":true,""boundaryCategory"":""pure_movement_or_dash"",""excludedBehavior"":""movement_speed_or_dash"",""boundaryReason"":""海克斯科技电容：纯移速/冲刺/位移，无主目标伤害增量；审计边界外。"",""damageRelevantSubBranchDisposition"":""no_primary_target_damage_branch""}",最小验证/V2-Batch-G-adc-passive-audit.json#hero_skill|hero_jayce|P|海克斯科技电容:out_of_scope_for_single_target_dps;最小验证/generic-g8-adc-passive-coverage-audit.json#hero_skill|hero_jayce|P|海克斯科技电容:out_of_scope,,,
hero_skill|hero_jayce|Q|苍穹之跃 / 电能震荡,blocked_runtime,none,generic_runtime,hero_skill,hero_jayce,Q,苍穹之跃 / 电能震荡,multi_target_or_area,,当前 League Wiki 模板已提供可核验数值合同；剩余为实现/runtime 缺口。,implementation_gap_no_unresolved_data_fields,,"{""sourceVersion"":""lol-wiki-rev-3989865"",""sourceRef"":""数据参考/lol-wiki-current-champions/normalized/generic/jayce-q.json@rev3989865 sha256:ea14cfb3e6057dd84039154cd8571e4ed41cec2a891c57f01e8607291795b71c"",""availableEffectTables"":{},""availableCooldowns"":[],""availableCosts"":{},""tooltipPlaceholders"":[],""unresolvedDamagePlaceholders"":[],""varsMapEmpty"":true,""variablesEmpty"":true,""variables"":[],""missingFields"":[],""gapKind"":""none"",""reasonZh"":""当前 League Wiki 模板已提供可核验数值合同；剩余为实现/runtime 缺口。"",""blocker"":""""}",implementation_gap_no_unresolved_data_fields,"{""sourceRef"":""最小验证/数据/build-unified-mechanism-inventory.mjs#synthesize:hero_skill|hero_jayce|Q|苍穹之跃 / 电能震荡"",""dataStatus"":""complete"",""requiredEvents"":[],""requiredState"":[],""requiredFormulaInputs"":[],""requiredScheduling"":[],""missingPrimitives"":[""implementation_gap_no_unresolved_data_fields""],""remainingBoundary"":""按 mechanismTags/blocker 推导的 runtime 缺口：implementation_gap_no_unresolved_data_fields""}",,,最小验证/V2-Batch-G-adc-passive-audit.json#hero_skill|hero_jayce|Q|苍穹之跃 / 电能震荡:out_of_scope_for_single_target_dps;最小验证/generic-g8-adc-passive-coverage-audit.json#hero_skill|hero_jayce|Q|苍穹之跃 / 电能震荡:blocked,,,
hero_skill|hero_jayce|R|墨丘利之炮 / 墨丘利之锤,blocked_runtime,none,generic_runtime,hero_skill,hero_jayce,R,墨丘利之炮 / 墨丘利之锤,distance_or_ratio_modifier,,distance_based_damage_modifier / damage_multiplier_or_health_ratio 无精确 migrated/partial 证据。,distance_or_ratio_input,,"{""sourceVersion"":""lol-wiki-rev-3989867"",""sourceRef"":""数据参考/lol-wiki-current-champions/normalized/generic/jayce-r.json@rev3989867 sha256:5ef1aaf216a327c0aa1cc668944647fca887f43e6df2d8af1cb8c1b074709e98"",""availableEffectTables"":{},""availableCooldowns"":[],""availableCosts"":{},""tooltipPlaceholders"":[],""unresolvedDamagePlaceholders"":[],""varsMapEmpty"":true,""variablesEmpty"":true,""variables"":[],""missingFields"":[],""gapKind"":""none"",""reasonZh"":""当前 League Wiki 模板已提供可核验数值合同；剩余为实现/runtime 缺口。"",""blocker"":""""}",distance_or_ratio_input,"{""sourceRef"":""最小验证/数据/build-unified-mechanism-inventory.mjs#synthesize:hero_skill|hero_jayce|R|墨丘利之炮 / 墨丘利之锤"",""dataStatus"":""complete"",""requiredEvents"":[],""requiredState"":[],""requiredFormulaInputs"":[""distance_or_ratio""],""requiredScheduling"":[],""missingPrimitives"":[""distance_or_ratio_input""],""remainingBoundary"":""按 mechanismTags/blocker 推导的 runtime 缺口：distance_or_ratio_input""}",,,最小验证/V2-Batch-G-adc-passive-audit.json#hero_skill|hero_jayce|R|墨丘利之炮 / 墨丘利之锤:needs_runtime_extension;最小验证/generic-g8-adc-passive-coverage-audit.json#hero_skill|hero_jayce|R|墨丘利之炮 / 墨丘利之锤:blocked,,,
hero_skill|hero_jayce|W|闪电领域 / 超能电荷,blocked_runtime,none,generic_runtime,hero_skill,hero_jayce,W,闪电领域 / 超能电荷,multi_target_or_area,,当前 League Wiki 模板已提供可核验数值合同；剩余为实现/runtime 缺口。,implementation_gap_no_unresolved_data_fields,,"{""sourceVersion"":""lol-wiki-rev-3948933"",""sourceRef"":""数据参考/lol-wiki-current-champions/normalized/generic/jayce-w.json@rev3948933 sha256:291798195515d3bfbb9656ce35f660c59ac54831ba74d14d5e4b1a9aedd9f0fa"",""availableEffectTables"":{},""availableCooldowns"":[],""availableCosts"":{},""tooltipPlaceholders"":[],""unresolvedDamagePlaceholders"":[],""varsMapEmpty"":true,""variablesEmpty"":true,""variables"":[],""missingFields"":[],""gapKind"":""none"",""reasonZh"":""当前 League Wiki 模板已提供可核验数值合同；剩余为实现/runtime 缺口。"",""blocker"":""""}",implementation_gap_no_unresolved_data_fields,"{""sourceRef"":""最小验证/数据/build-unified-mechanism-inventory.mjs#synthesize:hero_skill|hero_jayce|W|闪电领域 / 超能电荷"",""dataStatus"":""complete"",""requiredEvents"":[],""requiredState"":[],""requiredFormulaInputs"":[],""requiredScheduling"":[],""missingPrimitives"":[""implementation_gap_no_unresolved_data_fields""],""remainingBoundary"":""按 mechanismTags/blocker 推导的 runtime 缺口：implementation_gap_no_unresolved_data_fields""}",,,最小验证/V2-Batch-G-adc-passive-audit.json#hero_skill|hero_jayce|W|闪电领域 / 超能电荷:out_of_scope_for_single_target_dps;最小验证/generic-g8-adc-passive-coverage-audit.json#hero_skill|hero_jayce|W|闪电领域 / 超能电荷:blocked,,,
hero_skill|hero_jhin|E|万众倾倒,blocked_runtime,none,generic_runtime,hero_skill,hero_jhin,E,万众倾倒,meta_or_non_target_dps,,当前 League Wiki 模板已提供可核验数值合同；剩余为实现/runtime 缺口。,implementation_gap_no_unresolved_data_fields,,"{""sourceVersion"":""lol-wiki-rev-4007613"",""sourceRef"":""数据参考/lol-wiki-current-champions/normalized/generic/jhin-e.json@rev4007613 sha256:bbb264e884128852cd9b90fc1965638e0903f88a8da4a500220966c4ff5596c0"",""availableEffectTables"":{},""availableCooldowns"":[],""availableCosts"":{},""tooltipPlaceholders"":[],""unresolvedDamagePlaceholders"":[],""varsMapEmpty"":true,""variablesEmpty"":true,""variables"":[],""missingFields"":[],""gapKind"":""none"",""reasonZh"":""当前 League Wiki 模板已提供可核验数值合同；剩余为实现/runtime 缺口。"",""blocker"":""""}",implementation_gap_no_unresolved_data_fields,"{""sourceRef"":""最小验证/数据/build-unified-mechanism-inventory.mjs#synthesize:hero_skill|hero_jhin|E|万众倾倒"",""dataStatus"":""complete"",""requiredEvents"":[],""requiredState"":[],""requiredFormulaInputs"":[],""requiredScheduling"":[],""missingPrimitives"":[""implementation_gap_no_unresolved_data_fields""],""remainingBoundary"":""按 mechanismTags/blocker 推导的 runtime 缺口：implementation_gap_no_unresolved_data_fields""}",,,最小验证/V2-Batch-G-adc-passive-audit.json#hero_skill|hero_jhin|E|万众倾倒:out_of_scope_for_single_target_dps;最小验证/generic-g8-adc-passive-coverage-audit.json#hero_skill|hero_jhin|E|万众倾倒:blocked,,,
hero_skill|hero_jhin|P|低语,blocked_runtime,none,generic_runtime,hero_skill,hero_jhin,P,低语,deterministic_random_crit_sequence,,deterministic_random_crit_sequence：expected crit 不证明可复现 RNG/on-crit 序列语义。,deterministic_random_crit_sequence,,"{""sourceVersion"":""lol-wiki-rev-3998238"",""sourceRef"":""数据参考/lol-wiki-current-champions/normalized/generic/jhin-p.json@rev3998238 sha256:2ef6300374d29c05f039b78a3d750199cff0236f78c147064d434ee897db7cf5"",""availableEffectTables"":{},""availableCooldowns"":[],""availableCosts"":{},""tooltipPlaceholders"":[],""unresolvedDamagePlaceholders"":[],""varsMapEmpty"":true,""variablesEmpty"":true,""variables"":[],""missingFields"":[],""gapKind"":""none"",""reasonZh"":""当前 League Wiki 模板已提供可核验数值合同；剩余为实现/runtime 缺口。"",""blocker"":""""}",deterministic_random_crit_sequence,"{""sourceRef"":""最小验证/数据/build-unified-mechanism-inventory.mjs#synthesize:hero_skill|hero_jhin|P|低语"",""dataStatus"":""complete"",""requiredEvents"":[""critical_strike_resolved""],""requiredState"":[],""requiredFormulaInputs"":[],""requiredScheduling"":[],""missingPrimitives"":[""deterministic_random_crit_sequence""],""remainingBoundary"":""按 mechanismTags/blocker 推导的 runtime 缺口：deterministic_random_crit_sequence""}",,,最小验证/V2-Batch-G-adc-passive-audit.json#hero_skill|hero_jhin|P|低语:needs_runtime_extension;最小验证/generic-g8-adc-passive-coverage-audit.json#hero_skill|hero_jhin|P|低语:blocked,,,
hero_skill|hero_jhin|Q|曼舞手雷,blocked_runtime,none,generic_runtime,hero_skill,hero_jhin,Q,曼舞手雷,multi_target_or_area,,当前 League Wiki 模板已提供可核验数值合同；剩余为实现/runtime 缺口。,implementation_gap_no_unresolved_data_fields,,"{""sourceVersion"":""lol-wiki-rev-4007611"",""sourceRef"":""数据参考/lol-wiki-current-champions/normalized/generic/jhin-q.json@rev4007611 sha256:522c4b918067b4b035b6744eb3dc83ce64ba5d47f677ed8517fcb246111685f1"",""availableEffectTables"":{},""availableCooldowns"":[],""availableCosts"":{},""tooltipPlaceholders"":[],""unresolvedDamagePlaceholders"":[],""varsMapEmpty"":true,""variablesEmpty"":true,""variables"":[],""missingFields"":[],""gapKind"":""none"",""reasonZh"":""当前 League Wiki 模板已提供可核验数值合同；剩余为实现/runtime 缺口。"",""blocker"":""""}",implementation_gap_no_unresolved_data_fields,"{""sourceRef"":""最小验证/数据/build-unified-mechanism-inventory.mjs#synthesize:hero_skill|hero_jhin|Q|曼舞手雷"",""dataStatus"":""complete"",""requiredEvents"":[],""requiredState"":[],""requiredFormulaInputs"":[],""requiredScheduling"":[],""missingPrimitives"":[""implementation_gap_no_unresolved_data_fields""],""remainingBoundary"":""按 mechanismTags/blocker 推导的 runtime 缺口：implementation_gap_no_unresolved_data_fields""}",,,最小验证/V2-Batch-G-adc-passive-audit.json#hero_skill|hero_jhin|Q|曼舞手雷:out_of_scope_for_single_target_dps;最小验证/generic-g8-adc-passive-coverage-audit.json#hero_skill|hero_jhin|Q|曼舞手雷:blocked,,,
hero_skill|hero_jhin|R|完美谢幕,blocked_runtime,none,generic_runtime,hero_skill,hero_jhin,R,完美谢幕,meta_or_non_target_dps,,当前 League Wiki 模板已提供可核验数值合同；剩余为实现/runtime 缺口。,implementation_gap_no_unresolved_data_fields,,"{""sourceVersion"":""lol-wiki-rev-4007615"",""sourceRef"":""数据参考/lol-wiki-current-champions/normalized/generic/jhin-r.json@rev4007615 sha256:6bfe695cbc8aec980b66db1ab4f998fd292ddc0619cb35beeda1d755f98d2cc0"",""availableEffectTables"":{},""availableCooldowns"":[],""availableCosts"":{},""tooltipPlaceholders"":[],""unresolvedDamagePlaceholders"":[],""varsMapEmpty"":true,""variablesEmpty"":true,""variables"":[],""missingFields"":[],""gapKind"":""none"",""reasonZh"":""当前 League Wiki 模板已提供可核验数值合同；剩余为实现/runtime 缺口。"",""blocker"":""""}",implementation_gap_no_unresolved_data_fields,"{""sourceRef"":""最小验证/数据/build-unified-mechanism-inventory.mjs#synthesize:hero_skill|hero_jhin|R|完美谢幕"",""dataStatus"":""complete"",""requiredEvents"":[],""requiredState"":[],""requiredFormulaInputs"":[],""requiredScheduling"":[],""missingPrimitives"":[""implementation_gap_no_unresolved_data_fields""],""remainingBoundary"":""按 mechanismTags/blocker 推导的 runtime 缺口：implementation_gap_no_unresolved_data_fields""}",,,最小验证/V2-Batch-G-adc-passive-audit.json#hero_skill|hero_jhin|R|完美谢幕:out_of_scope_for_single_target_dps;最小验证/generic-g8-adc-passive-coverage-audit.json#hero_skill|hero_jhin|R|完美谢幕:blocked,,,
hero_skill|hero_jhin|W|致命华彩,blocked_runtime,none,generic_runtime,hero_skill,hero_jhin,W,致命华彩,meta_or_non_target_dps,,当前 League Wiki 模板已提供可核验数值合同；剩余为实现/runtime 缺口。,implementation_gap_no_unresolved_data_fields,,"{""sourceVersion"":""lol-wiki-rev-4021795"",""sourceRef"":""数据参考/lol-wiki-current-champions/normalized/generic/jhin-w.json@rev4021795 sha256:14790ca09f6f320fc2fadc81c2fa7e783c7b81d48d792b7760494f2e8d788c65"",""availableEffectTables"":{},""availableCooldowns"":[],""availableCosts"":{},""tooltipPlaceholders"":[],""unresolvedDamagePlaceholders"":[],""varsMapEmpty"":true,""variablesEmpty"":true,""variables"":[],""missingFields"":[],""gapKind"":""none"",""reasonZh"":""当前 League Wiki 模板已提供可核验数值合同；剩余为实现/runtime 缺口。"",""blocker"":""""}",implementation_gap_no_unresolved_data_fields,"{""sourceRef"":""最小验证/数据/build-unified-mechanism-inventory.mjs#synthesize:hero_skill|hero_jhin|W|致命华彩"",""dataStatus"":""complete"",""requiredEvents"":[],""requiredState"":[],""requiredFormulaInputs"":[],""requiredScheduling"":[],""missingPrimitives"":[""implementation_gap_no_unresolved_data_fields""],""remainingBoundary"":""按 mechanismTags/blocker 推导的 runtime 缺口：implementation_gap_no_unresolved_data_fields""}",,,最小验证/V2-Batch-G-adc-passive-audit.json#hero_skill|hero_jhin|W|致命华彩:out_of_scope_for_single_target_dps;最小验证/generic-g8-adc-passive-coverage-audit.json#hero_skill|hero_jhin|W|致命华彩:blocked,,,
hero_skill|hero_jinx|E|嚼火者手雷！,blocked_runtime,none,generic_runtime,hero_skill,hero_jinx,E,嚼火者手雷！,meta_or_non_target_dps,,当前 League Wiki 模板已提供可核验数值合同；剩余为实现/runtime 缺口。,implementation_gap_no_unresolved_data_fields,,"{""sourceVersion"":""lol-wiki-rev-3993368"",""sourceRef"":""数据参考/lol-wiki-current-champions/normalized/generic/jinx-e.json@rev3993368 sha256:64562ed4adb34c932810970fd9b9c016b46329d6f956541d334c60d2bc9d83ee"",""availableEffectTables"":{},""availableCooldowns"":[],""availableCosts"":{},""tooltipPlaceholders"":[],""unresolvedDamagePlaceholders"":[],""varsMapEmpty"":true,""variablesEmpty"":true,""variables"":[],""missingFields"":[],""gapKind"":""none"",""reasonZh"":""当前 League Wiki 模板已提供可核验数值合同；剩余为实现/runtime 缺口。"",""blocker"":""""}",implementation_gap_no_unresolved_data_fields,"{""sourceRef"":""最小验证/数据/build-unified-mechanism-inventory.mjs#synthesize:hero_skill|hero_jinx|E|嚼火者手雷！"",""dataStatus"":""complete"",""requiredEvents"":[],""requiredState"":[],""requiredFormulaInputs"":[],""requiredScheduling"":[],""missingPrimitives"":[""implementation_gap_no_unresolved_data_fields""],""remainingBoundary"":""按 mechanismTags/blocker 推导的 runtime 缺口：implementation_gap_no_unresolved_data_fields""}",,,最小验证/V2-Batch-G-adc-passive-audit.json#hero_skill|hero_jinx|E|嚼火者手雷！:out_of_scope_for_single_target_dps;最小验证/generic-g8-adc-passive-coverage-audit.json#hero_skill|hero_jinx|E|嚼火者手雷！:blocked,,,
hero_skill|hero_jinx|P|罪恶快感,out_of_scope,none,generic_runtime,hero_skill,hero_jinx,P,罪恶快感,meta_or_non_target_dps,,罪恶快感：仅作用于防御塔/史诗野怪/非英雄单位，非英雄主目标 DPS；审计边界外。,,,,,,building_or_epic_monster_damage,"{""sourceRef"":""数据参考/lol-wiki-current-champions/normalized/generic/jinx-p.json@rev3973632 sha256:395e0422810de1907b12a16eec824437b4121e64ab7814bcb6b763870afce7b9"",""sourceTextSummary"":""金克丝每当参与击杀或摧毁一名英雄、一个史诗级野怪或一座建筑物后，她的移动速度和攻击速度就会得到显著提升。"",""reviewedPrimaryTargetDamageBranch"":true,""boundaryCategory"":""building_or_nonchampion_only"",""excludedBehavior"":""building_or_epic_monster_damage"",""boundaryReason"":""罪恶快感：仅作用于防御塔/史诗野怪/非英雄单位，非英雄主目标 DPS；审计边界外。"",""damageRelevantSubBranchDisposition"":""other_target_or_building_only""}",最小验证/V2-Batch-G-adc-passive-audit.json#hero_skill|hero_jinx|P|罪恶快感:out_of_scope_for_single_target_dps;最小验证/generic-g8-adc-passive-coverage-audit.json#hero_skill|hero_jinx|P|罪恶快感:out_of_scope,,,
hero_skill|hero_jinx|Q|枪炮交响曲！,blocked_runtime,none,generic_runtime,hero_skill,hero_jinx,Q,枪炮交响曲！,multi_target_or_area,,当前 League Wiki 模板已提供可核验数值合同；剩余为实现/runtime 缺口。,implementation_gap_no_unresolved_data_fields,,"{""sourceVersion"":""lol-wiki-rev-3992483"",""sourceRef"":""数据参考/lol-wiki-current-champions/normalized/generic/jinx-q.json@rev3992483 sha256:a4a11490d120a72ac8364ac1de8c1ea560badaa50f7cc5de3a4a4ab04b10186a"",""availableEffectTables"":{},""availableCooldowns"":[],""availableCosts"":{},""tooltipPlaceholders"":[],""unresolvedDamagePlaceholders"":[],""varsMapEmpty"":true,""variablesEmpty"":true,""variables"":[],""missingFields"":[],""gapKind"":""none"",""reasonZh"":""当前 League Wiki 模板已提供可核验数值合同；剩余为实现/runtime 缺口。"",""blocker"":""""}",implementation_gap_no_unresolved_data_fields,"{""sourceRef"":""最小验证/数据/build-unified-mechanism-inventory.mjs#synthesize:hero_skill|hero_jinx|Q|枪炮交响曲！"",""dataStatus"":""complete"",""requiredEvents"":[],""requiredState"":[],""requiredFormulaInputs"":[],""requiredScheduling"":[],""missingPrimitives"":[""implementation_gap_no_unresolved_data_fields""],""remainingBoundary"":""按 mechanismTags/blocker 推导的 runtime 缺口：implementation_gap_no_unresolved_data_fields""}",,,最小验证/V2-Batch-G-adc-passive-audit.json#hero_skill|hero_jinx|Q|枪炮交响曲！:out_of_scope_for_single_target_dps;最小验证/generic-g8-adc-passive-coverage-audit.json#hero_skill|hero_jinx|Q|枪炮交响曲！:blocked,,,
hero_skill|hero_jinx|R|超究极死神飞弹！,blocked_runtime,none,generic_runtime,hero_skill,hero_jinx,R,超究极死神飞弹！,meta_or_non_target_dps,,当前 League Wiki 模板已提供可核验数值合同；剩余为实现/runtime 缺口。,implementation_gap_no_unresolved_data_fields,,"{""sourceVersion"":""lol-wiki-rev-4007616"",""sourceRef"":""数据参考/lol-wiki-current-champions/normalized/generic/jinx-r.json@rev4007616 sha256:17ec580b10e2e4e8a0650682afc52ea8fc2b79a9ffbe7b93e9361c4f5c710a87"",""availableEffectTables"":{},""availableCooldowns"":[],""availableCosts"":{},""tooltipPlaceholders"":[],""unresolvedDamagePlaceholders"":[],""varsMapEmpty"":true,""variablesEmpty"":true,""variables"":[],""missingFields"":[],""gapKind"":""none"",""reasonZh"":""当前 League Wiki 模板已提供可核验数值合同；剩余为实现/runtime 缺口。"",""blocker"":""""}",implementation_gap_no_unresolved_data_fields,"{""sourceRef"":""最小验证/数据/build-unified-mechanism-inventory.mjs#synthesize:hero_skill|hero_jinx|R|超究极死神飞弹！"",""dataStatus"":""complete"",""requiredEvents"":[],""requiredState"":[],""requiredFormulaInputs"":[],""requiredScheduling"":[],""missingPrimitives"":[""implementation_gap_no_unresolved_data_fields""],""remainingBoundary"":""按 mechanismTags/blocker 推导的 runtime 缺口：implementation_gap_no_unresolved_data_fields""}",,,最小验证/V2-Batch-G-adc-passive-audit.json#hero_skill|hero_jinx|R|超究极死神飞弹！:out_of_scope_for_single_target_dps;最小验证/generic-g8-adc-passive-coverage-audit.json#hero_skill|hero_jinx|R|超究极死神飞弹！:blocked,,,
hero_skill|hero_jinx|W|震荡电磁波！,blocked_runtime,none,generic_runtime,hero_skill,hero_jinx,W,震荡电磁波！,meta_or_non_target_dps,,当前 League Wiki 模板已提供可核验数值合同；剩余为实现/runtime 缺口。,implementation_gap_no_unresolved_data_fields,,"{""sourceVersion"":""lol-wiki-rev-3907092"",""sourceRef"":""数据参考/lol-wiki-current-champions/normalized/generic/jinx-w.json@rev3907092 sha256:8aa6ac3943076256fe6afea15f1dd6eebf892656be45784e2522abb6243f4d1f"",""availableEffectTables"":{},""availableCooldowns"":[],""availableCosts"":{},""tooltipPlaceholders"":[],""unresolvedDamagePlaceholders"":[],""varsMapEmpty"":true,""variablesEmpty"":true,""variables"":[],""missingFields"":[],""gapKind"":""none"",""reasonZh"":""当前 League Wiki 模板已提供可核验数值合同；剩余为实现/runtime 缺口。"",""blocker"":""""}",implementation_gap_no_unresolved_data_fields,"{""sourceRef"":""最小验证/数据/build-unified-mechanism-inventory.mjs#synthesize:hero_skill|hero_jinx|W|震荡电磁波！"",""dataStatus"":""complete"",""requiredEvents"":[],""requiredState"":[],""requiredFormulaInputs"":[],""requiredScheduling"":[],""missingPrimitives"":[""implementation_gap_no_unresolved_data_fields""],""remainingBoundary"":""按 mechanismTags/blocker 推导的 runtime 缺口：implementation_gap_no_unresolved_data_fields""}",,,最小验证/V2-Batch-G-adc-passive-audit.json#hero_skill|hero_jinx|W|震荡电磁波！:out_of_scope_for_single_target_dps;最小验证/generic-g8-adc-passive-coverage-audit.json#hero_skill|hero_jinx|W|震荡电磁波！:blocked,,,
hero_skill|hero_kaisa|E|极限超载,completed,full,generic_runtime,hero_skill,hero_kaisa,E,极限超载,attack_speed_percent_add|cast_triggered_timed_attack_speed,,Kai'Sa E Supercharge：Wiki rev4038391（SHA256 327dc441e84bf2b320dccbe9099b4e98bf42562529e95facd417fbbc27d99e24）+ 用户批准 Phase-A rank5 1v1 攻速分支与 wasm-generic-kaisa-supercharge + backend seed 证据闭环——30 mana / 10000ms CD；ability_started 充能完成近似；4000ms provider timed state（Wasm fixture `supercharge_as_active` / Backend seed `supercharge_active`；provider-local/data-defined，本证据语义等价，非跨 bundle 字面同键）；+80% AS（base 0.60→1.08）；CD 阻断重复施放。明确排除移动速度/幽灵、attack windup、真实充能/cast 时序、普攻 0.5s CD 返还、进化隐形、其它 rank、rotation/cadence、多目标、live migration/publish/E2E，故标 completed。,,,,,,,,最小验证/V2-Batch-G-adc-passive-audit.json#hero_skill|hero_kaisa|E|极限超载:out_of_scope_for_single_target_dps;最小验证/generic-g8-adc-passive-coverage-audit.json#hero_skill|hero_kaisa|E|极限超载:migrated,wasm-generic-kaisa-supercharge|db/game_manage/seeds/lol_generic_kaisa_supercharge_seed.sql|backend;wasm-generic-kaisa-supercharge|wasm/tinygo_engine_v2/internal/runtime/generic_kaisa_supercharge_test.go|wasm,,
hero_skill|hero_kaisa|P|体表活肤,completed,full,generic_runtime,hero_skill,hero_kaisa,P,体表活肤,missing_health_consume|on_hit|stacking_plasma,,Kai'Sa P Second Skin：Wiki rev4038390（SHA256 f7adc35c58f47d28f8bd098a1303cf5cfef5a414783cde389ecf07240e95515f）+ 当前 canonical generic ABI 口径与 wasm-generic-kaisa-second-skin + backend seed 证据闭环——provider-target plasma_stacks（default0/max5/4000ms refresh-on-write）；level1..18 精确插值 base=4+20/17*(level-1)、perStack=1+5/17*(level-1)；同 provider 有序普攻图：Caustic→+1 stack→第五层已损生命破裂→reset→物理普攻→恰好一次 event/basic_attack_hit。明确排除 W 2/3 层与 overflow、友军定身 Plasma、野怪 400 cap、法术护盾、Guinsoo phantom/buff-slot、多目标，故标 completed。,,,,,,,,最小验证/V2-Batch-B-hero-passives.seed.json#skill_kaisa_p_plasma_dps_v2:seed_skill;最小验证/V2-Batch-G-adc-passive-audit.json#hero_skill|hero_kaisa|P|体表活肤:already_covered;最小验证/generic-g8-adc-passive-coverage-audit.json#hero_skill|hero_kaisa|P|体表活肤:migrated,wasm-generic-kaisa-second-skin|db/game_manage/seeds/lol_generic_kaisa_second_skin_seed.sql|backend;wasm-generic-kaisa-second-skin|wasm/tinygo_engine_v2/internal/runtime/generic_kaisa_second_skin_test.go|wasm,skill_kaisa_p_plasma_dps_v2,
hero_skill|hero_kaisa|Q|艾卡西亚暴雨,blocked_runtime,none,generic_runtime,hero_skill,hero_kaisa,Q,艾卡西亚暴雨,meta_or_non_target_dps,,当前 League Wiki 模板已提供可核验数值合同；剩余为实现/runtime 缺口。,implementation_gap_no_unresolved_data_fields,,"{""sourceVersion"":""lol-wiki-rev-4038389"",""sourceRef"":""数据参考/lol-wiki-current-champions/normalized/generic/kaisa-q.json@rev4038389 sha256:49de9f47013759a95cad6b8e671efb61d3d8adac02901e70c902b59fc945f71b"",""availableEffectTables"":{},""availableCooldowns"":[],""availableCosts"":{},""tooltipPlaceholders"":[],""unresolvedDamagePlaceholders"":[],""varsMapEmpty"":true,""variablesEmpty"":true,""variables"":[],""missingFields"":[],""gapKind"":""none"",""reasonZh"":""当前 League Wiki 模板已提供可核验数值合同；剩余为实现/runtime 缺口。"",""blocker"":""""}",implementation_gap_no_unresolved_data_fields,"{""sourceRef"":""最小验证/数据/build-unified-mechanism-inventory.mjs#synthesize:hero_skill|hero_kaisa|Q|艾卡西亚暴雨"",""dataStatus"":""complete"",""requiredEvents"":[],""requiredState"":[],""requiredFormulaInputs"":[],""requiredScheduling"":[],""missingPrimitives"":[""implementation_gap_no_unresolved_data_fields""],""remainingBoundary"":""按 mechanismTags/blocker 推导的 runtime 缺口：implementation_gap_no_unresolved_data_fields""}",,,最小验证/V2-Batch-G-adc-passive-audit.json#hero_skill|hero_kaisa|Q|艾卡西亚暴雨:out_of_scope_for_single_target_dps;最小验证/generic-g8-adc-passive-coverage-audit.json#hero_skill|hero_kaisa|Q|艾卡西亚暴雨:blocked,,,
hero_skill|hero_kaisa|R|猎手本能,out_of_scope,none,generic_runtime,hero_skill,hero_kaisa,R,猎手本能,multi_target_or_area,,猎手本能：纯移速/冲刺/位移，无主目标伤害增量；审计边界外。,,,,,,movement_speed_or_dash,"{""sourceRef"":""数据参考/lol-wiki-current-champions/normalized/generic/kaisa-r.json@rev4034697 sha256:26363a1044fc3c3b6fc956f17ca084458faadbe54ac1b49196004502447cfe5c"",""sourceTextSummary"":""卡莎突进到一个敌方英雄身边。 卡莎跃迁到一个位置上，该位置处于一名身上带有电浆效果的敌方英雄的附近，并获得持续{{ rshieldduration }}秒的{{ rcalculatedshieldvalue }}护盾值。{{ spellmodifierdescriptionappend }}"",""reviewedPrimaryTargetDamageBranch"":true,""boundaryCategory"":""pure_movement_or_dash"",""excludedBehavior"":""movement_speed_or_dash"",""boundaryReason"":""猎手本能：纯移速/冲刺/位移，无主目标伤害增量；审计边界外。"",""damageRelevantSubBranchDisposition"":""no_primary_target_damage_branch""}",最小验证/V2-Batch-G-adc-passive-audit.json#hero_skill|hero_kaisa|R|猎手本能:out_of_scope_for_single_target_dps;最小验证/generic-g8-adc-passive-coverage-audit.json#hero_skill|hero_kaisa|R|猎手本能:out_of_scope,,,
hero_skill|hero_kaisa|W|虚空索敌,blocked_runtime,none,generic_runtime,hero_skill,hero_kaisa,W,虚空索敌,meta_or_non_target_dps,,当前 League Wiki 模板已提供可核验数值合同；剩余为实现/runtime 缺口。,implementation_gap_no_unresolved_data_fields,,"{""sourceVersion"":""lol-wiki-rev-4034696"",""sourceRef"":""数据参考/lol-wiki-current-champions/normalized/generic/kaisa-w.json@rev4034696 sha256:aa4ba76c6fa345c711651fa56d9b914d4ea8b7eb3ddfae79d7feb25470d7e3d1"",""availableEffectTables"":{},""availableCooldowns"":[],""availableCosts"":{},""tooltipPlaceholders"":[],""unresolvedDamagePlaceholders"":[],""varsMapEmpty"":true,""variablesEmpty"":true,""variables"":[],""missingFields"":[],""gapKind"":""none"",""reasonZh"":""当前 League Wiki 模板已提供可核验数值合同；剩余为实现/runtime 缺口。"",""blocker"":""""}",implementation_gap_no_unresolved_data_fields,"{""sourceRef"":""最小验证/数据/build-unified-mechanism-inventory.mjs#synthesize:hero_skill|hero_kaisa|W|虚空索敌"",""dataStatus"":""complete"",""requiredEvents"":[],""requiredState"":[],""requiredFormulaInputs"":[],""requiredScheduling"":[],""missingPrimitives"":[""implementation_gap_no_unresolved_data_fields""],""remainingBoundary"":""按 mechanismTags/blocker 推导的 runtime 缺口：implementation_gap_no_unresolved_data_fields""}",,,最小验证/V2-Batch-G-adc-passive-audit.json#hero_skill|hero_kaisa|W|虚空索敌:out_of_scope_for_single_target_dps;最小验证/generic-g8-adc-passive-coverage-audit.json#hero_skill|hero_kaisa|W|虚空索敌:blocked,,,
hero_skill|hero_kalista|E|撕裂,blocked_runtime,none,generic_runtime,hero_skill,hero_kalista,E,撕裂,multi_target_or_area,,当前 League Wiki 模板已提供可核验数值合同；剩余为实现/runtime 缺口。,implementation_gap_no_unresolved_data_fields,,"{""sourceVersion"":""lol-wiki-rev-4004071"",""sourceRef"":""数据参考/lol-wiki-current-champions/normalized/generic/kalista-e.json@rev4004071 sha256:6b94b5174a623058abbee2e716ea59298a2ddc3b79741660b89faf4e6913ede7"",""availableEffectTables"":{},""availableCooldowns"":[],""availableCosts"":{},""tooltipPlaceholders"":[],""unresolvedDamagePlaceholders"":[],""varsMapEmpty"":true,""variablesEmpty"":true,""variables"":[],""missingFields"":[],""gapKind"":""none"",""reasonZh"":""当前 League Wiki 模板已提供可核验数值合同；剩余为实现/runtime 缺口。"",""blocker"":""""}",implementation_gap_no_unresolved_data_fields,"{""sourceRef"":""最小验证/数据/build-unified-mechanism-inventory.mjs#synthesize:hero_skill|hero_kalista|E|撕裂"",""dataStatus"":""complete"",""requiredEvents"":[],""requiredState"":[],""requiredFormulaInputs"":[],""requiredScheduling"":[],""missingPrimitives"":[""implementation_gap_no_unresolved_data_fields""],""remainingBoundary"":""按 mechanismTags/blocker 推导的 runtime 缺口：implementation_gap_no_unresolved_data_fields""}",,,最小验证/V2-Batch-G-adc-passive-audit.json#hero_skill|hero_kalista|E|撕裂:out_of_scope_for_single_target_dps;最小验证/generic-g8-adc-passive-coverage-audit.json#hero_skill|hero_kalista|E|撕裂:blocked,,,
hero_skill|hero_kalista|P|武术姿态,out_of_scope,none,generic_runtime,hero_skill,hero_kalista,P,武术姿态,martial_poise_dash|pure_movement_or_dash,,武术姿态：纯移速/冲刺/位移，无主目标伤害增量；审计边界外。,,,,,,movement_speed_or_dash,"{""sourceRef"":""数据参考/lol-wiki-current-champions/normalized/generic/kalista-p.json@rev4024157"",""sourceTextSummary"":""如果卡莉丝塔在进行普攻或穿刺的同时被下达了移动指令，那么她会在发起进攻的同时朝着这个移动指令的方向位移小段距离。"",""reviewedPrimaryTargetDamageBranch"":true,""boundaryCategory"":""pure_movement_or_dash"",""excludedBehavior"":""movement_speed_or_dash"",""boundaryReason"":""武术姿态：纯移速/冲刺/位移，无主目标伤害增量；审计边界外。"",""damageRelevantSubBranchDisposition"":""no_primary_target_damage_branch""}",最小验证/V2-Batch-G-adc-passive-audit.json#hero_skill|hero_kalista|P|武术姿态:needs_runtime_extension;最小验证/generic-g8-adc-passive-coverage-audit.json#hero_skill|hero_kalista|P|武术姿态:out_of_scope,,,
hero_skill|hero_kalista|Q|穿刺,blocked_runtime,none,generic_runtime,hero_skill,hero_kalista,Q,穿刺,dps_relevant_manual_review,,当前 League Wiki 模板已提供可核验数值合同；剩余为实现/runtime 缺口。,implementation_gap_no_unresolved_data_fields,,"{""sourceVersion"":""lol-wiki-rev-3997075"",""sourceRef"":""数据参考/lol-wiki-current-champions/normalized/generic/kalista-q.json@rev3997075 sha256:90c490d921da436134c318249fa7d0038ceaa97dfb76e5bdaa0b330a43676a67"",""availableEffectTables"":{},""availableCooldowns"":[],""availableCosts"":{},""tooltipPlaceholders"":[],""unresolvedDamagePlaceholders"":[],""varsMapEmpty"":true,""variablesEmpty"":true,""variables"":[],""missingFields"":[],""gapKind"":""none"",""reasonZh"":""当前 League Wiki 模板已提供可核验数值合同；剩余为实现/runtime 缺口。"",""blocker"":""""}",implementation_gap_no_unresolved_data_fields,"{""sourceRef"":""最小验证/数据/build-unified-mechanism-inventory.mjs#synthesize:hero_skill|hero_kalista|Q|穿刺"",""dataStatus"":""complete"",""requiredEvents"":[],""requiredState"":[],""requiredFormulaInputs"":[],""requiredScheduling"":[],""missingPrimitives"":[""implementation_gap_no_unresolved_data_fields""],""remainingBoundary"":""按 mechanismTags/blocker 推导的 runtime 缺口：implementation_gap_no_unresolved_data_fields""}",,,最小验证/V2-Batch-G-adc-passive-audit.json#hero_skill|hero_kalista|Q|穿刺:needs_manual_baseline;最小验证/generic-g8-adc-passive-coverage-audit.json#hero_skill|hero_kalista|Q|穿刺:blocked,,,
hero_skill|hero_kalista|R|命运的召唤,out_of_scope,none,generic_runtime,hero_skill,hero_kalista,R,命运的召唤,meta_or_non_target_dps,,命运的召唤：该 component 伤害仅作用于额外目标，主目标不受该 component 伤害；审计边界外。,,,,,,other_target_or_aoe_damage,"{""sourceRef"":""数据参考/lol-wiki-current-champions/normalized/generic/kalista-r.json@rev4015001 sha256:939f9f6c32951755ca72bdedfd46846ec18da20991e1cc9275a642a063d3d69c"",""sourceTextSummary"":""卡莉丝塔传送一位友军到自己身边。该友军随后可以冲向一个地点，并击退命中的敌人。 卡莉丝塔将她的誓约者置入凝滞状态并将其拖拽到她的身边，至多持续4秒。誓约者可以点击来将自己投放出去，在命中第一个英雄时停止并击退所有附近的敌人。如果誓约者命中了一名英雄，则会被放置在与目标相距其最大攻击距离的位置。{{ spellmodifierdescriptionappend"",""reviewedPrimaryTargetDamageBranch"":true,""boundaryCategory"":""other_targets_only"",""excludedBehavior"":""other_target_or_aoe_damage"",""boundaryReason"":""命运的召唤：该 component 伤害仅作用于额外目标，主目标不受该 component 伤害；审计边界外。"",""damageRelevantSubBranchDisposition"":""other_target_or_building_only""}",最小验证/V2-Batch-G-adc-passive-audit.json#hero_skill|hero_kalista|R|命运的召唤:out_of_scope_for_single_target_dps;最小验证/generic-g8-adc-passive-coverage-audit.json#hero_skill|hero_kalista|R|命运的召唤:out_of_scope,,,
hero_skill|hero_kalista|W|哨兵,blocked_runtime,none,generic_runtime,hero_skill,hero_kalista,W,哨兵,meta_or_non_target_dps,,当前 League Wiki 模板已提供可核验数值合同；剩余为实现/runtime 缺口。,implementation_gap_no_unresolved_data_fields,,"{""sourceVersion"":""lol-wiki-rev-4007621"",""sourceRef"":""数据参考/lol-wiki-current-champions/normalized/generic/kalista-w.json@rev4007621 sha256:d5b77c4c464ee11521130013b07ed004444bb20e442ee53379fd5ec9802c2e2d"",""availableEffectTables"":{},""availableCooldowns"":[],""availableCosts"":{},""tooltipPlaceholders"":[],""unresolvedDamagePlaceholders"":[],""varsMapEmpty"":true,""variablesEmpty"":true,""variables"":[],""missingFields"":[],""gapKind"":""none"",""reasonZh"":""当前 League Wiki 模板已提供可核验数值合同；剩余为实现/runtime 缺口。"",""blocker"":""""}",implementation_gap_no_unresolved_data_fields,"{""sourceRef"":""最小验证/数据/build-unified-mechanism-inventory.mjs#synthesize:hero_skill|hero_kalista|W|哨兵"",""dataStatus"":""complete"",""requiredEvents"":[],""requiredState"":[],""requiredFormulaInputs"":[],""requiredScheduling"":[],""missingPrimitives"":[""implementation_gap_no_unresolved_data_fields""],""remainingBoundary"":""按 mechanismTags/blocker 推导的 runtime 缺口：implementation_gap_no_unresolved_data_fields""}",,,最小验证/V2-Batch-G-adc-passive-audit.json#hero_skill|hero_kalista|W|哨兵:out_of_scope_for_single_target_dps;最小验证/generic-g8-adc-passive-coverage-audit.json#hero_skill|hero_kalista|W|哨兵:blocked,,,
hero_skill|hero_katarina|R|死亡莲华,regression_only,none,legacy_single_attacker_dps,hero_skill,hero_katarina,R,死亡莲华,keep_mechanics_config,batch_j_status_migration_audit_only,Batch J 状态迁移审计：keep_mechanics_config，不作新机制实现任务。,,,,,,,,最小验证/V2-Batch-J-status-damage-audit.json#skill_katarina_r:keep_mechanics_config;最小验证/卡特琳娜-MVP种子数据.json#skill_katarina_r:legacy_mvp_seed,,skill_katarina_r,
hero_skill|hero_kayle|E|星火符刃,blocked_runtime,none,generic_runtime,hero_skill,hero_kayle,E,星火符刃,multi_target_or_area,,当前 League Wiki 模板已提供可核验数值合同；剩余为实现/runtime 缺口。,implementation_gap_no_unresolved_data_fields,,"{""sourceVersion"":""lol-wiki-rev-3982990"",""sourceRef"":""数据参考/lol-wiki-current-champions/normalized/generic/kayle-e.json@rev3982990 sha256:2b0a053f7f651c1f822100256bc2126987de1ec4aa4003d7d4c761d132aca4b3"",""availableEffectTables"":{},""availableCooldowns"":[],""availableCosts"":{},""tooltipPlaceholders"":[],""unresolvedDamagePlaceholders"":[],""varsMapEmpty"":true,""variablesEmpty"":true,""variables"":[],""missingFields"":[],""gapKind"":""none"",""reasonZh"":""当前 League Wiki 模板已提供可核验数值合同；剩余为实现/runtime 缺口。"",""blocker"":""""}",implementation_gap_no_unresolved_data_fields,"{""sourceRef"":""最小验证/数据/build-unified-mechanism-inventory.mjs#synthesize:hero_skill|hero_kayle|E|星火符刃"",""dataStatus"":""complete"",""requiredEvents"":[],""requiredState"":[],""requiredFormulaInputs"":[],""requiredScheduling"":[],""missingPrimitives"":[""implementation_gap_no_unresolved_data_fields""],""remainingBoundary"":""按 mechanismTags/blocker 推导的 runtime 缺口：implementation_gap_no_unresolved_data_fields""}",,,最小验证/V2-Batch-G-adc-passive-audit.json#hero_skill|hero_kayle|E|星火符刃:out_of_scope_for_single_target_dps;最小验证/generic-g8-adc-passive-coverage-audit.json#hero_skill|hero_kayle|E|星火符刃:blocked,,,
hero_skill|hero_kayle|P|登神长阶,blocked_runtime,none,generic_runtime,hero_skill,hero_kayle,P,登神长阶,distance_or_ratio_modifier,,distance_based_damage_modifier / damage_multiplier_or_health_ratio 无精确 migrated/partial 证据。,distance_or_ratio_input,,"{""sourceVersion"":""lol-wiki-rev-4038393"",""sourceRef"":""数据参考/lol-wiki-current-champions/normalized/generic/kayle-p.json@rev4038393 sha256:57059ceeffcd2a5988c64b9ea63552a6c7837cc4dffb4c02803f288b7c629a81"",""availableEffectTables"":{},""availableCooldowns"":[],""availableCosts"":{},""tooltipPlaceholders"":[],""unresolvedDamagePlaceholders"":[],""varsMapEmpty"":true,""variablesEmpty"":true,""variables"":[],""missingFields"":[],""gapKind"":""none"",""reasonZh"":""当前 League Wiki 模板已提供可核验数值合同；剩余为实现/runtime 缺口。"",""blocker"":""""}",distance_or_ratio_input,"{""sourceRef"":""最小验证/数据/build-unified-mechanism-inventory.mjs#synthesize:hero_skill|hero_kayle|P|登神长阶"",""dataStatus"":""complete"",""requiredEvents"":[],""requiredState"":[],""requiredFormulaInputs"":[""distance_or_ratio""],""requiredScheduling"":[],""missingPrimitives"":[""distance_or_ratio_input""],""remainingBoundary"":""按 mechanismTags/blocker 推导的 runtime 缺口：distance_or_ratio_input""}",,,最小验证/V2-Batch-G-adc-passive-audit.json#hero_skill|hero_kayle|P|登神长阶:needs_runtime_extension;最小验证/generic-g8-adc-passive-coverage-audit.json#hero_skill|hero_kayle|P|登神长阶:blocked,,,
hero_skill|hero_kayle|Q|耀焰冲击,completed,full,generic_runtime,hero_skill,hero_kayle,Q,耀焰冲击,active_magic_damage|bonus_ad_ap_scaling|provider_target_resist_shred,,Kayle Q 耀焰冲击/Radiant Blast：Wiki rev4005105（SHA256 ded516de4861d88de21ba54de9a8723b654f424f1cc3f9dac30d06382ee1a87c；normalized/generic/kayle-q.json）rank5 Phase-A 主目标 1v1 已由 wasm-generic-kayle-radiant-blast + backend seed 证据闭环——魔法伤害 180+0.60*(ad.resolved-ad.base)+0.50*ap.resolved；先伤后击碎；provider-target kayle_q_sundered（default0/max1/4000ms refresh_on_write）→ opponent armor/MR percent_add −15%；100 mana / 8000ms CD。明确排除 slow、portal launch delay、attack-windup cast time、projectile travel/collision、cross expansion/secondary targets、ranks1–4、death persistence、live migration/publish/E2E/完整技能保真，故标 completed。,,,,,,,,最小验证/V2-Batch-G-adc-passive-audit.json#hero_skill|hero_kayle|Q|耀焰冲击:out_of_scope_for_single_target_dps;最小验证/generic-g8-adc-passive-coverage-audit.json#hero_skill|hero_kayle|Q|耀焰冲击:migrated,wasm-generic-kayle-radiant-blast|db/game_manage/seeds/lol_generic_kayle_radiant_blast_seed.sql|backend;wasm-generic-kayle-radiant-blast|wasm/tinygo_engine_v2/internal/runtime/generic_kayle_radiant_blast_test.go|wasm,,
hero_skill|hero_kayle|R|圣裁之刻,blocked_runtime,none,generic_runtime,hero_skill,hero_kayle,R,圣裁之刻,multi_target_or_area,,当前 League Wiki 模板已提供可核验数值合同；剩余为实现/runtime 缺口。,implementation_gap_no_unresolved_data_fields,,"{""sourceVersion"":""lol-wiki-rev-3962015"",""sourceRef"":""数据参考/lol-wiki-current-champions/normalized/generic/kayle-r.json@rev3962015 sha256:58ddb9c5d041d7741263b05a24de93a123bc83bf7261bcfec77b8dba3042b21f"",""availableEffectTables"":{},""availableCooldowns"":[],""availableCosts"":{},""tooltipPlaceholders"":[],""unresolvedDamagePlaceholders"":[],""varsMapEmpty"":true,""variablesEmpty"":true,""variables"":[],""missingFields"":[],""gapKind"":""none"",""reasonZh"":""当前 League Wiki 模板已提供可核验数值合同；剩余为实现/runtime 缺口。"",""blocker"":""""}",implementation_gap_no_unresolved_data_fields,"{""sourceRef"":""最小验证/数据/build-unified-mechanism-inventory.mjs#synthesize:hero_skill|hero_kayle|R|圣裁之刻"",""dataStatus"":""complete"",""requiredEvents"":[],""requiredState"":[],""requiredFormulaInputs"":[],""requiredScheduling"":[],""missingPrimitives"":[""implementation_gap_no_unresolved_data_fields""],""remainingBoundary"":""按 mechanismTags/blocker 推导的 runtime 缺口：implementation_gap_no_unresolved_data_fields""}",,,最小验证/V2-Batch-G-adc-passive-audit.json#hero_skill|hero_kayle|R|圣裁之刻:out_of_scope_for_single_target_dps;最小验证/generic-g8-adc-passive-coverage-audit.json#hero_skill|hero_kayle|R|圣裁之刻:blocked,,,
hero_skill|hero_kayle|W|星界恩典,out_of_scope,none,generic_runtime,hero_skill,hero_kayle,W,星界恩典,cooldown_or_haste_without_rotation,,星界恩典：纯治疗/护盾/生存/免死，不增加对主目标输出；审计边界外。,,,,,,heal_shield_or_survivability,"{""sourceRef"":""数据参考/lol-wiki-current-champions/normalized/generic/kayle-w.json@rev3997873 sha256:e3a13c31ef392b69d09506ddaca57190d577f95fdbd7a61a030b749e5afc334e"",""sourceTextSummary"":""通过神圣的赐福，凯尔为自己和距她最近的友方英雄提供治疗和移动速度。 凯尔为她自身和一名友方英雄灌注圣光，回复{{ totalheal }}生命值并提供持续{{ hasteduration }}秒的{{ totalhaste }}移动速度。{{ spellmodifierdescriptionappend }}"",""reviewedPrimaryTargetDamageBranch"":true,""boundaryCategory"":""pure_heal_shield_survival"",""excludedBehavior"":""heal_shield_or_survivability"",""boundaryReason"":""星界恩典：纯治疗/护盾/生存/免死，不增加对主目标输出；审计边界外。"",""damageRelevantSubBranchDisposition"":""no_primary_target_damage_branch""}",最小验证/V2-Batch-G-adc-passive-audit.json#hero_skill|hero_kayle|W|星界恩典:out_of_scope_for_single_target_dps;最小验证/generic-g8-adc-passive-coverage-audit.json#hero_skill|hero_kayle|W|星界恩典:out_of_scope,,,
hero_skill|hero_kindred|E|横生惧意,blocked_runtime,none,generic_runtime,hero_skill,hero_kindred,E,横生惧意,distance_or_ratio_modifier,,distance_based_damage_modifier / damage_multiplier_or_health_ratio 无精确 migrated/partial 证据。,distance_or_ratio_input,,"{""sourceVersion"":""lol-wiki-rev-4022506"",""sourceRef"":""数据参考/lol-wiki-current-champions/normalized/generic/kindred-e.json@rev4022506 sha256:19b3fcaebacc7f41676122e57574eb3e4a91cbc838a915439c02f6cca79bf5b4"",""availableEffectTables"":{},""availableCooldowns"":[],""availableCosts"":{},""tooltipPlaceholders"":[],""unresolvedDamagePlaceholders"":[],""varsMapEmpty"":true,""variablesEmpty"":true,""variables"":[],""missingFields"":[],""gapKind"":""none"",""reasonZh"":""当前 League Wiki 模板已提供可核验数值合同；剩余为实现/runtime 缺口。"",""blocker"":""""}",distance_or_ratio_input,"{""sourceRef"":""最小验证/数据/build-unified-mechanism-inventory.mjs#synthesize:hero_skill|hero_kindred|E|横生惧意"",""dataStatus"":""complete"",""requiredEvents"":[],""requiredState"":[],""requiredFormulaInputs"":[""distance_or_ratio""],""requiredScheduling"":[],""missingPrimitives"":[""distance_or_ratio_input""],""remainingBoundary"":""按 mechanismTags/blocker 推导的 runtime 缺口：distance_or_ratio_input""}",,,最小验证/V2-Batch-G-adc-passive-audit.json#hero_skill|hero_kindred|E|横生惧意:needs_runtime_extension;最小验证/generic-g8-adc-passive-coverage-audit.json#hero_skill|hero_kindred|E|横生惧意:blocked,,,
hero_skill|hero_kindred|P|千珏之印,completed,full,generic_runtime,hero_skill,hero_kindred,P,千珏之印,attack_range_bonus|baked_qwe_mark_coefficients|fixed_max_marks_phase_a,,hero_kindred P 千珏之印/Mark of the Kindred：Wiki rev3994253（SHA256 9ac60eae427fac9ba279734dba2c01b34852eb0be84a01d95296328794afc14a）+ 用户批准 fixed 25-mark Phase-A 口径已由 wasm-generic-kindred-mark-of-kindred-max-marks + backend seed 闭环——无 kindred_marks 状态键；常驻 attack_range +250（500→750，共享 AA/E 距离语义）；Q 探针总 bonus AS 1.60×4000ms；W rank5 冠军探针 45+0.265*currentHP；E rank5 探针 200+0.175*missingHP（排除 crit/完整第三击）。明确排除狩猎/击杀/takedown、中间叠层、野怪/地图视野；Q/W/E inventory 机制不因探针升级为 completed，故标 completed/full。,,,,,,,,最小验证/V2-Batch-G-adc-passive-audit.json#hero_skill|hero_kindred|P|千珏之印:already_covered;最小验证/generic-g8-adc-passive-coverage-audit.json#hero_skill|hero_kindred|P|千珏之印:migrated,wasm-generic-kindred-mark-of-kindred-max-marks|db/game_manage/seeds/lol_generic_kindred_mark_of_kindred_max_marks_seed.sql|backend;wasm-generic-kindred-mark-of-kindred-max-marks|wasm/tinygo_engine_v2/internal/runtime/generic_kindred_mark_of_kindred_max_marks_test.go|wasm,,
hero_skill|hero_kindred|Q|乱箭之舞,blocked_runtime,none,generic_runtime,hero_skill,hero_kindred,Q,乱箭之舞,multi_target_or_area,,当前 League Wiki 模板已提供可核验数值合同；剩余为实现/runtime 缺口。,implementation_gap_no_unresolved_data_fields,,"{""sourceVersion"":""lol-wiki-rev-4007746"",""sourceRef"":""数据参考/lol-wiki-current-champions/normalized/generic/kindred-q.json@rev4007746 sha256:283e590573c7df7385cf317dd4bf881f84af6227080f444ead1d3fd11bb9f3a0"",""availableEffectTables"":{},""availableCooldowns"":[],""availableCosts"":{},""tooltipPlaceholders"":[],""unresolvedDamagePlaceholders"":[],""varsMapEmpty"":true,""variablesEmpty"":true,""variables"":[],""missingFields"":[],""gapKind"":""none"",""reasonZh"":""当前 League Wiki 模板已提供可核验数值合同；剩余为实现/runtime 缺口。"",""blocker"":""""}",implementation_gap_no_unresolved_data_fields,"{""sourceRef"":""最小验证/数据/build-unified-mechanism-inventory.mjs#synthesize:hero_skill|hero_kindred|Q|乱箭之舞"",""dataStatus"":""complete"",""requiredEvents"":[],""requiredState"":[],""requiredFormulaInputs"":[],""requiredScheduling"":[],""missingPrimitives"":[""implementation_gap_no_unresolved_data_fields""],""remainingBoundary"":""按 mechanismTags/blocker 推导的 runtime 缺口：implementation_gap_no_unresolved_data_fields""}",,,最小验证/V2-Batch-G-adc-passive-audit.json#hero_skill|hero_kindred|Q|乱箭之舞:out_of_scope_for_single_target_dps;最小验证/generic-g8-adc-passive-coverage-audit.json#hero_skill|hero_kindred|Q|乱箭之舞:blocked,,,
hero_skill|hero_kindred|R|羊灵生息,out_of_scope,none,generic_runtime,hero_skill,hero_kindred,R,羊灵生息,survivability_only,,羊灵生息：击杀/经济收益发生在当前唯一主目标死亡之后，encounter 已结束；审计边界外。,,,,,,post_kill_or_takedown_utility,"{""sourceRef"":""数据参考/lol-wiki-current-champions/normalized/generic/kindred-r.json@rev4024177 sha256:4504f638dee142c05bdf610df4e95661bfe6a06c0a9e3be1ea2c79814cef2def"",""sourceTextSummary"":""羊灵让一块区域内的所有生灵都免受死亡。效果结束之前，谁都不会死去。效果结束时，所有单位都会获得治疗。 千珏赐福于地面{{ e2 }}秒，使其中的友方、敌方或中立单位不会阵亡。在降至10%生命值时，仍留在该区域内的单位就不会受到伤害或治疗效果了。 当赐福结束时，其中的所有单位都会治疗{{ e1 }}生命值。{{ spellmodifierdescription"",""reviewedPrimaryTargetDamageBranch"":true,""boundaryCategory"":""economy_or_post_takedown"",""excludedBehavior"":""post_kill_or_takedown_utility"",""boundaryReason"":""羊灵生息：击杀/经济收益发生在当前唯一主目标死亡之后，encounter 已结束；审计边界外。"",""damageRelevantSubBranchDisposition"":""post_kill_next_encounter_only""}",最小验证/V2-Batch-G-adc-passive-audit.json#hero_skill|hero_kindred|R|羊灵生息:out_of_scope_for_single_target_dps;最小验证/generic-g8-adc-passive-coverage-audit.json#hero_skill|hero_kindred|R|羊灵生息:out_of_scope,,,
hero_skill|hero_kindred|W|狼灵狂热,blocked_runtime,none,generic_runtime,hero_skill,hero_kindred,W,狼灵狂热,multi_target_or_area,,当前 League Wiki 模板已提供可核验数值合同；剩余为实现/runtime 缺口。,implementation_gap_no_unresolved_data_fields,,"{""sourceVersion"":""lol-wiki-rev-4038396"",""sourceRef"":""数据参考/lol-wiki-current-champions/normalized/generic/kindred-w.json@rev4038396 sha256:0bf8193ea5a15df5822b58d5a5412defe2a26f5fc8524100b14d0fe793f08185"",""availableEffectTables"":{},""availableCooldowns"":[],""availableCosts"":{},""tooltipPlaceholders"":[],""unresolvedDamagePlaceholders"":[],""varsMapEmpty"":true,""variablesEmpty"":true,""variables"":[],""missingFields"":[],""gapKind"":""none"",""reasonZh"":""当前 League Wiki 模板已提供可核验数值合同；剩余为实现/runtime 缺口。"",""blocker"":""""}",implementation_gap_no_unresolved_data_fields,"{""sourceRef"":""最小验证/数据/build-unified-mechanism-inventory.mjs#synthesize:hero_skill|hero_kindred|W|狼灵狂热"",""dataStatus"":""complete"",""requiredEvents"":[],""requiredState"":[],""requiredFormulaInputs"":[],""requiredScheduling"":[],""missingPrimitives"":[""implementation_gap_no_unresolved_data_fields""],""remainingBoundary"":""按 mechanismTags/blocker 推导的 runtime 缺口：implementation_gap_no_unresolved_data_fields""}",,,最小验证/V2-Batch-G-adc-passive-audit.json#hero_skill|hero_kindred|W|狼灵狂热:out_of_scope_for_single_target_dps;最小验证/generic-g8-adc-passive-coverage-audit.json#hero_skill|hero_kindred|W|狼灵狂热:blocked,,,
hero_skill|hero_kogmaw|E|虚空淤泥,blocked_runtime,none,generic_runtime,hero_skill,hero_kogmaw,E,虚空淤泥,multi_target_or_area,,当前 League Wiki 模板已提供可核验数值合同；剩余为实现/runtime 缺口。,implementation_gap_no_unresolved_data_fields,,"{""sourceVersion"":""lol-wiki-rev-3965135"",""sourceRef"":""数据参考/lol-wiki-current-champions/normalized/generic/kogmaw-e.json@rev3965135 sha256:1dd448ea1985237f002dec43e2bf93d860eb976f7c98e75883254cb3cf70794b"",""availableEffectTables"":{},""availableCooldowns"":[],""availableCosts"":{},""tooltipPlaceholders"":[],""unresolvedDamagePlaceholders"":[],""varsMapEmpty"":true,""variablesEmpty"":true,""variables"":[],""missingFields"":[],""gapKind"":""none"",""reasonZh"":""当前 League Wiki 模板已提供可核验数值合同；剩余为实现/runtime 缺口。"",""blocker"":""""}",implementation_gap_no_unresolved_data_fields,"{""sourceRef"":""最小验证/数据/build-unified-mechanism-inventory.mjs#synthesize:hero_skill|hero_kogmaw|E|虚空淤泥"",""dataStatus"":""complete"",""requiredEvents"":[],""requiredState"":[],""requiredFormulaInputs"":[],""requiredScheduling"":[],""missingPrimitives"":[""implementation_gap_no_unresolved_data_fields""],""remainingBoundary"":""按 mechanismTags/blocker 推导的 runtime 缺口：implementation_gap_no_unresolved_data_fields""}",,,最小验证/V2-Batch-G-adc-passive-audit.json#hero_skill|hero_kogmaw|E|虚空淤泥:out_of_scope_for_single_target_dps;最小验证/generic-g8-adc-passive-coverage-audit.json#hero_skill|hero_kogmaw|E|虚空淤泥:blocked,,,
hero_skill|hero_kogmaw|P|来自艾卡西亚的惊喜,blocked_runtime,none,generic_runtime,hero_skill,hero_kogmaw,P,来自艾卡西亚的惊喜,multi_target_or_area,,当前 League Wiki 模板已提供可核验数值合同；剩余为实现/runtime 缺口。,implementation_gap_no_unresolved_data_fields,,"{""sourceVersion"":""lol-wiki-rev-4038400"",""sourceRef"":""数据参考/lol-wiki-current-champions/normalized/generic/kogmaw-p.json@rev4038400 sha256:b2fce14041b308df48350e51bd49e4211798d39ba3343f1ada899ba7637bb583"",""availableEffectTables"":{},""availableCooldowns"":[],""availableCosts"":{},""tooltipPlaceholders"":[],""unresolvedDamagePlaceholders"":[],""varsMapEmpty"":true,""variablesEmpty"":true,""variables"":[],""missingFields"":[],""gapKind"":""none"",""reasonZh"":""当前 League Wiki 模板已提供可核验数值合同；剩余为实现/runtime 缺口。"",""blocker"":""""}",implementation_gap_no_unresolved_data_fields,"{""sourceRef"":""最小验证/数据/build-unified-mechanism-inventory.mjs#synthesize:hero_skill|hero_kogmaw|P|来自艾卡西亚的惊喜"",""dataStatus"":""complete"",""requiredEvents"":[],""requiredState"":[],""requiredFormulaInputs"":[],""requiredScheduling"":[],""missingPrimitives"":[""implementation_gap_no_unresolved_data_fields""],""remainingBoundary"":""按 mechanismTags/blocker 推导的 runtime 缺口：implementation_gap_no_unresolved_data_fields""}",,,最小验证/V2-Batch-G-adc-passive-audit.json#hero_skill|hero_kogmaw|P|来自艾卡西亚的惊喜:out_of_scope_for_single_target_dps;最小验证/generic-g8-adc-passive-coverage-audit.json#hero_skill|hero_kogmaw|P|来自艾卡西亚的惊喜:blocked,,,
hero_skill|hero_kogmaw|Q|腐蚀唾液,completed,full,generic_runtime,hero_skill,hero_kogmaw,Q,腐蚀唾液,ability_cost_cooldown|active_magic_damage|armor_mr_percent_shred|attack_speed_percent_add,,Kog'Maw Q 腐蚀唾液/Caustic Spittle：Wiki rev3960434（SHA256 f651035612e1deeda77df641f5a0e21226ec74aeb4633e0f211780efc3f39a7d）rank5 口径与 wasm-generic-kogmaw-caustic-spittle + backend seed 证据闭环——被动常驻 +25% AS；主动 260+0.90*AP 魔法伤害（Effect at cast time start：先伤后击碎）；provider-target kogmaw_q_resist_reduction（default0/max1/4000ms refresh_on_write）驱动 opponent armor/MR percent_add −32%；40 mana / 7000ms CD。明确排除弹道飞行/目标选择、rank1–4、多目标/web，故标 completed。,,,,,,,,最小验证/V2-Batch-B-hero-passives.seed.json#skill_kogmaw_q_caustic_spittle_passive_dps_v2:seed_skill;最小验证/V2-Batch-G-adc-passive-audit.json#hero_skill|hero_kogmaw|Q|腐蚀唾液:already_covered;最小验证/generic-g8-adc-passive-coverage-audit.json#hero_skill|hero_kogmaw|Q|腐蚀唾液:migrated,wasm-generic-kogmaw-caustic-spittle|db/game_manage/seeds/lol_generic_kogmaw_caustic_spittle_seed.sql|backend;wasm-generic-kogmaw-caustic-spittle|wasm/tinygo_engine_v2/internal/runtime/generic_kogmaw_caustic_spittle_test.go|wasm,skill_kogmaw_q_caustic_spittle_passive_dps_v2,
hero_skill|hero_kogmaw|R|活体大炮,blocked_runtime,none,generic_runtime,hero_skill,hero_kogmaw,R,活体大炮,meta_or_non_target_dps,,当前 League Wiki 模板已提供可核验数值合同；剩余为实现/runtime 缺口。,implementation_gap_no_unresolved_data_fields,,"{""sourceVersion"":""lol-wiki-rev-4007636"",""sourceRef"":""数据参考/lol-wiki-current-champions/normalized/generic/kogmaw-r.json@rev4007636 sha256:32f8dd8d875aaf95cec2be9cfe4a5a5526881b956f2f23e06ab87dc331ca8641"",""availableEffectTables"":{},""availableCooldowns"":[],""availableCosts"":{},""tooltipPlaceholders"":[],""unresolvedDamagePlaceholders"":[],""varsMapEmpty"":true,""variablesEmpty"":true,""variables"":[],""missingFields"":[],""gapKind"":""none"",""reasonZh"":""当前 League Wiki 模板已提供可核验数值合同；剩余为实现/runtime 缺口。"",""blocker"":""""}",implementation_gap_no_unresolved_data_fields,"{""sourceRef"":""最小验证/数据/build-unified-mechanism-inventory.mjs#synthesize:hero_skill|hero_kogmaw|R|活体大炮"",""dataStatus"":""complete"",""requiredEvents"":[],""requiredState"":[],""requiredFormulaInputs"":[],""requiredScheduling"":[],""missingPrimitives"":[""implementation_gap_no_unresolved_data_fields""],""remainingBoundary"":""按 mechanismTags/blocker 推导的 runtime 缺口：implementation_gap_no_unresolved_data_fields""}",,,最小验证/V2-Batch-G-adc-passive-audit.json#hero_skill|hero_kogmaw|R|活体大炮:out_of_scope_for_single_target_dps;最小验证/generic-g8-adc-passive-coverage-audit.json#hero_skill|hero_kogmaw|R|活体大炮:blocked,,,
hero_skill|hero_kogmaw|W|生化弹幕,completed,full,generic_runtime,hero_skill,hero_kogmaw,W,生化弹幕,formula_on_hit|on_hit|target_max_hp_ratio,primary_on_hit;active_window_prearmed_in_seed,精确 candidate 已纳入 formula-onhit seed，并由 generic_completed_onhit_mechanisms_test.go（commit 3314c24）CompileGeneric+RunGeneric 证明 KogMaw W 主目标 on-hit。,,,,,,,,最小验证/V2-Batch-B-hero-passives.seed.json#skill_kogmaw_w_bio_arcane_barrage_dps_v2:seed_skill;最小验证/V2-Batch-G-adc-passive-audit.json#hero_skill|hero_kogmaw|W|生化弹幕:already_covered;最小验证/generic-g8-adc-passive-coverage-audit.json#hero_skill|hero_kogmaw|W|生化弹幕:migrated,wasm-generic-completed-onhit-mechanisms|wasm/tinygo_engine_v2/internal/runtime/generic_completed_onhit_mechanisms_test.go|wasm;wasm-generic-formula-onhit-batch|db/game_manage/seeds/lol_formula_on_hit_mechanisms_seed.sql|backend,skill_kogmaw_w_bio_arcane_barrage_dps_v2,
hero_skill|hero_leona|R|日炎耀斑,regression_only,none,legacy_single_attacker_dps,hero_skill,hero_leona,R,日炎耀斑,keep_mechanics_config,batch_j_status_migration_audit_only,Batch J 状态迁移审计：keep_mechanics_config，不作新机制实现任务。,,,,,,,,最小验证/V2-Batch-J-status-damage-audit.json#skill_leona_r:keep_mechanics_config,,skill_leona_r,
hero_skill|hero_leona|W|日蚀,regression_only,none,legacy_single_attacker_dps,hero_skill,hero_leona,W,日蚀,keep_mechanics_config,batch_j_status_migration_audit_only,Batch J 状态迁移审计：keep_mechanics_config，不作新机制实现任务。,,,,,,,,最小验证/V2-Batch-J-status-damage-audit.json#skill_leona_w:keep_mechanics_config,,skill_leona_w,
hero_skill|hero_lucian|E|冷酷追击,out_of_scope,none,generic_runtime,hero_skill,hero_lucian,E,冷酷追击,cooldown_or_haste_without_rotation,,冷酷追击：纯移速/冲刺/位移，无主目标伤害增量；审计边界外。,,,,,,movement_speed_or_dash,"{""sourceRef"":""数据参考/lol-wiki-current-champions/normalized/generic/lucian-e.json@rev4008455 sha256:52a774f50fb5339e43676ae544b13bdf9c1d5963e338353f9ac7e23d7aea92ba"",""sourceTextSummary"":""卢锡安冲刺一小段距离。【圣光银弹】的攻击会减少【冷酷追击】的冷却时间。 卢锡安进行冲刺。 当卢锡安用圣光银弹命中一名敌人时，这个技能的冷却时间会缩短{{ e1 }}秒(对英雄时缩短{{ e2 }}秒)。{{ spellmodifierdescriptionappend }}"",""reviewedPrimaryTargetDamageBranch"":true,""boundaryCategory"":""pure_movement_or_dash"",""excludedBehavior"":""movement_speed_or_dash"",""boundaryReason"":""冷酷追击：纯移速/冲刺/位移，无主目标伤害增量；审计边界外。"",""damageRelevantSubBranchDisposition"":""no_primary_target_damage_branch""}",最小验证/V2-Batch-G-adc-passive-audit.json#hero_skill|hero_lucian|E|冷酷追击:out_of_scope_for_single_target_dps;最小验证/generic-g8-adc-passive-coverage-audit.json#hero_skill|hero_lucian|E|冷酷追击:out_of_scope,,,
hero_skill|hero_lucian|P|圣光银弹,blocked_runtime,none,generic_runtime,hero_skill,hero_lucian,P,圣光银弹,meta_or_non_target_dps,,当前 League Wiki 模板已提供可核验数值合同；剩余为实现/runtime 缺口。,implementation_gap_no_unresolved_data_fields,,"{""sourceVersion"":""lol-wiki-rev-4041164"",""sourceRef"":""数据参考/lol-wiki-current-champions/normalized/generic/lucian-p.json@rev4041164 sha256:2075552afd37574e37c167fb7f2d937d2cb00d24999b59dd494c15dd819cd158"",""availableEffectTables"":{},""availableCooldowns"":[],""availableCosts"":{},""tooltipPlaceholders"":[],""unresolvedDamagePlaceholders"":[],""varsMapEmpty"":true,""variablesEmpty"":true,""variables"":[],""missingFields"":[],""gapKind"":""none"",""reasonZh"":""当前 League Wiki 模板已提供可核验数值合同；剩余为实现/runtime 缺口。"",""blocker"":""""}",implementation_gap_no_unresolved_data_fields,"{""sourceRef"":""最小验证/数据/build-unified-mechanism-inventory.mjs#synthesize:hero_skill|hero_lucian|P|圣光银弹"",""dataStatus"":""complete"",""requiredEvents"":[],""requiredState"":[],""requiredFormulaInputs"":[],""requiredScheduling"":[],""missingPrimitives"":[""implementation_gap_no_unresolved_data_fields""],""remainingBoundary"":""按 mechanismTags/blocker 推导的 runtime 缺口：implementation_gap_no_unresolved_data_fields""}",,,最小验证/V2-Batch-G-adc-passive-audit.json#hero_skill|hero_lucian|P|圣光银弹:out_of_scope_for_single_target_dps;最小验证/generic-g8-adc-passive-coverage-audit.json#hero_skill|hero_lucian|P|圣光银弹:blocked,,,
hero_skill|hero_lucian|Q|透体圣光,blocked_runtime,none,generic_runtime,hero_skill,hero_lucian,Q,透体圣光,dps_relevant_manual_review,,当前 League Wiki 模板已提供可核验数值合同；剩余为实现/runtime 缺口。,implementation_gap_no_unresolved_data_fields,,"{""sourceVersion"":""lol-wiki-rev-3982579"",""sourceRef"":""数据参考/lol-wiki-current-champions/normalized/generic/lucian-q.json@rev3982579 sha256:d7b03d15af48312a0ea5a06fa147b43c46d2a7ee6e1491dd121d796a2e452981"",""availableEffectTables"":{},""availableCooldowns"":[],""availableCosts"":{},""tooltipPlaceholders"":[],""unresolvedDamagePlaceholders"":[],""varsMapEmpty"":true,""variablesEmpty"":true,""variables"":[],""missingFields"":[],""gapKind"":""none"",""reasonZh"":""当前 League Wiki 模板已提供可核验数值合同；剩余为实现/runtime 缺口。"",""blocker"":""""}",implementation_gap_no_unresolved_data_fields,"{""sourceRef"":""最小验证/数据/build-unified-mechanism-inventory.mjs#synthesize:hero_skill|hero_lucian|Q|透体圣光"",""dataStatus"":""complete"",""requiredEvents"":[],""requiredState"":[],""requiredFormulaInputs"":[],""requiredScheduling"":[],""missingPrimitives"":[""implementation_gap_no_unresolved_data_fields""],""remainingBoundary"":""按 mechanismTags/blocker 推导的 runtime 缺口：implementation_gap_no_unresolved_data_fields""}",,,最小验证/V2-Batch-G-adc-passive-audit.json#hero_skill|hero_lucian|Q|透体圣光:needs_manual_baseline;最小验证/generic-g8-adc-passive-coverage-audit.json#hero_skill|hero_lucian|Q|透体圣光:blocked,,,
hero_skill|hero_lucian|R|圣枪洗礼,blocked_runtime,none,generic_runtime,hero_skill,hero_lucian,R,圣枪洗礼,dps_relevant_manual_review,,当前 League Wiki 模板已提供可核验数值合同；剩余为实现/runtime 缺口。,implementation_gap_no_unresolved_data_fields,,"{""sourceVersion"":""lol-wiki-rev-4007670"",""sourceRef"":""数据参考/lol-wiki-current-champions/normalized/generic/lucian-r.json@rev4007670 sha256:7a4679542eebdebf25da391a1222f08df2f416c641f48473d528e62296b9a2f7"",""availableEffectTables"":{},""availableCooldowns"":[],""availableCosts"":{},""tooltipPlaceholders"":[],""unresolvedDamagePlaceholders"":[],""varsMapEmpty"":true,""variablesEmpty"":true,""variables"":[],""missingFields"":[],""gapKind"":""none"",""reasonZh"":""当前 League Wiki 模板已提供可核验数值合同；剩余为实现/runtime 缺口。"",""blocker"":""""}",implementation_gap_no_unresolved_data_fields,"{""sourceRef"":""最小验证/数据/build-unified-mechanism-inventory.mjs#synthesize:hero_skill|hero_lucian|R|圣枪洗礼"",""dataStatus"":""complete"",""requiredEvents"":[],""requiredState"":[],""requiredFormulaInputs"":[],""requiredScheduling"":[],""missingPrimitives"":[""implementation_gap_no_unresolved_data_fields""],""remainingBoundary"":""按 mechanismTags/blocker 推导的 runtime 缺口：implementation_gap_no_unresolved_data_fields""}",,,最小验证/V2-Batch-G-adc-passive-audit.json#hero_skill|hero_lucian|R|圣枪洗礼:needs_manual_baseline;最小验证/generic-g8-adc-passive-coverage-audit.json#hero_skill|hero_lucian|R|圣枪洗礼:blocked,,,
hero_skill|hero_lucian|W|热诚烈弹,blocked_runtime,none,generic_runtime,hero_skill,hero_lucian,W,热诚烈弹,meta_or_non_target_dps,,当前 League Wiki 模板已提供可核验数值合同；剩余为实现/runtime 缺口。,implementation_gap_no_unresolved_data_fields,,"{""sourceVersion"":""lol-wiki-rev-3594941"",""sourceRef"":""数据参考/lol-wiki-current-champions/normalized/generic/lucian-w.json@rev3594941 sha256:b1ea7bc7a2e48be9ab97acfa1fc5addb80b8dd236dc97bd3d57c5e90951418c5"",""availableEffectTables"":{},""availableCooldowns"":[],""availableCosts"":{},""tooltipPlaceholders"":[],""unresolvedDamagePlaceholders"":[],""varsMapEmpty"":true,""variablesEmpty"":true,""variables"":[],""missingFields"":[],""gapKind"":""none"",""reasonZh"":""当前 League Wiki 模板已提供可核验数值合同；剩余为实现/runtime 缺口。"",""blocker"":""""}",implementation_gap_no_unresolved_data_fields,"{""sourceRef"":""最小验证/数据/build-unified-mechanism-inventory.mjs#synthesize:hero_skill|hero_lucian|W|热诚烈弹"",""dataStatus"":""complete"",""requiredEvents"":[],""requiredState"":[],""requiredFormulaInputs"":[],""requiredScheduling"":[],""missingPrimitives"":[""implementation_gap_no_unresolved_data_fields""],""remainingBoundary"":""按 mechanismTags/blocker 推导的 runtime 缺口：implementation_gap_no_unresolved_data_fields""}",,,最小验证/V2-Batch-G-adc-passive-audit.json#hero_skill|hero_lucian|W|热诚烈弹:out_of_scope_for_single_target_dps;最小验证/generic-g8-adc-passive-coverage-audit.json#hero_skill|hero_lucian|W|热诚烈弹:blocked,,,
hero_skill|hero_malzahar|E|恶咒降临,blocked_runtime,none,legacy_single_attacker_dps,hero_skill,hero_malzahar,E,恶咒降临,status_resource_migration,batch_j_status_damage_audit,Batch J: true DoT 需迁 status/resource；Wiki 数值非 Phase A blocked_data 口径，缺 status/resource DoT runtime 原语。,status_resource_dot_migration_runtime,,,status_resource_dot_migration_runtime,"{""sourceRef"":""最小验证/数据/build-unified-mechanism-inventory.mjs#synthesize:hero_skill|hero_malzahar|E|恶咒降临"",""dataStatus"":""complete"",""requiredEvents"":[],""requiredState"":[],""requiredFormulaInputs"":[],""requiredScheduling"":[],""missingPrimitives"":[""status_resource_dot_migration_runtime""],""remainingBoundary"":""按 mechanismTags/blocker 推导的 runtime 缺口：status_resource_dot_migration_runtime""}",,,最小验证/V2-Batch-J-status-damage-audit.json#skill_malzahar_e:migrate_to_status_resource;最小验证/V2-Batch-J-status-damage-migration.seed.json#skill_malzahar_e:seed_skill,,skill_malzahar_e,
hero_skill|hero_missfortune|E|枪林弹雨,blocked_runtime,none,generic_runtime,hero_skill,hero_missfortune,E,枪林弹雨,meta_or_non_target_dps,,当前 League Wiki 模板已提供可核验数值合同；剩余为实现/runtime 缺口。,implementation_gap_no_unresolved_data_fields,,"{""sourceVersion"":""lol-wiki-rev-3936384"",""sourceRef"":""数据参考/lol-wiki-current-champions/normalized/generic/missfortune-e.json@rev3936384 sha256:a38b513373be3b0491f7c967af8827dbdc9196452e5feb25614af3b78ab286f7"",""availableEffectTables"":{},""availableCooldowns"":[],""availableCosts"":{},""tooltipPlaceholders"":[],""unresolvedDamagePlaceholders"":[],""varsMapEmpty"":true,""variablesEmpty"":true,""variables"":[],""missingFields"":[],""gapKind"":""none"",""reasonZh"":""当前 League Wiki 模板已提供可核验数值合同；剩余为实现/runtime 缺口。"",""blocker"":""""}",implementation_gap_no_unresolved_data_fields,"{""sourceRef"":""最小验证/数据/build-unified-mechanism-inventory.mjs#synthesize:hero_skill|hero_missfortune|E|枪林弹雨"",""dataStatus"":""complete"",""requiredEvents"":[],""requiredState"":[],""requiredFormulaInputs"":[],""requiredScheduling"":[],""missingPrimitives"":[""implementation_gap_no_unresolved_data_fields""],""remainingBoundary"":""按 mechanismTags/blocker 推导的 runtime 缺口：implementation_gap_no_unresolved_data_fields""}",,,最小验证/V2-Batch-G-adc-passive-audit.json#hero_skill|hero_missfortune|E|枪林弹雨:out_of_scope_for_single_target_dps;最小验证/generic-g8-adc-passive-coverage-audit.json#hero_skill|hero_missfortune|E|枪林弹雨:blocked,,,
hero_skill|hero_missfortune|P|厄运的眷顾,blocked_runtime,none,generic_runtime,hero_skill,hero_missfortune,P,厄运的眷顾,dps_relevant_manual_review,,当前 League Wiki 模板已提供可核验数值合同；剩余为实现/runtime 缺口。,implementation_gap_no_unresolved_data_fields,,"{""sourceVersion"":""lol-wiki-rev-4027989"",""sourceRef"":""数据参考/lol-wiki-current-champions/normalized/generic/missfortune-p.json@rev4027989 sha256:2ed72684109983e9116050fcc34d6536903b9d04c0569f6633f4b734daae7527"",""availableEffectTables"":{},""availableCooldowns"":[],""availableCosts"":{},""tooltipPlaceholders"":[],""unresolvedDamagePlaceholders"":[],""varsMapEmpty"":true,""variablesEmpty"":true,""variables"":[],""missingFields"":[],""gapKind"":""none"",""reasonZh"":""当前 League Wiki 模板已提供可核验数值合同；剩余为实现/runtime 缺口。"",""blocker"":""""}",implementation_gap_no_unresolved_data_fields,"{""sourceRef"":""最小验证/数据/build-unified-mechanism-inventory.mjs#synthesize:hero_skill|hero_missfortune|P|厄运的眷顾"",""dataStatus"":""complete"",""requiredEvents"":[],""requiredState"":[],""requiredFormulaInputs"":[],""requiredScheduling"":[],""missingPrimitives"":[""implementation_gap_no_unresolved_data_fields""],""remainingBoundary"":""按 mechanismTags/blocker 推导的 runtime 缺口：implementation_gap_no_unresolved_data_fields""}",,,最小验证/V2-Batch-G-adc-passive-audit.json#hero_skill|hero_missfortune|P|厄运的眷顾:needs_manual_baseline;最小验证/generic-g8-adc-passive-coverage-audit.json#hero_skill|hero_missfortune|P|厄运的眷顾:blocked,,,
hero_skill|hero_missfortune|Q|一箭双雕,blocked_runtime,none,generic_runtime,hero_skill,hero_missfortune,Q,一箭双雕,multi_target_or_area,,当前 League Wiki 模板已提供可核验数值合同；剩余为实现/runtime 缺口。,implementation_gap_no_unresolved_data_fields,,"{""sourceVersion"":""lol-wiki-rev-3993572"",""sourceRef"":""数据参考/lol-wiki-current-champions/normalized/generic/missfortune-q.json@rev3993572 sha256:0a54b482c654246ae877966b87882d49ab73fc9fad075e5483a04b3b7081e1ed"",""availableEffectTables"":{},""availableCooldowns"":[],""availableCosts"":{},""tooltipPlaceholders"":[],""unresolvedDamagePlaceholders"":[],""varsMapEmpty"":true,""variablesEmpty"":true,""variables"":[],""missingFields"":[],""gapKind"":""none"",""reasonZh"":""当前 League Wiki 模板已提供可核验数值合同；剩余为实现/runtime 缺口。"",""blocker"":""""}",implementation_gap_no_unresolved_data_fields,"{""sourceRef"":""最小验证/数据/build-unified-mechanism-inventory.mjs#synthesize:hero_skill|hero_missfortune|Q|一箭双雕"",""dataStatus"":""complete"",""requiredEvents"":[],""requiredState"":[],""requiredFormulaInputs"":[],""requiredScheduling"":[],""missingPrimitives"":[""implementation_gap_no_unresolved_data_fields""],""remainingBoundary"":""按 mechanismTags/blocker 推导的 runtime 缺口：implementation_gap_no_unresolved_data_fields""}",,,最小验证/V2-Batch-G-adc-passive-audit.json#hero_skill|hero_missfortune|Q|一箭双雕:out_of_scope_for_single_target_dps;最小验证/generic-g8-adc-passive-coverage-audit.json#hero_skill|hero_missfortune|Q|一箭双雕:blocked,,,
hero_skill|hero_missfortune|R|弹幕时间,blocked_runtime,none,generic_runtime,hero_skill,hero_missfortune,R,弹幕时间,deterministic_random_crit_sequence,,deterministic_random_crit_sequence：expected crit 不证明可复现 RNG/on-crit 序列语义。,deterministic_random_crit_sequence,,"{""sourceVersion"":""lol-wiki-rev-3987215"",""sourceRef"":""数据参考/lol-wiki-current-champions/normalized/generic/missfortune-r.json@rev3987215 sha256:354cac88f79defa26369f485743f697bf61b50a814b008a8aa6c308b7e394d8a"",""availableEffectTables"":{},""availableCooldowns"":[],""availableCosts"":{},""tooltipPlaceholders"":[],""unresolvedDamagePlaceholders"":[],""varsMapEmpty"":true,""variablesEmpty"":true,""variables"":[],""missingFields"":[],""gapKind"":""none"",""reasonZh"":""当前 League Wiki 模板已提供可核验数值合同；剩余为实现/runtime 缺口。"",""blocker"":""""}",deterministic_random_crit_sequence,"{""sourceRef"":""最小验证/数据/build-unified-mechanism-inventory.mjs#synthesize:hero_skill|hero_missfortune|R|弹幕时间"",""dataStatus"":""complete"",""requiredEvents"":[""critical_strike_resolved""],""requiredState"":[],""requiredFormulaInputs"":[],""requiredScheduling"":[],""missingPrimitives"":[""deterministic_random_crit_sequence""],""remainingBoundary"":""按 mechanismTags/blocker 推导的 runtime 缺口：deterministic_random_crit_sequence""}",,,最小验证/V2-Batch-G-adc-passive-audit.json#hero_skill|hero_missfortune|R|弹幕时间:needs_runtime_extension;最小验证/generic-g8-adc-passive-coverage-audit.json#hero_skill|hero_missfortune|R|弹幕时间:blocked,,,
hero_skill|hero_missfortune|W|大步流星,blocked_runtime,none,generic_runtime,hero_skill,hero_missfortune,W,大步流星,cooldown_or_haste_without_rotation,,旧 out_of_scope 但 sourceText 含伤害/攻击/每N次等主目标相关语义；复合伤害分支不得整条 out_of_scope，且无精确 seed。,cooldown_or_haste_rotation,,"{""sourceVersion"":""lol-wiki-rev-4015416"",""sourceRef"":""数据参考/lol-wiki-current-champions/normalized/generic/missfortune-w.json@rev4015416 sha256:ce7f3c75f7fde611ed0edd3f61b0ac306fb9896038f81214a88998ca84bd892f"",""availableEffectTables"":{},""availableCooldowns"":[],""availableCosts"":{},""tooltipPlaceholders"":[],""unresolvedDamagePlaceholders"":[],""varsMapEmpty"":true,""variablesEmpty"":true,""variables"":[],""missingFields"":[],""gapKind"":""none"",""reasonZh"":""当前 League Wiki 模板已提供可核验数值合同；剩余为实现/runtime 缺口。"",""blocker"":""""}",cooldown_or_haste_rotation,"{""sourceRef"":""最小验证/数据/build-unified-mechanism-inventory.mjs#synthesize:hero_skill|hero_missfortune|W|大步流星"",""dataStatus"":""complete"",""requiredEvents"":[],""requiredState"":[],""requiredFormulaInputs"":[],""requiredScheduling"":[""cooldown_or_haste_without_rotation""],""missingPrimitives"":[""cooldown_or_haste_rotation""],""remainingBoundary"":""按 mechanismTags/blocker 推导的 runtime 缺口：cooldown_or_haste_rotation""}",,,最小验证/V2-Batch-G-adc-passive-audit.json#hero_skill|hero_missfortune|W|大步流星:out_of_scope_for_single_target_dps;最小验证/generic-g8-adc-passive-coverage-audit.json#hero_skill|hero_missfortune|W|大步流星:blocked,,,
hero_skill|hero_quinn|E|旋翔掠杀,blocked_runtime,none,generic_runtime,hero_skill,hero_quinn,E,旋翔掠杀,distance_or_ratio_modifier,,distance_based_damage_modifier / damage_multiplier_or_health_ratio 无精确 migrated/partial 证据。,distance_or_ratio_input,,"{""sourceVersion"":""lol-wiki-rev-4024768"",""sourceRef"":""数据参考/lol-wiki-current-champions/normalized/generic/quinn-e.json@rev4024768 sha256:9f6baba1d062b473d41586cd8323f31bd7c1c4d865db134a783c19ae998e7714"",""availableEffectTables"":{},""availableCooldowns"":[],""availableCosts"":{},""tooltipPlaceholders"":[],""unresolvedDamagePlaceholders"":[],""varsMapEmpty"":true,""variablesEmpty"":true,""variables"":[],""missingFields"":[],""gapKind"":""none"",""reasonZh"":""当前 League Wiki 模板已提供可核验数值合同；剩余为实现/runtime 缺口。"",""blocker"":""""}",distance_or_ratio_input,"{""sourceRef"":""最小验证/数据/build-unified-mechanism-inventory.mjs#synthesize:hero_skill|hero_quinn|E|旋翔掠杀"",""dataStatus"":""complete"",""requiredEvents"":[],""requiredState"":[],""requiredFormulaInputs"":[""distance_or_ratio""],""requiredScheduling"":[],""missingPrimitives"":[""distance_or_ratio_input""],""remainingBoundary"":""按 mechanismTags/blocker 推导的 runtime 缺口：distance_or_ratio_input""}",,,最小验证/V2-Batch-G-adc-passive-audit.json#hero_skill|hero_quinn|E|旋翔掠杀:needs_runtime_extension;最小验证/generic-g8-adc-passive-coverage-audit.json#hero_skill|hero_quinn|E|旋翔掠杀:blocked,,,
hero_skill|hero_quinn|P|侵扰,blocked_runtime,none,generic_runtime,hero_skill,hero_quinn,P,侵扰,dps_relevant_manual_review,,当前 League Wiki 模板已提供可核验数值合同；剩余为实现/runtime 缺口。,implementation_gap_no_unresolved_data_fields,,"{""sourceVersion"":""lol-wiki-rev-4024765"",""sourceRef"":""数据参考/lol-wiki-current-champions/normalized/generic/quinn-p.json@rev4024765 sha256:740debfb3b72dd7f926337f7eb4adbe3a65c88caec227ca16e00dff6634f798c"",""availableEffectTables"":{},""availableCooldowns"":[],""availableCosts"":{},""tooltipPlaceholders"":[],""unresolvedDamagePlaceholders"":[],""varsMapEmpty"":true,""variablesEmpty"":true,""variables"":[],""missingFields"":[],""gapKind"":""none"",""reasonZh"":""当前 League Wiki 模板已提供可核验数值合同；剩余为实现/runtime 缺口。"",""blocker"":""""}",implementation_gap_no_unresolved_data_fields,"{""sourceRef"":""最小验证/数据/build-unified-mechanism-inventory.mjs#synthesize:hero_skill|hero_quinn|P|侵扰"",""dataStatus"":""complete"",""requiredEvents"":[],""requiredState"":[],""requiredFormulaInputs"":[],""requiredScheduling"":[],""missingPrimitives"":[""implementation_gap_no_unresolved_data_fields""],""remainingBoundary"":""按 mechanismTags/blocker 推导的 runtime 缺口：implementation_gap_no_unresolved_data_fields""}",,,最小验证/V2-Batch-G-adc-passive-audit.json#hero_skill|hero_quinn|P|侵扰:needs_manual_baseline;最小验证/generic-g8-adc-passive-coverage-audit.json#hero_skill|hero_quinn|P|侵扰:blocked,,,
hero_skill|hero_quinn|Q|炫目攻势,blocked_runtime,none,generic_runtime,hero_skill,hero_quinn,Q,炫目攻势,meta_or_non_target_dps,,当前 League Wiki 模板已提供可核验数值合同；剩余为实现/runtime 缺口。,implementation_gap_no_unresolved_data_fields,,"{""sourceVersion"":""lol-wiki-rev-4024766"",""sourceRef"":""数据参考/lol-wiki-current-champions/normalized/generic/quinn-q.json@rev4024766 sha256:abce6abdc2eefd069beba2d4297a1c9da5b1a675a426edb747346d9679d8085d"",""availableEffectTables"":{},""availableCooldowns"":[],""availableCosts"":{},""tooltipPlaceholders"":[],""unresolvedDamagePlaceholders"":[],""varsMapEmpty"":true,""variablesEmpty"":true,""variables"":[],""missingFields"":[],""gapKind"":""none"",""reasonZh"":""当前 League Wiki 模板已提供可核验数值合同；剩余为实现/runtime 缺口。"",""blocker"":""""}",implementation_gap_no_unresolved_data_fields,"{""sourceRef"":""最小验证/数据/build-unified-mechanism-inventory.mjs#synthesize:hero_skill|hero_quinn|Q|炫目攻势"",""dataStatus"":""complete"",""requiredEvents"":[],""requiredState"":[],""requiredFormulaInputs"":[],""requiredScheduling"":[],""missingPrimitives"":[""implementation_gap_no_unresolved_data_fields""],""remainingBoundary"":""按 mechanismTags/blocker 推导的 runtime 缺口：implementation_gap_no_unresolved_data_fields""}",,,最小验证/V2-Batch-G-adc-passive-audit.json#hero_skill|hero_quinn|Q|炫目攻势:out_of_scope_for_single_target_dps;最小验证/generic-g8-adc-passive-coverage-audit.json#hero_skill|hero_quinn|Q|炫目攻势:blocked,,,
hero_skill|hero_quinn|R|深入敌后,blocked_runtime,none,generic_runtime,hero_skill,hero_quinn,R,深入敌后,multi_target_or_area,,当前 League Wiki 模板已提供可核验数值合同；剩余为实现/runtime 缺口。,implementation_gap_no_unresolved_data_fields,,"{""sourceVersion"":""lol-wiki-rev-4021953"",""sourceRef"":""数据参考/lol-wiki-current-champions/normalized/generic/quinn-r.json@rev4021953 sha256:dcb0152c001edd23b95b81d2a8da588ce46ed0e658def89615bf3cc36e1aaa8c"",""availableEffectTables"":{},""availableCooldowns"":[],""availableCosts"":{},""tooltipPlaceholders"":[],""unresolvedDamagePlaceholders"":[],""varsMapEmpty"":true,""variablesEmpty"":true,""variables"":[],""missingFields"":[],""gapKind"":""none"",""reasonZh"":""当前 League Wiki 模板已提供可核验数值合同；剩余为实现/runtime 缺口。"",""blocker"":""""}",implementation_gap_no_unresolved_data_fields,"{""sourceRef"":""最小验证/数据/build-unified-mechanism-inventory.mjs#synthesize:hero_skill|hero_quinn|R|深入敌后"",""dataStatus"":""complete"",""requiredEvents"":[],""requiredState"":[],""requiredFormulaInputs"":[],""requiredScheduling"":[],""missingPrimitives"":[""implementation_gap_no_unresolved_data_fields""],""remainingBoundary"":""按 mechanismTags/blocker 推导的 runtime 缺口：implementation_gap_no_unresolved_data_fields""}",,,最小验证/V2-Batch-G-adc-passive-audit.json#hero_skill|hero_quinn|R|深入敌后:out_of_scope_for_single_target_dps;最小验证/generic-g8-adc-passive-coverage-audit.json#hero_skill|hero_quinn|R|深入敌后:blocked,,,
hero_skill|hero_quinn|W|敏锐感知,completed,full,generic_runtime,hero_skill,hero_quinn,W,敏锐感知,target_state_conditioned_attack_speed|vulnerable,,Quinn W Heightened Senses：预先存在 harrier_vulnerable 时 Wiki rank-5 +80% AS/2s 与刷新已由 generic CompileGeneric+RunGeneric 闭环（Wiki rev4024767）；harrier produce/consume 与 Harrier 额外伤害非 W 完成所必需。W 主动视野/移速为允许不模拟的非伤害分支。,,,,,,,,最小验证/V2-Batch-G-adc-passive-audit.json#hero_skill|hero_quinn|W|敏锐感知:out_of_scope_for_single_target_dps;最小验证/generic-g8-adc-passive-coverage-audit.json#hero_skill|hero_quinn|W|敏锐感知:migrated,wasm-generic-quinn-heightened-senses|db/game_manage/seeds/lol_generic_quinn_heightened_senses_seed.sql|backend;wasm-generic-quinn-heightened-senses|wasm/tinygo_engine_v2/internal/runtime/generic_quinn_heightened_senses_test.go|wasm,,
hero_skill|hero_samira|E|狂飙,blocked_runtime,none,generic_runtime,hero_skill,hero_samira,E,狂飙,meta_or_non_target_dps,,当前 League Wiki 模板已提供可核验数值合同；剩余为实现/runtime 缺口。,implementation_gap_no_unresolved_data_fields,,"{""sourceVersion"":""lol-wiki-rev-4008028"",""sourceRef"":""数据参考/lol-wiki-current-champions/normalized/generic/samira-e.json@rev4008028 sha256:a4cadd7417a20386273b6317e8bfec7c93bb0945a7f0b65a4e12de8571097480"",""availableEffectTables"":{},""availableCooldowns"":[],""availableCosts"":{},""tooltipPlaceholders"":[],""unresolvedDamagePlaceholders"":[],""varsMapEmpty"":true,""variablesEmpty"":true,""variables"":[],""missingFields"":[],""gapKind"":""none"",""reasonZh"":""当前 League Wiki 模板已提供可核验数值合同；剩余为实现/runtime 缺口。"",""blocker"":""""}",implementation_gap_no_unresolved_data_fields,"{""sourceRef"":""最小验证/数据/build-unified-mechanism-inventory.mjs#synthesize:hero_skill|hero_samira|E|狂飙"",""dataStatus"":""complete"",""requiredEvents"":[],""requiredState"":[],""requiredFormulaInputs"":[],""requiredScheduling"":[],""missingPrimitives"":[""implementation_gap_no_unresolved_data_fields""],""remainingBoundary"":""按 mechanismTags/blocker 推导的 runtime 缺口：implementation_gap_no_unresolved_data_fields""}",,,最小验证/V2-Batch-G-adc-passive-audit.json#hero_skill|hero_samira|E|狂飙:out_of_scope_for_single_target_dps;最小验证/generic-g8-adc-passive-coverage-audit.json#hero_skill|hero_samira|E|狂飙:blocked,,,
hero_skill|hero_samira|P|悍勇本色,blocked_runtime,none,generic_runtime,hero_skill,hero_samira,P,悍勇本色,distance_or_ratio_modifier,,distance_based_damage_modifier / damage_multiplier_or_health_ratio 无精确 migrated/partial 证据。,distance_or_ratio_input,,"{""sourceVersion"":""lol-wiki-rev-4008026"",""sourceRef"":""数据参考/lol-wiki-current-champions/normalized/generic/samira-p.json@rev4008026 sha256:0ae9bfd6e6fbd9d63412fa98c64f2fd5e4825293a91df13602730358e428090e"",""availableEffectTables"":{},""availableCooldowns"":[],""availableCosts"":{},""tooltipPlaceholders"":[],""unresolvedDamagePlaceholders"":[],""varsMapEmpty"":true,""variablesEmpty"":true,""variables"":[],""missingFields"":[],""gapKind"":""none"",""reasonZh"":""当前 League Wiki 模板已提供可核验数值合同；剩余为实现/runtime 缺口。"",""blocker"":""""}",distance_or_ratio_input,"{""sourceRef"":""最小验证/数据/build-unified-mechanism-inventory.mjs#synthesize:hero_skill|hero_samira|P|悍勇本色"",""dataStatus"":""complete"",""requiredEvents"":[],""requiredState"":[],""requiredFormulaInputs"":[""distance_or_ratio""],""requiredScheduling"":[],""missingPrimitives"":[""distance_or_ratio_input""],""remainingBoundary"":""按 mechanismTags/blocker 推导的 runtime 缺口：distance_or_ratio_input""}",,,最小验证/V2-Batch-G-adc-passive-audit.json#hero_skill|hero_samira|P|悍勇本色:needs_runtime_extension;最小验证/generic-g8-adc-passive-coverage-audit.json#hero_skill|hero_samira|P|悍勇本色:blocked,,,
hero_skill|hero_samira|Q|交火,blocked_runtime,none,generic_runtime,hero_skill,hero_samira,Q,交火,distance_or_ratio_modifier,,distance_based_damage_modifier / damage_multiplier_or_health_ratio 无精确 migrated/partial 证据。,distance_or_ratio_input,,"{""sourceVersion"":""lol-wiki-rev-4008027"",""sourceRef"":""数据参考/lol-wiki-current-champions/normalized/generic/samira-q.json@rev4008027 sha256:7f65786ccae8186903166195be9151294adef3539fe97f067de4273e162cd203"",""availableEffectTables"":{},""availableCooldowns"":[],""availableCosts"":{},""tooltipPlaceholders"":[],""unresolvedDamagePlaceholders"":[],""varsMapEmpty"":true,""variablesEmpty"":true,""variables"":[],""missingFields"":[],""gapKind"":""none"",""reasonZh"":""当前 League Wiki 模板已提供可核验数值合同；剩余为实现/runtime 缺口。"",""blocker"":""""}",distance_or_ratio_input,"{""sourceRef"":""最小验证/数据/build-unified-mechanism-inventory.mjs#synthesize:hero_skill|hero_samira|Q|交火"",""dataStatus"":""complete"",""requiredEvents"":[],""requiredState"":[],""requiredFormulaInputs"":[""distance_or_ratio""],""requiredScheduling"":[],""missingPrimitives"":[""distance_or_ratio_input""],""remainingBoundary"":""按 mechanismTags/blocker 推导的 runtime 缺口：distance_or_ratio_input""}",,,最小验证/V2-Batch-G-adc-passive-audit.json#hero_skill|hero_samira|Q|交火:needs_runtime_extension;最小验证/generic-g8-adc-passive-coverage-audit.json#hero_skill|hero_samira|Q|交火:blocked,,,
hero_skill|hero_samira|R|炼狱扳机,blocked_runtime,none,generic_runtime,hero_skill,hero_samira,R,炼狱扳机,multi_target_or_area,,当前 League Wiki 模板已提供可核验数值合同；剩余为实现/runtime 缺口。,implementation_gap_no_unresolved_data_fields,,"{""sourceVersion"":""lol-wiki-rev-3992663"",""sourceRef"":""数据参考/lol-wiki-current-champions/normalized/generic/samira-r.json@rev3992663 sha256:4b7e8eea31dda62bc4ec084db3fdc964668d6316e495fc62bdb78cde64296a9f"",""availableEffectTables"":{},""availableCooldowns"":[],""availableCosts"":{},""tooltipPlaceholders"":[],""unresolvedDamagePlaceholders"":[],""varsMapEmpty"":true,""variablesEmpty"":true,""variables"":[],""missingFields"":[],""gapKind"":""none"",""reasonZh"":""当前 League Wiki 模板已提供可核验数值合同；剩余为实现/runtime 缺口。"",""blocker"":""""}",implementation_gap_no_unresolved_data_fields,"{""sourceRef"":""最小验证/数据/build-unified-mechanism-inventory.mjs#synthesize:hero_skill|hero_samira|R|炼狱扳机"",""dataStatus"":""complete"",""requiredEvents"":[],""requiredState"":[],""requiredFormulaInputs"":[],""requiredScheduling"":[],""missingPrimitives"":[""implementation_gap_no_unresolved_data_fields""],""remainingBoundary"":""按 mechanismTags/blocker 推导的 runtime 缺口：implementation_gap_no_unresolved_data_fields""}",,,最小验证/V2-Batch-G-adc-passive-audit.json#hero_skill|hero_samira|R|炼狱扳机:out_of_scope_for_single_target_dps;最小验证/generic-g8-adc-passive-coverage-audit.json#hero_skill|hero_samira|R|炼狱扳机:blocked,,,
hero_skill|hero_samira|W|锋旋,blocked_runtime,none,generic_runtime,hero_skill,hero_samira,W,锋旋,multi_target_or_area,,当前 League Wiki 模板已提供可核验数值合同；剩余为实现/runtime 缺口。,implementation_gap_no_unresolved_data_fields,,"{""sourceVersion"":""lol-wiki-rev-3936240"",""sourceRef"":""数据参考/lol-wiki-current-champions/normalized/generic/samira-w.json@rev3936240 sha256:a45a727dec4a914ff28dff4dd35f4f8333ec429fe758623c991da5eaa0f5314b"",""availableEffectTables"":{},""availableCooldowns"":[],""availableCosts"":{},""tooltipPlaceholders"":[],""unresolvedDamagePlaceholders"":[],""varsMapEmpty"":true,""variablesEmpty"":true,""variables"":[],""missingFields"":[],""gapKind"":""none"",""reasonZh"":""当前 League Wiki 模板已提供可核验数值合同；剩余为实现/runtime 缺口。"",""blocker"":""""}",implementation_gap_no_unresolved_data_fields,"{""sourceRef"":""最小验证/数据/build-unified-mechanism-inventory.mjs#synthesize:hero_skill|hero_samira|W|锋旋"",""dataStatus"":""complete"",""requiredEvents"":[],""requiredState"":[],""requiredFormulaInputs"":[],""requiredScheduling"":[],""missingPrimitives"":[""implementation_gap_no_unresolved_data_fields""],""remainingBoundary"":""按 mechanismTags/blocker 推导的 runtime 缺口：implementation_gap_no_unresolved_data_fields""}",,,最小验证/V2-Batch-G-adc-passive-audit.json#hero_skill|hero_samira|W|锋旋:out_of_scope_for_single_target_dps;最小验证/generic-g8-adc-passive-coverage-audit.json#hero_skill|hero_samira|W|锋旋:blocked,,,
hero_skill|hero_senna|E|黑雾咒附,out_of_scope,none,generic_runtime,hero_skill,hero_senna,E,黑雾咒附,meta_or_non_target_dps,,黑雾咒附：纯视野/显形/守卫侦察，不含伤害；审计边界外。,,,,,,ward_vision_or_trap_reveal,"{""sourceRef"":""数据参考/lol-wiki-current-champions/normalized/generic/senna-e.json@rev3994514 sha256:644c55c1e09333af03ffb84e7120dec5da6d7d0c93c872b83ea4b4d5ae48956f"",""sourceTextSummary"":""赛娜将她存在武器内的黑雾抽出，在她四周形成一团风暴，然后投身于黑暗并变成幽魂。进入黑雾区域的友军会变成伪装状态，并且在被黑雾笼罩时也会呈现出幽灵的外观。幽魂会获得移动速度提升，无法被选中，并且隐藏自身的身份。 赛娜融入一团黑雾，持续{{ buffduration }}秒，并变成幽魂。进入黑雾的友方英雄会变成伪装状态，并在离开时变成幽魂。幽魂获得{{ tota"",""reviewedPrimaryTargetDamageBranch"":true,""boundaryCategory"":""pure_vision"",""excludedBehavior"":""ward_vision_or_trap_reveal"",""boundaryReason"":""黑雾咒附：纯视野/显形/守卫侦察，不含伤害；审计边界外。"",""damageRelevantSubBranchDisposition"":""no_primary_target_damage_branch""}",最小验证/V2-Batch-G-adc-passive-audit.json#hero_skill|hero_senna|E|黑雾咒附:out_of_scope_for_single_target_dps;最小验证/generic-g8-adc-passive-coverage-audit.json#hero_skill|hero_senna|E|黑雾咒附:out_of_scope,,,
hero_skill|hero_senna|P|赦除,blocked_runtime,none,generic_runtime,hero_skill,hero_senna,P,赦除,multi_target_or_area,,当前 League Wiki 模板已提供可核验数值合同；剩余为实现/runtime 缺口。,implementation_gap_no_unresolved_data_fields,,"{""sourceVersion"":""lol-wiki-rev-4034707"",""sourceRef"":""数据参考/lol-wiki-current-champions/normalized/generic/senna-p.json@rev4034707 sha256:375dcdffaf52df41183e2036f0a3fc682168f3f6d012fa6017b21760e0dd5a63"",""availableEffectTables"":{},""availableCooldowns"":[],""availableCosts"":{},""tooltipPlaceholders"":[],""unresolvedDamagePlaceholders"":[],""varsMapEmpty"":true,""variablesEmpty"":true,""variables"":[],""missingFields"":[],""gapKind"":""none"",""reasonZh"":""当前 League Wiki 模板已提供可核验数值合同；剩余为实现/runtime 缺口。"",""blocker"":""""}",implementation_gap_no_unresolved_data_fields,"{""sourceRef"":""最小验证/数据/build-unified-mechanism-inventory.mjs#synthesize:hero_skill|hero_senna|P|赦除"",""dataStatus"":""complete"",""requiredEvents"":[],""requiredState"":[],""requiredFormulaInputs"":[],""requiredScheduling"":[],""missingPrimitives"":[""implementation_gap_no_unresolved_data_fields""],""remainingBoundary"":""按 mechanismTags/blocker 推导的 runtime 缺口：implementation_gap_no_unresolved_data_fields""}",,,最小验证/V2-Batch-G-adc-passive-audit.json#hero_skill|hero_senna|P|赦除:out_of_scope_for_single_target_dps;最小验证/generic-g8-adc-passive-coverage-audit.json#hero_skill|hero_senna|P|赦除:blocked,,,
hero_skill|hero_senna|Q|黑暗洞灭,blocked_runtime,none,generic_runtime,hero_skill,hero_senna,Q,黑暗洞灭,meta_or_non_target_dps,,当前 League Wiki 模板已提供可核验数值合同；剩余为实现/runtime 缺口。,implementation_gap_no_unresolved_data_fields,,"{""sourceVersion"":""lol-wiki-rev-4042887"",""sourceRef"":""数据参考/lol-wiki-current-champions/normalized/generic/senna-q.json@rev4042887 sha256:e546be97aaf2f4b9ff2468b22a144f37933f3a6a4a29e2e1d45a69c0adcb8a41"",""availableEffectTables"":{},""availableCooldowns"":[],""availableCosts"":{},""tooltipPlaceholders"":[],""unresolvedDamagePlaceholders"":[],""varsMapEmpty"":true,""variablesEmpty"":true,""variables"":[],""missingFields"":[],""gapKind"":""none"",""reasonZh"":""当前 League Wiki 模板已提供可核验数值合同；剩余为实现/runtime 缺口。"",""blocker"":""""}",implementation_gap_no_unresolved_data_fields,"{""sourceRef"":""最小验证/数据/build-unified-mechanism-inventory.mjs#synthesize:hero_skill|hero_senna|Q|黑暗洞灭"",""dataStatus"":""complete"",""requiredEvents"":[],""requiredState"":[],""requiredFormulaInputs"":[],""requiredScheduling"":[],""missingPrimitives"":[""implementation_gap_no_unresolved_data_fields""],""remainingBoundary"":""按 mechanismTags/blocker 推导的 runtime 缺口：implementation_gap_no_unresolved_data_fields""}",,,最小验证/V2-Batch-G-adc-passive-audit.json#hero_skill|hero_senna|Q|黑暗洞灭:out_of_scope_for_single_target_dps;最小验证/generic-g8-adc-passive-coverage-audit.json#hero_skill|hero_senna|Q|黑暗洞灭:blocked,,,
hero_skill|hero_senna|R|暗影燎原,blocked_runtime,none,generic_runtime,hero_skill,hero_senna,R,暗影燎原,meta_or_non_target_dps,,当前 League Wiki 模板已提供可核验数值合同；剩余为实现/runtime 缺口。,implementation_gap_no_unresolved_data_fields,,"{""sourceVersion"":""lol-wiki-rev-4008033"",""sourceRef"":""数据参考/lol-wiki-current-champions/normalized/generic/senna-r.json@rev4008033 sha256:4de188cce3d04f172d37f07db4e7c8e240388c5346f56838c82a3e6205c9de36"",""availableEffectTables"":{},""availableCooldowns"":[],""availableCosts"":{},""tooltipPlaceholders"":[],""unresolvedDamagePlaceholders"":[],""varsMapEmpty"":true,""variablesEmpty"":true,""variables"":[],""missingFields"":[],""gapKind"":""none"",""reasonZh"":""当前 League Wiki 模板已提供可核验数值合同；剩余为实现/runtime 缺口。"",""blocker"":""""}",implementation_gap_no_unresolved_data_fields,"{""sourceRef"":""最小验证/数据/build-unified-mechanism-inventory.mjs#synthesize:hero_skill|hero_senna|R|暗影燎原"",""dataStatus"":""complete"",""requiredEvents"":[],""requiredState"":[],""requiredFormulaInputs"":[],""requiredScheduling"":[],""missingPrimitives"":[""implementation_gap_no_unresolved_data_fields""],""remainingBoundary"":""按 mechanismTags/blocker 推导的 runtime 缺口：implementation_gap_no_unresolved_data_fields""}",,,最小验证/V2-Batch-G-adc-passive-audit.json#hero_skill|hero_senna|R|暗影燎原:out_of_scope_for_single_target_dps;最小验证/generic-g8-adc-passive-coverage-audit.json#hero_skill|hero_senna|R|暗影燎原:blocked,,,
hero_skill|hero_senna|W|无尽厮守,blocked_runtime,none,generic_runtime,hero_skill,hero_senna,W,无尽厮守,multi_target_or_area,,当前 League Wiki 模板已提供可核验数值合同；剩余为实现/runtime 缺口。,implementation_gap_no_unresolved_data_fields,,"{""sourceVersion"":""lol-wiki-rev-4009139"",""sourceRef"":""数据参考/lol-wiki-current-champions/normalized/generic/senna-w.json@rev4009139 sha256:48698aa2864b79564b1ea0ed624de8fc7123c3127c1e56deaa002d1aad3c8492"",""availableEffectTables"":{},""availableCooldowns"":[],""availableCosts"":{},""tooltipPlaceholders"":[],""unresolvedDamagePlaceholders"":[],""varsMapEmpty"":true,""variablesEmpty"":true,""variables"":[],""missingFields"":[],""gapKind"":""none"",""reasonZh"":""当前 League Wiki 模板已提供可核验数值合同；剩余为实现/runtime 缺口。"",""blocker"":""""}",implementation_gap_no_unresolved_data_fields,"{""sourceRef"":""最小验证/数据/build-unified-mechanism-inventory.mjs#synthesize:hero_skill|hero_senna|W|无尽厮守"",""dataStatus"":""complete"",""requiredEvents"":[],""requiredState"":[],""requiredFormulaInputs"":[],""requiredScheduling"":[],""missingPrimitives"":[""implementation_gap_no_unresolved_data_fields""],""remainingBoundary"":""按 mechanismTags/blocker 推导的 runtime 缺口：implementation_gap_no_unresolved_data_fields""}",,,最小验证/V2-Batch-G-adc-passive-audit.json#hero_skill|hero_senna|W|无尽厮守:out_of_scope_for_single_target_dps;最小验证/generic-g8-adc-passive-coverage-audit.json#hero_skill|hero_senna|W|无尽厮守:blocked,,,
hero_skill|hero_sivir|E|法术护盾,out_of_scope,none,generic_runtime,hero_skill,hero_sivir,E,法术护盾,survivability_only,,法术护盾：纯治疗/护盾/生存/免死，不增加对主目标输出；审计边界外。,,,,,,heal_shield_or_survivability,"{""sourceRef"":""数据参考/lol-wiki-current-champions/normalized/generic/sivir-e.json@rev3788826 sha256:e283e13b19eca7fc1b2d66c587fb251f8407d147f40a943e278bdb7315a14998"",""sourceTextSummary"":""制造一层法术屏障，来格挡一次对着希维尔施放的敌方单体技能。如果希维尔成功格挡了一次技能，那么就会回复生命值并获得爆发性的移动速度加成。 希维尔制造一层持续{{ spellshieldduration }}秒的法术屏障，来格挡一次即将到来的敌方技能。如果希维尔成功格挡了一次技能，那么就会回复{{ totalheal }}生命值并触发【敏锐疾行】。{{ spel"",""reviewedPrimaryTargetDamageBranch"":true,""boundaryCategory"":""pure_heal_shield_survival"",""excludedBehavior"":""heal_shield_or_survivability"",""boundaryReason"":""法术护盾：纯治疗/护盾/生存/免死，不增加对主目标输出；审计边界外。"",""damageRelevantSubBranchDisposition"":""no_primary_target_damage_branch""}",最小验证/V2-Batch-G-adc-passive-audit.json#hero_skill|hero_sivir|E|法术护盾:out_of_scope_for_single_target_dps;最小验证/generic-g8-adc-passive-coverage-audit.json#hero_skill|hero_sivir|E|法术护盾:out_of_scope,,,
hero_skill|hero_sivir|P|敏锐疾行,out_of_scope,none,generic_runtime,hero_skill,hero_sivir,P,敏锐疾行,movement_only,,敏锐疾行：纯移速/冲刺/位移，无主目标伤害增量；审计边界外。,,,,,,movement_speed_or_dash,"{""sourceRef"":""数据参考/lol-wiki-current-champions/normalized/generic/sivir-p.json@rev3985850 sha256:67e71ffb559bf8ad34434dbee65099aa5668fff2618d62127f57c95fff972847"",""sourceTextSummary"":""希维尔在攻击一名敌方英雄时，会短暂地获得移动速度提升。"",""reviewedPrimaryTargetDamageBranch"":true,""boundaryCategory"":""pure_movement_or_dash"",""excludedBehavior"":""movement_speed_or_dash"",""boundaryReason"":""敏锐疾行：纯移速/冲刺/位移，无主目标伤害增量；审计边界外。"",""damageRelevantSubBranchDisposition"":""no_primary_target_damage_branch""}",最小验证/V2-Batch-G-adc-passive-audit.json#hero_skill|hero_sivir|P|敏锐疾行:needs_manual_baseline;最小验证/generic-g8-adc-passive-coverage-audit.json#hero_skill|hero_sivir|P|敏锐疾行:out_of_scope,,,
hero_skill|hero_sivir|Q|回旋之刃,blocked_runtime,none,generic_runtime,hero_skill,hero_sivir,Q,回旋之刃,dps_relevant_manual_review,,当前 League Wiki 模板已提供可核验数值合同；剩余为实现/runtime 缺口。,implementation_gap_no_unresolved_data_fields,,"{""sourceVersion"":""lol-wiki-rev-4016378"",""sourceRef"":""数据参考/lol-wiki-current-champions/normalized/generic/sivir-q.json@rev4016378 sha256:0adcf3916b63e8b0ae6c2c7ad74d1796e3362a3a22682c58ef92aaccfae43e5e"",""availableEffectTables"":{},""availableCooldowns"":[],""availableCosts"":{},""tooltipPlaceholders"":[],""unresolvedDamagePlaceholders"":[],""varsMapEmpty"":true,""variablesEmpty"":true,""variables"":[],""missingFields"":[],""gapKind"":""none"",""reasonZh"":""当前 League Wiki 模板已提供可核验数值合同；剩余为实现/runtime 缺口。"",""blocker"":""""}",implementation_gap_no_unresolved_data_fields,"{""sourceRef"":""最小验证/数据/build-unified-mechanism-inventory.mjs#synthesize:hero_skill|hero_sivir|Q|回旋之刃"",""dataStatus"":""complete"",""requiredEvents"":[],""requiredState"":[],""requiredFormulaInputs"":[],""requiredScheduling"":[],""missingPrimitives"":[""implementation_gap_no_unresolved_data_fields""],""remainingBoundary"":""按 mechanismTags/blocker 推导的 runtime 缺口：implementation_gap_no_unresolved_data_fields""}",,,最小验证/V2-Batch-G-adc-passive-audit.json#hero_skill|hero_sivir|Q|回旋之刃:needs_manual_baseline;最小验证/generic-g8-adc-passive-coverage-audit.json#hero_skill|hero_sivir|Q|回旋之刃:blocked,,,
hero_skill|hero_sivir|R|狩猎,out_of_scope,none,generic_runtime,hero_skill,hero_sivir,R,狩猎,movement_cooldown_meta,,狩猎：纯移速/冲刺/位移，无主目标伤害增量；审计边界外。,,,,,,movement_speed_or_dash,"{""sourceRef"":""数据参考/lol-wiki-current-champions/normalized/generic/sivir-r.json@rev3936364 sha256:0c76b1e0773133a3183bedab98fa000fcee961703741062dbb15bfc50fb8811a"",""sourceTextSummary"":""希维尔在战斗中引领她的友军，为他们提供持续一段时间的爆发性移动速度加成。此外，希维尔的攻击会缩短她的技能的冷却时间。 希维尔在战斗中引领附近的友军，为他们提供持续{{ ultduration }}秒的{{ maxms*100 }}%移动速度。 在【狩猎】激活期间，希维尔对英雄进行的攻击会使她的基础技能的冷却时间缩短{{ attackcooldownrefun"",""reviewedPrimaryTargetDamageBranch"":true,""boundaryCategory"":""pure_movement_or_dash"",""excludedBehavior"":""movement_speed_or_dash"",""boundaryReason"":""狩猎：纯移速/冲刺/位移，无主目标伤害增量；审计边界外。"",""damageRelevantSubBranchDisposition"":""trigger_phrase_no_damage_amp""}",最小验证/V2-Batch-G-adc-passive-audit.json#hero_skill|hero_sivir|R|狩猎:out_of_scope_for_single_target_dps;最小验证/generic-g8-adc-passive-coverage-audit.json#hero_skill|hero_sivir|R|狩猎:out_of_scope,,,
hero_skill|hero_sivir|W|弹射,blocked_runtime,none,generic_runtime,hero_skill,hero_sivir,W,弹射,multi_target_or_area,,当前 League Wiki 模板已提供可核验数值合同；剩余为实现/runtime 缺口。,implementation_gap_no_unresolved_data_fields,,"{""sourceVersion"":""lol-wiki-rev-4008042"",""sourceRef"":""数据参考/lol-wiki-current-champions/normalized/generic/sivir-w.json@rev4008042 sha256:480018d996ad196644fa7dc4af55e1f3028fdfff64af71c5c9ebaf9ad9e63a29"",""availableEffectTables"":{},""availableCooldowns"":[],""availableCosts"":{},""tooltipPlaceholders"":[],""unresolvedDamagePlaceholders"":[],""varsMapEmpty"":true,""variablesEmpty"":true,""variables"":[],""missingFields"":[],""gapKind"":""none"",""reasonZh"":""当前 League Wiki 模板已提供可核验数值合同；剩余为实现/runtime 缺口。"",""blocker"":""""}",implementation_gap_no_unresolved_data_fields,"{""sourceRef"":""最小验证/数据/build-unified-mechanism-inventory.mjs#synthesize:hero_skill|hero_sivir|W|弹射"",""dataStatus"":""complete"",""requiredEvents"":[],""requiredState"":[],""requiredFormulaInputs"":[],""requiredScheduling"":[],""missingPrimitives"":[""implementation_gap_no_unresolved_data_fields""],""remainingBoundary"":""按 mechanismTags/blocker 推导的 runtime 缺口：implementation_gap_no_unresolved_data_fields""}",,,最小验证/V2-Batch-G-adc-passive-audit.json#hero_skill|hero_sivir|W|弹射:out_of_scope_for_single_target_dps;最小验证/generic-g8-adc-passive-coverage-audit.json#hero_skill|hero_sivir|W|弹射:blocked,,,
hero_skill|hero_smolder|E|扑棱，扑棱，扑棱！,blocked_runtime,none,generic_runtime,hero_skill,hero_smolder,E,扑棱，扑棱，扑棱！,dps_relevant_manual_review,,当前 League Wiki 模板已提供可核验数值合同；剩余为实现/runtime 缺口。,implementation_gap_no_unresolved_data_fields,,"{""sourceVersion"":""lol-wiki-rev-4025347"",""sourceRef"":""数据参考/lol-wiki-current-champions/normalized/generic/smolder-e.json@rev4025347 sha256:f93a0f829e25f668efae3b0345baa1959256b05410ab6cb2f76afedc0a67c744"",""availableEffectTables"":{},""availableCooldowns"":[],""availableCosts"":{},""tooltipPlaceholders"":[],""unresolvedDamagePlaceholders"":[],""varsMapEmpty"":true,""variablesEmpty"":true,""variables"":[],""missingFields"":[],""gapKind"":""none"",""reasonZh"":""当前 League Wiki 模板已提供可核验数值合同；剩余为实现/runtime 缺口。"",""blocker"":""""}",implementation_gap_no_unresolved_data_fields,"{""sourceRef"":""最小验证/数据/build-unified-mechanism-inventory.mjs#synthesize:hero_skill|hero_smolder|E|扑棱，扑棱，扑棱！"",""dataStatus"":""complete"",""requiredEvents"":[],""requiredState"":[],""requiredFormulaInputs"":[],""requiredScheduling"":[],""missingPrimitives"":[""implementation_gap_no_unresolved_data_fields""],""remainingBoundary"":""按 mechanismTags/blocker 推导的 runtime 缺口：implementation_gap_no_unresolved_data_fields""}",,,最小验证/V2-Batch-G-adc-passive-audit.json#hero_skill|hero_smolder|E|扑棱，扑棱，扑棱！:needs_manual_baseline;最小验证/generic-g8-adc-passive-coverage-audit.json#hero_skill|hero_smolder|E|扑棱，扑棱，扑棱！:blocked,,,
hero_skill|hero_smolder|P|龙之研习,blocked_runtime,none,generic_runtime,hero_skill,hero_smolder,P,龙之研习,dps_relevant_manual_review,,当前 League Wiki 模板已提供可核验数值合同；剩余为实现/runtime 缺口。,implementation_gap_no_unresolved_data_fields,,"{""sourceVersion"":""lol-wiki-rev-4025344"",""sourceRef"":""数据参考/lol-wiki-current-champions/normalized/generic/smolder-p.json@rev4025344 sha256:0df04e3ea2e32d28ad401d5ac2014e4468150f57c9628d06cd2e22c3f7a948f8"",""availableEffectTables"":{},""availableCooldowns"":[],""availableCosts"":{},""tooltipPlaceholders"":[],""unresolvedDamagePlaceholders"":[],""varsMapEmpty"":true,""variablesEmpty"":true,""variables"":[],""missingFields"":[],""gapKind"":""none"",""reasonZh"":""当前 League Wiki 模板已提供可核验数值合同；剩余为实现/runtime 缺口。"",""blocker"":""""}",implementation_gap_no_unresolved_data_fields,"{""sourceRef"":""最小验证/数据/build-unified-mechanism-inventory.mjs#synthesize:hero_skill|hero_smolder|P|龙之研习"",""dataStatus"":""complete"",""requiredEvents"":[],""requiredState"":[],""requiredFormulaInputs"":[],""requiredScheduling"":[],""missingPrimitives"":[""implementation_gap_no_unresolved_data_fields""],""remainingBoundary"":""按 mechanismTags/blocker 推导的 runtime 缺口：implementation_gap_no_unresolved_data_fields""}",,,最小验证/V2-Batch-G-adc-passive-audit.json#hero_skill|hero_smolder|P|龙之研习:needs_manual_baseline;最小验证/generic-g8-adc-passive-coverage-audit.json#hero_skill|hero_smolder|P|龙之研习:blocked,,,
hero_skill|hero_smolder|Q|超级灼热龙息,blocked_runtime,none,generic_runtime,hero_skill,hero_smolder,Q,超级灼热龙息,multi_target_or_area,,当前 League Wiki 模板已提供可核验数值合同；剩余为实现/runtime 缺口。,implementation_gap_no_unresolved_data_fields,,"{""sourceVersion"":""lol-wiki-rev-4030432"",""sourceRef"":""数据参考/lol-wiki-current-champions/normalized/generic/smolder-q.json@rev4030432 sha256:fa22270e67b597e72bd1eaccf4be98f23be1d5687165e6ef3184ca928199b877"",""availableEffectTables"":{},""availableCooldowns"":[],""availableCosts"":{},""tooltipPlaceholders"":[],""unresolvedDamagePlaceholders"":[],""varsMapEmpty"":true,""variablesEmpty"":true,""variables"":[],""missingFields"":[],""gapKind"":""none"",""reasonZh"":""当前 League Wiki 模板已提供可核验数值合同；剩余为实现/runtime 缺口。"",""blocker"":""""}",implementation_gap_no_unresolved_data_fields,"{""sourceRef"":""最小验证/数据/build-unified-mechanism-inventory.mjs#synthesize:hero_skill|hero_smolder|Q|超级灼热龙息"",""dataStatus"":""complete"",""requiredEvents"":[],""requiredState"":[],""requiredFormulaInputs"":[],""requiredScheduling"":[],""missingPrimitives"":[""implementation_gap_no_unresolved_data_fields""],""remainingBoundary"":""按 mechanismTags/blocker 推导的 runtime 缺口：implementation_gap_no_unresolved_data_fields""}",,,最小验证/V2-Batch-G-adc-passive-audit.json#hero_skill|hero_smolder|Q|超级灼热龙息:out_of_scope_for_single_target_dps;最小验证/generic-g8-adc-passive-coverage-audit.json#hero_skill|hero_smolder|Q|超级灼热龙息:blocked,,,
hero_skill|hero_smolder|R|妈----！,blocked_runtime,none,generic_runtime,hero_skill,hero_smolder,R,妈----！,multi_target_or_area,,当前 League Wiki 模板已提供可核验数值合同；剩余为实现/runtime 缺口。,implementation_gap_no_unresolved_data_fields,,"{""sourceVersion"":""lol-wiki-rev-4025343"",""sourceRef"":""数据参考/lol-wiki-current-champions/normalized/generic/smolder-r.json@rev4025343 sha256:d0fd211614ca3ea3d5b721423a99f5302454b7fd388fca2b9110a23d5490e771"",""availableEffectTables"":{},""availableCooldowns"":[],""availableCosts"":{},""tooltipPlaceholders"":[],""unresolvedDamagePlaceholders"":[],""varsMapEmpty"":true,""variablesEmpty"":true,""variables"":[],""missingFields"":[],""gapKind"":""none"",""reasonZh"":""当前 League Wiki 模板已提供可核验数值合同；剩余为实现/runtime 缺口。"",""blocker"":""""}",implementation_gap_no_unresolved_data_fields,"{""sourceRef"":""最小验证/数据/build-unified-mechanism-inventory.mjs#synthesize:hero_skill|hero_smolder|R|妈----！"",""dataStatus"":""complete"",""requiredEvents"":[],""requiredState"":[],""requiredFormulaInputs"":[],""requiredScheduling"":[],""missingPrimitives"":[""implementation_gap_no_unresolved_data_fields""],""remainingBoundary"":""按 mechanismTags/blocker 推导的 runtime 缺口：implementation_gap_no_unresolved_data_fields""}",,,最小验证/V2-Batch-G-adc-passive-audit.json#hero_skill|hero_smolder|R|妈----！:out_of_scope_for_single_target_dps;最小验证/generic-g8-adc-passive-coverage-audit.json#hero_skill|hero_smolder|R|妈----！:blocked,,,
hero_skill|hero_smolder|W|阿嚏！,blocked_runtime,none,generic_runtime,hero_skill,hero_smolder,W,阿嚏！,dps_relevant_manual_review,,当前 League Wiki 模板已提供可核验数值合同；剩余为实现/runtime 缺口。,implementation_gap_no_unresolved_data_fields,,"{""sourceVersion"":""lol-wiki-rev-4025346"",""sourceRef"":""数据参考/lol-wiki-current-champions/normalized/generic/smolder-w.json@rev4025346 sha256:554f5a0bea841a52945e39ecafaf8fd8e6460a49ed4f69196957f3d6c30b1744"",""availableEffectTables"":{},""availableCooldowns"":[],""availableCosts"":{},""tooltipPlaceholders"":[],""unresolvedDamagePlaceholders"":[],""varsMapEmpty"":true,""variablesEmpty"":true,""variables"":[],""missingFields"":[],""gapKind"":""none"",""reasonZh"":""当前 League Wiki 模板已提供可核验数值合同；剩余为实现/runtime 缺口。"",""blocker"":""""}",implementation_gap_no_unresolved_data_fields,"{""sourceRef"":""最小验证/数据/build-unified-mechanism-inventory.mjs#synthesize:hero_skill|hero_smolder|W|阿嚏！"",""dataStatus"":""complete"",""requiredEvents"":[],""requiredState"":[],""requiredFormulaInputs"":[],""requiredScheduling"":[],""missingPrimitives"":[""implementation_gap_no_unresolved_data_fields""],""remainingBoundary"":""按 mechanismTags/blocker 推导的 runtime 缺口：implementation_gap_no_unresolved_data_fields""}",,,最小验证/V2-Batch-G-adc-passive-audit.json#hero_skill|hero_smolder|W|阿嚏！:needs_manual_baseline;最小验证/generic-g8-adc-passive-coverage-audit.json#hero_skill|hero_smolder|W|阿嚏！:blocked,,,
hero_skill|hero_teemo|E|毒性射击,completed,full,generic_runtime,hero_skill,hero_teemo,E,毒性射击,flat_magic_damage|formula_on_hit|on_hit,instant_on_hit_only;poison_dot_out_of_batch,精确 candidate 已纳入 formula-onhit seed，并由 generic_completed_onhit_mechanisms_test.go（commit 3314c24）证明 Teemo E 即时 on-hit（DoT 非本批）。,,,,,,,,最小验证/V2-Batch-B-hero-passives.seed.json#skill_teemo_e_toxic_shot_dps_v2:seed_skill;最小验证/V2-Batch-G-adc-passive-audit.json#hero_skill|hero_teemo|E|毒性射击:already_covered;最小验证/generic-g8-adc-passive-coverage-audit.json#hero_skill|hero_teemo|E|毒性射击:migrated,wasm-generic-completed-onhit-mechanisms|wasm/tinygo_engine_v2/internal/runtime/generic_completed_onhit_mechanisms_test.go|wasm;wasm-generic-formula-onhit-batch|db/game_manage/seeds/lol_formula_on_hit_mechanisms_seed.sql|backend,skill_teemo_e_toxic_shot_dps_v2,
hero_skill|hero_teemo|P|游击队军备,completed,full,generic_runtime,hero_skill,hero_teemo,P,游击队军备,existing_batch_b_seed,,Teemo P Guerrilla Warfare：Wiki rev4010103 已给出 Element of Surprise 20–80% bonus AS / 5s；采用 fixed-enabled AS 假设分支——离隐触发 AS 计入 DPS，stealth/brush/movement 事件分支 out of assumed scope。,,,,,,,,最小验证/V2-Batch-B-hero-passives.seed.json#skill_teemo_p_guerrilla_warfare_attack_speed_dps_v2:seed_skill;最小验证/V2-Batch-G-adc-passive-audit.json#hero_skill|hero_teemo|P|游击队军备:already_covered;最小验证/generic-g8-adc-passive-coverage-audit.json#hero_skill|hero_teemo|P|游击队军备:blocked,,skill_teemo_p_guerrilla_warfare_attack_speed_dps_v2,
hero_skill|hero_teemo|Q|致盲吹箭,blocked_runtime,none,generic_runtime,hero_skill,hero_teemo,Q,致盲吹箭,meta_or_non_target_dps,,当前 League Wiki 模板已提供可核验数值合同；剩余为实现/runtime 缺口。,implementation_gap_no_unresolved_data_fields,,"{""sourceVersion"":""lol-wiki-rev-3948425"",""sourceRef"":""数据参考/lol-wiki-current-champions/normalized/generic/teemo-q.json@rev3948425 sha256:4e3c475ed55ec865f6a9060c8ad0b2665e5379b3ae7e9e5cb644f83212b240a7"",""availableEffectTables"":{},""availableCooldowns"":[],""availableCosts"":{},""tooltipPlaceholders"":[],""unresolvedDamagePlaceholders"":[],""varsMapEmpty"":true,""variablesEmpty"":true,""variables"":[],""missingFields"":[],""gapKind"":""none"",""reasonZh"":""当前 League Wiki 模板已提供可核验数值合同；剩余为实现/runtime 缺口。"",""blocker"":""""}",implementation_gap_no_unresolved_data_fields,"{""sourceRef"":""最小验证/数据/build-unified-mechanism-inventory.mjs#synthesize:hero_skill|hero_teemo|Q|致盲吹箭"",""dataStatus"":""complete"",""requiredEvents"":[],""requiredState"":[],""requiredFormulaInputs"":[],""requiredScheduling"":[],""missingPrimitives"":[""implementation_gap_no_unresolved_data_fields""],""remainingBoundary"":""按 mechanismTags/blocker 推导的 runtime 缺口：implementation_gap_no_unresolved_data_fields""}",,,最小验证/V2-Batch-G-adc-passive-audit.json#hero_skill|hero_teemo|Q|致盲吹箭:out_of_scope_for_single_target_dps;最小验证/generic-g8-adc-passive-coverage-audit.json#hero_skill|hero_teemo|Q|致盲吹箭:blocked,,,
hero_skill|hero_teemo|R|种蘑菇,blocked_runtime,none,generic_runtime,hero_skill,hero_teemo,R,种蘑菇,meta_or_non_target_dps,,当前 League Wiki 模板已提供可核验数值合同；剩余为实现/runtime 缺口。,implementation_gap_no_unresolved_data_fields,,"{""sourceVersion"":""lol-wiki-rev-4015245"",""sourceRef"":""数据参考/lol-wiki-current-champions/normalized/generic/teemo-r.json@rev4015245 sha256:e3ad342c267dfa3b2d0817cecbd7903eccdcac5fa35993fa6a2be45ca46bb548"",""availableEffectTables"":{},""availableCooldowns"":[],""availableCosts"":{},""tooltipPlaceholders"":[],""unresolvedDamagePlaceholders"":[],""varsMapEmpty"":true,""variablesEmpty"":true,""variables"":[],""missingFields"":[],""gapKind"":""none"",""reasonZh"":""当前 League Wiki 模板已提供可核验数值合同；剩余为实现/runtime 缺口。"",""blocker"":""""}",implementation_gap_no_unresolved_data_fields,"{""sourceRef"":""最小验证/数据/build-unified-mechanism-inventory.mjs#synthesize:hero_skill|hero_teemo|R|种蘑菇"",""dataStatus"":""complete"",""requiredEvents"":[],""requiredState"":[],""requiredFormulaInputs"":[],""requiredScheduling"":[],""missingPrimitives"":[""implementation_gap_no_unresolved_data_fields""],""remainingBoundary"":""按 mechanismTags/blocker 推导的 runtime 缺口：implementation_gap_no_unresolved_data_fields""}",,,最小验证/V2-Batch-G-adc-passive-audit.json#hero_skill|hero_teemo|R|种蘑菇:out_of_scope_for_single_target_dps;最小验证/generic-g8-adc-passive-coverage-audit.json#hero_skill|hero_teemo|R|种蘑菇:blocked,,,
hero_skill|hero_teemo|W|小莫快跑,out_of_scope,none,generic_runtime,hero_skill,hero_teemo,W,小莫快跑,movement_only,,小莫快跑：纯移速/冲刺/位移，无主目标伤害增量；审计边界外。,,,,,,movement_speed_or_dash,"{""sourceRef"":""数据参考/lol-wiki-current-champions/normalized/generic/teemo-w.json@rev4010102 sha256:f7535dae8216d9f31490ba06c55b72308364d450c32eee4b2e167422d3db23c7"",""sourceTextSummary"":""提莫动如脱兔，提升移动速度，直到被敌方英雄或防御塔击中为止。提莫可以通过冲刺来获得额外移动速度，且短时间内不会因被击中而使加速效果中止。 被动：提莫获得{{ passivemovespeedbonus*100 }}%移动速度，前提是在最近{{ passivecooldownondamagetaken }}秒内未受到来自敌方英雄或防御塔的伤害。 主动：提莫急速"",""reviewedPrimaryTargetDamageBranch"":true,""boundaryCategory"":""pure_movement_or_dash"",""excludedBehavior"":""movement_speed_or_dash"",""boundaryReason"":""小莫快跑：纯移速/冲刺/位移，无主目标伤害增量；审计边界外。"",""damageRelevantSubBranchDisposition"":""no_primary_target_damage_branch""}",最小验证/V2-Batch-G-adc-passive-audit.json#hero_skill|hero_teemo|W|小莫快跑:out_of_scope_for_single_target_dps;最小验证/generic-g8-adc-passive-coverage-audit.json#hero_skill|hero_teemo|W|小莫快跑:out_of_scope,,,
hero_skill|hero_tristana|E|爆炸火花,blocked_runtime,none,generic_runtime,hero_skill,hero_tristana,E,爆炸火花,meta_or_non_target_dps,,当前 League Wiki 模板已提供可核验数值合同；剩余为实现/runtime 缺口。,implementation_gap_no_unresolved_data_fields,,"{""sourceVersion"":""lol-wiki-rev-4008204"",""sourceRef"":""数据参考/lol-wiki-current-champions/normalized/generic/tristana-e.json@rev4008204 sha256:c66748f43bb67ed75c6174bd5ac48083fb3c93fea420d15619bd240cf12fdda7"",""availableEffectTables"":{},""availableCooldowns"":[],""availableCosts"":{},""tooltipPlaceholders"":[],""unresolvedDamagePlaceholders"":[],""varsMapEmpty"":true,""variablesEmpty"":true,""variables"":[],""missingFields"":[],""gapKind"":""none"",""reasonZh"":""当前 League Wiki 模板已提供可核验数值合同；剩余为实现/runtime 缺口。"",""blocker"":""""}",implementation_gap_no_unresolved_data_fields,"{""sourceRef"":""最小验证/数据/build-unified-mechanism-inventory.mjs#synthesize:hero_skill|hero_tristana|E|爆炸火花"",""dataStatus"":""complete"",""requiredEvents"":[],""requiredState"":[],""requiredFormulaInputs"":[],""requiredScheduling"":[],""missingPrimitives"":[""implementation_gap_no_unresolved_data_fields""],""remainingBoundary"":""按 mechanismTags/blocker 推导的 runtime 缺口：implementation_gap_no_unresolved_data_fields""}",,,最小验证/V2-Batch-G-adc-passive-audit.json#hero_skill|hero_tristana|E|爆炸火花:out_of_scope_for_single_target_dps;最小验证/generic-g8-adc-passive-coverage-audit.json#hero_skill|hero_tristana|E|爆炸火花:blocked,,,
hero_skill|hero_tristana|P|瞄准,out_of_scope,none,generic_runtime,hero_skill,hero_tristana,P,瞄准,no_single_target_dps_effect,,瞄准：静态属性或仅主动效果，不构成被动主目标伤害分支；审计边界外。,,,,,,static_stats_or_active_only,"{""sourceRef"":""数据参考/lol-wiki-current-champions/normalized/generic/tristana-p.json@rev3986179 sha256:079ae9429bb49e84fc8ad0fecd70d7b328bdc6f9995440feeeef2167e218595d"",""sourceTextSummary"":""崔丝塔娜的射程随等级提升。"",""reviewedPrimaryTargetDamageBranch"":true,""boundaryCategory"":""stat_or_active_only"",""excludedBehavior"":""static_stats_or_active_only"",""boundaryReason"":""瞄准：静态属性或仅主动效果，不构成被动主目标伤害分支；审计边界外。"",""damageRelevantSubBranchDisposition"":""no_primary_target_damage_branch""}",最小验证/V2-Batch-G-adc-passive-audit.json#hero_skill|hero_tristana|P|瞄准:out_of_scope_for_single_target_dps;最小验证/generic-g8-adc-passive-coverage-audit.json#hero_skill|hero_tristana|P|瞄准:out_of_scope,,,
hero_skill|hero_tristana|Q|急速射击,blocked_runtime,none,generic_runtime,hero_skill,hero_tristana,Q,急速射击,dps_relevant_manual_review,,当前 League Wiki 模板已提供可核验数值合同；剩余为实现/runtime 缺口。,implementation_gap_no_unresolved_data_fields,,"{""sourceVersion"":""lol-wiki-rev-4026462"",""sourceRef"":""数据参考/lol-wiki-current-champions/normalized/generic/tristana-q.json@rev4026462 sha256:f6465863035c4634510ecc96e9ee04f4a998d150871d88e498e6636e27a9d4da"",""availableEffectTables"":{},""availableCooldowns"":[],""availableCosts"":{},""tooltipPlaceholders"":[],""unresolvedDamagePlaceholders"":[],""varsMapEmpty"":true,""variablesEmpty"":true,""variables"":[],""missingFields"":[],""gapKind"":""none"",""reasonZh"":""当前 League Wiki 模板已提供可核验数值合同；剩余为实现/runtime 缺口。"",""blocker"":""""}",implementation_gap_no_unresolved_data_fields,"{""sourceRef"":""最小验证/数据/build-unified-mechanism-inventory.mjs#synthesize:hero_skill|hero_tristana|Q|急速射击"",""dataStatus"":""complete"",""requiredEvents"":[],""requiredState"":[],""requiredFormulaInputs"":[],""requiredScheduling"":[],""missingPrimitives"":[""implementation_gap_no_unresolved_data_fields""],""remainingBoundary"":""按 mechanismTags/blocker 推导的 runtime 缺口：implementation_gap_no_unresolved_data_fields""}",,,最小验证/V2-Batch-G-adc-passive-audit.json#hero_skill|hero_tristana|Q|急速射击:needs_manual_baseline;最小验证/generic-g8-adc-passive-coverage-audit.json#hero_skill|hero_tristana|Q|急速射击:blocked,,,
hero_skill|hero_tristana|R|毁灭射击,blocked_runtime,none,generic_runtime,hero_skill,hero_tristana,R,毁灭射击,multi_target_or_area,,当前 League Wiki 模板已提供可核验数值合同；剩余为实现/runtime 缺口。,implementation_gap_no_unresolved_data_fields,,"{""sourceVersion"":""lol-wiki-rev-4008205"",""sourceRef"":""数据参考/lol-wiki-current-champions/normalized/generic/tristana-r.json@rev4008205 sha256:2dff322949f442acc00a7074458fd5ed9bc542d6fd143b818a9a7151e117c058"",""availableEffectTables"":{},""availableCooldowns"":[],""availableCosts"":{},""tooltipPlaceholders"":[],""unresolvedDamagePlaceholders"":[],""varsMapEmpty"":true,""variablesEmpty"":true,""variables"":[],""missingFields"":[],""gapKind"":""none"",""reasonZh"":""当前 League Wiki 模板已提供可核验数值合同；剩余为实现/runtime 缺口。"",""blocker"":""""}",implementation_gap_no_unresolved_data_fields,"{""sourceRef"":""最小验证/数据/build-unified-mechanism-inventory.mjs#synthesize:hero_skill|hero_tristana|R|毁灭射击"",""dataStatus"":""complete"",""requiredEvents"":[],""requiredState"":[],""requiredFormulaInputs"":[],""requiredScheduling"":[],""missingPrimitives"":[""implementation_gap_no_unresolved_data_fields""],""remainingBoundary"":""按 mechanismTags/blocker 推导的 runtime 缺口：implementation_gap_no_unresolved_data_fields""}",,,最小验证/V2-Batch-G-adc-passive-audit.json#hero_skill|hero_tristana|R|毁灭射击:out_of_scope_for_single_target_dps;最小验证/generic-g8-adc-passive-coverage-audit.json#hero_skill|hero_tristana|R|毁灭射击:blocked,,,
hero_skill|hero_tristana|W|火箭跳跃,blocked_runtime,none,generic_runtime,hero_skill,hero_tristana,W,火箭跳跃,multi_target_or_area,,当前 League Wiki 模板已提供可核验数值合同；剩余为实现/runtime 缺口。,implementation_gap_no_unresolved_data_fields,,"{""sourceVersion"":""lol-wiki-rev-4007758"",""sourceRef"":""数据参考/lol-wiki-current-champions/normalized/generic/tristana-w.json@rev4007758 sha256:cf0e3ae91310ab5e7cc04408941671520e3464f75bc61da683b100ea82e56eec"",""availableEffectTables"":{},""availableCooldowns"":[],""availableCosts"":{},""tooltipPlaceholders"":[],""unresolvedDamagePlaceholders"":[],""varsMapEmpty"":true,""variablesEmpty"":true,""variables"":[],""missingFields"":[],""gapKind"":""none"",""reasonZh"":""当前 League Wiki 模板已提供可核验数值合同；剩余为实现/runtime 缺口。"",""blocker"":""""}",implementation_gap_no_unresolved_data_fields,"{""sourceRef"":""最小验证/数据/build-unified-mechanism-inventory.mjs#synthesize:hero_skill|hero_tristana|W|火箭跳跃"",""dataStatus"":""complete"",""requiredEvents"":[],""requiredState"":[],""requiredFormulaInputs"":[],""requiredScheduling"":[],""missingPrimitives"":[""implementation_gap_no_unresolved_data_fields""],""remainingBoundary"":""按 mechanismTags/blocker 推导的 runtime 缺口：implementation_gap_no_unresolved_data_fields""}",,,最小验证/V2-Batch-G-adc-passive-audit.json#hero_skill|hero_tristana|W|火箭跳跃:out_of_scope_for_single_target_dps;最小验证/generic-g8-adc-passive-coverage-audit.json#hero_skill|hero_tristana|W|火箭跳跃:blocked,,,
hero_skill|hero_twistedfate|E|卡牌骗术,completed,full,generic_runtime,hero_skill,hero_twistedfate,E,卡牌骗术,attack_speed_percent_add|bonus_ad_ap_ratio|every_n_hit|flat_magic_damage,,hero_twistedfate E 卡牌骗术/Stacked Deck 已由 wasm-generic-twisted-fate-stacked-deck 批次闭环：仅 rank5；常驻 attack_speed percent_add 0.50；每第4次 source-owner basic_attack_hit 追加 magic raw=165+0.20*(resolved AD-base AD)+0.40*resolved AP；copyable_on_hit=false；MR 走当前 pipeline。,,,,,,,,最小验证/V2-Batch-B-hero-passives.seed.json#skill_twistedfate_e_stacked_deck_dps_v2:seed_skill;最小验证/V2-Batch-G-adc-passive-audit.json#hero_skill|hero_twistedfate|E|卡牌骗术:already_covered;最小验证/generic-g8-adc-passive-coverage-audit.json#hero_skill|hero_twistedfate|E|卡牌骗术:migrated,wasm-generic-twisted-fate-stacked-deck|db/game_manage/seeds/lol_generic_twisted_fate_stacked_deck_seed.sql|backend;wasm-generic-twisted-fate-stacked-deck|wasm/tinygo_engine_v2/internal/runtime/generic_twisted_fate_stacked_deck_test.go|wasm,skill_twistedfate_e_stacked_deck_dps_v2,
hero_skill|hero_twistedfate|P|灌铅骰子,out_of_scope,none,generic_runtime,hero_skill,hero_twistedfate,P,灌铅骰子,no_single_target_dps_effect,,灌铅骰子：击杀/经济收益发生在当前唯一主目标死亡之后，encounter 已结束；审计边界外。,,,,,,economy_gold,"{""sourceRef"":""数据参考/lol-wiki-current-champions/normalized/generic/twistedfate-p.json@rev4005221 sha256:648891b415595163d1ee7fe1c99e0ca0879ed52d08b4d05aaeaaa82d2d7ed6ef"",""sourceTextSummary"":""在击杀了一名单位后，崔斯特会投掷他的“幸运”骰，随机获得1到6的额外赏金。"",""reviewedPrimaryTargetDamageBranch"":true,""boundaryCategory"":""economy_or_post_takedown"",""excludedBehavior"":""economy_gold"",""boundaryReason"":""灌铅骰子：击杀/经济收益发生在当前唯一主目标死亡之后，encounter 已结束；审计边界外。"",""damageRelevantSubBranchDisposition"":""post_kill_next_encounter_only""}",最小验证/V2-Batch-G-adc-passive-audit.json#hero_skill|hero_twistedfate|P|灌铅骰子:out_of_scope_for_single_target_dps;最小验证/generic-g8-adc-passive-coverage-audit.json#hero_skill|hero_twistedfate|P|灌铅骰子:out_of_scope,,,
hero_skill|hero_twistedfate|Q|万能牌,blocked_runtime,none,generic_runtime,hero_skill,hero_twistedfate,Q,万能牌,dps_relevant_manual_review,,当前 League Wiki 模板已提供可核验数值合同；剩余为实现/runtime 缺口。,implementation_gap_no_unresolved_data_fields,,"{""sourceVersion"":""lol-wiki-rev-3950864"",""sourceRef"":""数据参考/lol-wiki-current-champions/normalized/generic/twistedfate-q.json@rev3950864 sha256:9cdd62cc18d41a4bbe1e42ac8202b40a776f7da51c67c6f2fea37f9ed1f0d597"",""availableEffectTables"":{},""availableCooldowns"":[],""availableCosts"":{},""tooltipPlaceholders"":[],""unresolvedDamagePlaceholders"":[],""varsMapEmpty"":true,""variablesEmpty"":true,""variables"":[],""missingFields"":[],""gapKind"":""none"",""reasonZh"":""当前 League Wiki 模板已提供可核验数值合同；剩余为实现/runtime 缺口。"",""blocker"":""""}",implementation_gap_no_unresolved_data_fields,"{""sourceRef"":""最小验证/数据/build-unified-mechanism-inventory.mjs#synthesize:hero_skill|hero_twistedfate|Q|万能牌"",""dataStatus"":""complete"",""requiredEvents"":[],""requiredState"":[],""requiredFormulaInputs"":[],""requiredScheduling"":[],""missingPrimitives"":[""implementation_gap_no_unresolved_data_fields""],""remainingBoundary"":""按 mechanismTags/blocker 推导的 runtime 缺口：implementation_gap_no_unresolved_data_fields""}",,,最小验证/V2-Batch-G-adc-passive-audit.json#hero_skill|hero_twistedfate|Q|万能牌:needs_manual_baseline;最小验证/generic-g8-adc-passive-coverage-audit.json#hero_skill|hero_twistedfate|Q|万能牌:blocked,,,
hero_skill|hero_twistedfate|R|命运,out_of_scope,none,generic_runtime,hero_skill,hero_twistedfate,R,命运,meta_or_non_target_dps,,命运：纯视野/显形/守卫侦察，不含伤害；审计边界外。,,,,,,ward_vision_or_trap_reveal,"{""sourceRef"":""数据参考/lol-wiki-current-champions/normalized/generic/twistedfate-r.json@rev4017975 sha256:afc397445e334baa35fe369ff56fac0d1792306eda5234d0e39e1fbfde485a06"",""sourceTextSummary"":""崔斯特为他的敌人算卜命运，短时间内显示所有敌方英雄的位置，并可使用传送，让他在引导1.5秒后传送至目标位置。 崔斯特专注于他的卡牌，提供地图上所有敌方英雄的真实视野，持续{{ e1 }}秒，并允许他再次施放。 再次施放：崔斯特传送到{{ e4 }}码以内的任何地方。{{ spellmodifierdescriptionappend }}"",""reviewedPrimaryTargetDamageBranch"":true,""boundaryCategory"":""pure_vision"",""excludedBehavior"":""ward_vision_or_trap_reveal"",""boundaryReason"":""命运：纯视野/显形/守卫侦察，不含伤害；审计边界外。"",""damageRelevantSubBranchDisposition"":""no_primary_target_damage_branch""}",最小验证/V2-Batch-G-adc-passive-audit.json#hero_skill|hero_twistedfate|R|命运:out_of_scope_for_single_target_dps;最小验证/generic-g8-adc-passive-coverage-audit.json#hero_skill|hero_twistedfate|R|命运:out_of_scope,,,
hero_skill|hero_twistedfate|W|选牌,blocked_runtime,none,generic_runtime,hero_skill,hero_twistedfate,W,选牌,meta_or_non_target_dps,,当前 League Wiki 模板已提供可核验数值合同；剩余为实现/runtime 缺口。,implementation_gap_no_unresolved_data_fields,,"{""sourceVersion"":""lol-wiki-rev-4004668"",""sourceRef"":""数据参考/lol-wiki-current-champions/normalized/generic/twistedfate-w.json@rev4004668 sha256:f7e801c87dbe09721db968911de5944757184e06cc0b661e6659bbe08f6e26aa"",""availableEffectTables"":{},""availableCooldowns"":[],""availableCosts"":{},""tooltipPlaceholders"":[],""unresolvedDamagePlaceholders"":[],""varsMapEmpty"":true,""variablesEmpty"":true,""variables"":[],""missingFields"":[],""gapKind"":""none"",""reasonZh"":""当前 League Wiki 模板已提供可核验数值合同；剩余为实现/runtime 缺口。"",""blocker"":""""}",implementation_gap_no_unresolved_data_fields,"{""sourceRef"":""最小验证/数据/build-unified-mechanism-inventory.mjs#synthesize:hero_skill|hero_twistedfate|W|选牌"",""dataStatus"":""complete"",""requiredEvents"":[],""requiredState"":[],""requiredFormulaInputs"":[],""requiredScheduling"":[],""missingPrimitives"":[""implementation_gap_no_unresolved_data_fields""],""remainingBoundary"":""按 mechanismTags/blocker 推导的 runtime 缺口：implementation_gap_no_unresolved_data_fields""}",,,最小验证/V2-Batch-G-adc-passive-audit.json#hero_skill|hero_twistedfate|W|选牌:out_of_scope_for_single_target_dps;最小验证/generic-g8-adc-passive-coverage-audit.json#hero_skill|hero_twistedfate|W|选牌:blocked,,,
hero_skill|hero_twitch|E|毒性爆发,blocked_runtime,none,generic_runtime,hero_skill,hero_twitch,E,毒性爆发,multi_target_or_area,,当前 League Wiki 模板已提供可核验数值合同；剩余为实现/runtime 缺口。,implementation_gap_no_unresolved_data_fields,,"{""sourceVersion"":""lol-wiki-rev-3907215"",""sourceRef"":""数据参考/lol-wiki-current-champions/normalized/generic/twitch-e.json@rev3907215 sha256:f9daa9e2c0474c33360215062ef79244f1606198bc3b771b7e8e5aa58bedf37c"",""availableEffectTables"":{},""availableCooldowns"":[],""availableCosts"":{},""tooltipPlaceholders"":[],""unresolvedDamagePlaceholders"":[],""varsMapEmpty"":true,""variablesEmpty"":true,""variables"":[],""missingFields"":[],""gapKind"":""none"",""reasonZh"":""当前 League Wiki 模板已提供可核验数值合同；剩余为实现/runtime 缺口。"",""blocker"":""""}",implementation_gap_no_unresolved_data_fields,"{""sourceRef"":""最小验证/数据/build-unified-mechanism-inventory.mjs#synthesize:hero_skill|hero_twitch|E|毒性爆发"",""dataStatus"":""complete"",""requiredEvents"":[],""requiredState"":[],""requiredFormulaInputs"":[],""requiredScheduling"":[],""missingPrimitives"":[""implementation_gap_no_unresolved_data_fields""],""remainingBoundary"":""按 mechanismTags/blocker 推导的 runtime 缺口：implementation_gap_no_unresolved_data_fields""}",,,最小验证/V2-Batch-G-adc-passive-audit.json#hero_skill|hero_twitch|E|毒性爆发:out_of_scope_for_single_target_dps;最小验证/generic-g8-adc-passive-coverage-audit.json#hero_skill|hero_twitch|E|毒性爆发:blocked,,,
hero_skill|hero_twitch|P|死亡毒液,blocked_runtime,none,generic_runtime,hero_skill,hero_twitch,P,死亡毒液,existing_batch_b_seed,,Twitch P Deadly Venom：Wiki rev4013286（SHA256 1567c0efec7f9e9021f6dc02410f92262dfa30128acc457c531199dbc9121b44）已给出 per-stack per-tick true damage 与 AP 缩放；非 blocked_data。缺 poison DoT/stack runtime 原语。,missing_poison_dot_stack_runtime,,,missing_poison_dot_stack_runtime,"{""sourceRef"":""最小验证/数据/build-unified-mechanism-inventory.mjs#synthesize:hero_skill|hero_twitch|P|死亡毒液"",""dataStatus"":""complete"",""requiredEvents"":[],""requiredState"":[],""requiredFormulaInputs"":[],""requiredScheduling"":[],""missingPrimitives"":[""missing_poison_dot_stack_runtime""],""remainingBoundary"":""按 mechanismTags/blocker 推导的 runtime 缺口：missing_poison_dot_stack_runtime""}",,,最小验证/V2-Batch-B-hero-passives.seed.json#skill_twitch_p_deadly_venom_dps_v2:seed_skill;最小验证/V2-Batch-G-adc-passive-audit.json#hero_skill|hero_twitch|P|死亡毒液:already_covered;最小验证/generic-g8-adc-passive-coverage-audit.json#hero_skill|hero_twitch|P|死亡毒液:blocked,,skill_twitch_p_deadly_venom_dps_v2,
hero_skill|hero_twitch|Q|埋伏,completed,full,generic_runtime,hero_skill,hero_twitch,Q,埋伏,existing_batch_b_seed,,Twitch Q Ambush：Wiki rev3982645 已给出 rank 40–60% bonus AS / 6s；采用 fixed-enabled AS 假设分支——离隐触发 AS 计入 DPS，stealth/movement/kill CD reset 事件分支 out of assumed scope。,,,,,,,,最小验证/V2-Batch-B-hero-passives.seed.json#skill_twitch_q_ambush_attack_speed_dps_v2:seed_skill;最小验证/V2-Batch-G-adc-passive-audit.json#hero_skill|hero_twitch|Q|埋伏:already_covered;最小验证/generic-g8-adc-passive-coverage-audit.json#hero_skill|hero_twitch|Q|埋伏:blocked,,skill_twitch_q_ambush_attack_speed_dps_v2,
hero_skill|hero_twitch|R|火力全开,blocked_runtime,none,generic_runtime,hero_skill,hero_twitch,R,火力全开,distance_or_ratio_modifier,,distance_based_damage_modifier / damage_multiplier_or_health_ratio 无精确 migrated/partial 证据。,distance_or_ratio_input,,"{""sourceVersion"":""lol-wiki-rev-3993607"",""sourceRef"":""数据参考/lol-wiki-current-champions/normalized/generic/twitch-r.json@rev3993607 sha256:feb40917d12acfbe759ee89441aba5dd22c0257bc0fc2b662e494c3a79afea79"",""availableEffectTables"":{},""availableCooldowns"":[],""availableCosts"":{},""tooltipPlaceholders"":[],""unresolvedDamagePlaceholders"":[],""varsMapEmpty"":true,""variablesEmpty"":true,""variables"":[],""missingFields"":[],""gapKind"":""none"",""reasonZh"":""当前 League Wiki 模板已提供可核验数值合同；剩余为实现/runtime 缺口。"",""blocker"":""""}",distance_or_ratio_input,"{""sourceRef"":""最小验证/数据/build-unified-mechanism-inventory.mjs#synthesize:hero_skill|hero_twitch|R|火力全开"",""dataStatus"":""complete"",""requiredEvents"":[],""requiredState"":[],""requiredFormulaInputs"":[""distance_or_ratio""],""requiredScheduling"":[],""missingPrimitives"":[""distance_or_ratio_input""],""remainingBoundary"":""按 mechanismTags/blocker 推导的 runtime 缺口：distance_or_ratio_input""}",,,最小验证/V2-Batch-G-adc-passive-audit.json#hero_skill|hero_twitch|R|火力全开:needs_runtime_extension;最小验证/generic-g8-adc-passive-coverage-audit.json#hero_skill|hero_twitch|R|火力全开:blocked,,,
hero_skill|hero_twitch|W|剧毒之桶,out_of_scope,none,generic_runtime,hero_skill,hero_twitch,W,剧毒之桶,control_only,,剧毒之桶：纯控制/减速/重伤，无主目标伤害增量；审计边界外。,,,,,,crowd_control_or_slow,"{""sourceRef"":""数据参考/lol-wiki-current-champions/normalized/generic/twitch-w.json@rev4012250 sha256:acb1edf3d7f34aba53c08696487e75be11a3197ea2a360b0047cb7c28365c807"",""sourceTextSummary"":""图奇扔出一个毒性之桶来引爆一个区域，对区域内的敌人造成减速效果，并对他们施加死亡毒液效果。 图奇扔出一个毒性之桶来添加一层死亡毒液给所有被桶砸中的敌人，并留下一团毒雾，存留{{ duration }}秒。 一直呆在毒雾中的敌人会被减速{{ totalslowamount }}%并且会每秒受到额外的一层死亡毒液。{{ spellmodifierdescript"",""reviewedPrimaryTargetDamageBranch"":true,""boundaryCategory"":""pure_control_or_debuff"",""excludedBehavior"":""crowd_control_or_slow"",""boundaryReason"":""剧毒之桶：纯控制/减速/重伤，无主目标伤害增量；审计边界外。"",""damageRelevantSubBranchDisposition"":""no_primary_target_damage_branch""}",最小验证/V2-Batch-G-adc-passive-audit.json#hero_skill|hero_twitch|W|剧毒之桶:out_of_scope_for_single_target_dps;最小验证/generic-g8-adc-passive-coverage-audit.json#hero_skill|hero_twitch|W|剧毒之桶:out_of_scope,,,
hero_skill|hero_varus|E|恶灵箭雨,blocked_runtime,none,generic_runtime,hero_skill,hero_varus,E,恶灵箭雨,survivability_only,,当前 League Wiki 模板已提供可核验数值合同；剩余为实现/runtime 缺口。,implementation_gap_no_unresolved_data_fields,,"{""sourceVersion"":""lol-wiki-rev-3969402"",""sourceRef"":""数据参考/lol-wiki-current-champions/normalized/generic/varus-e.json@rev3969402 sha256:7b4be71bcc26ba933dff0235882d272c14e406abbf505290018ba15a5ba658e9"",""availableEffectTables"":{},""availableCooldowns"":[],""availableCosts"":{},""tooltipPlaceholders"":[],""unresolvedDamagePlaceholders"":[],""varsMapEmpty"":true,""variablesEmpty"":true,""variables"":[],""missingFields"":[],""gapKind"":""none"",""reasonZh"":""当前 League Wiki 模板已提供可核验数值合同；剩余为实现/runtime 缺口。"",""blocker"":""""}",implementation_gap_no_unresolved_data_fields,"{""sourceRef"":""最小验证/数据/build-unified-mechanism-inventory.mjs#synthesize:hero_skill|hero_varus|E|恶灵箭雨"",""dataStatus"":""complete"",""requiredEvents"":[],""requiredState"":[],""requiredFormulaInputs"":[],""requiredScheduling"":[],""missingPrimitives"":[""implementation_gap_no_unresolved_data_fields""],""remainingBoundary"":""按 mechanismTags/blocker 推导的 runtime 缺口：implementation_gap_no_unresolved_data_fields""}",,,最小验证/V2-Batch-G-adc-passive-audit.json#hero_skill|hero_varus|E|恶灵箭雨:out_of_scope_for_single_target_dps;最小验证/generic-g8-adc-passive-coverage-audit.json#hero_skill|hero_varus|E|恶灵箭雨:blocked,,,
hero_skill|hero_varus|P|复仇之欲,completed,full,generic_runtime,hero_skill,hero_varus,P,复仇之欲,existing_batch_b_seed,minion_kill_branch|champion_takedown_branch;both_blocked_runtime,Varus P Living Vengeance：Wiki rev4026465 已给出 kill/takedown AS 与 bonus AD/AP 公式；采用 fixed-enabled AS 假设分支——标准 kill AS 计入 DPS，minion kill/champion takedown 事件分支 out of assumed scope。,,,,,,,,最小验证/V2-Batch-B-hero-passives.seed.json#skill_varus_p_revenge_champion_takedown_attack_speed_dps_v2:seed_skill;最小验证/V2-Batch-B-hero-passives.seed.json#skill_varus_p_revenge_minion_kill_attack_speed_dps_v2:seed_skill;最小验证/V2-Batch-G-adc-passive-audit.json#hero_skill|hero_varus|P|复仇之欲:already_covered;最小验证/generic-g8-adc-passive-coverage-audit.json#hero_skill|hero_varus|P|复仇之欲:blocked,,skill_varus_p_revenge_champion_takedown_attack_speed_dps_v2|skill_varus_p_revenge_minion_kill_attack_speed_dps_v2,
hero_skill|hero_varus|Q|穿刺之箭,blocked_runtime,none,generic_runtime,hero_skill,hero_varus,Q,穿刺之箭,cooldown_or_haste_without_rotation,,旧 out_of_scope 但 sourceText 含伤害/攻击/每N次等主目标相关语义；复合伤害分支不得整条 out_of_scope，且无精确 seed。,cooldown_or_haste_rotation,,"{""sourceVersion"":""lol-wiki-rev-4026469"",""sourceRef"":""数据参考/lol-wiki-current-champions/normalized/generic/varus-q.json@rev4026469 sha256:bdbbe064008b969e153800f7d5cdb305f84eca1ef043d8e6f8ce41c5db2659dd"",""availableEffectTables"":{},""availableCooldowns"":[],""availableCosts"":{},""tooltipPlaceholders"":[],""unresolvedDamagePlaceholders"":[],""varsMapEmpty"":true,""variablesEmpty"":true,""variables"":[],""missingFields"":[],""gapKind"":""none"",""reasonZh"":""当前 League Wiki 模板已提供可核验数值合同；剩余为实现/runtime 缺口。"",""blocker"":""""}",cooldown_or_haste_rotation,"{""sourceRef"":""最小验证/数据/build-unified-mechanism-inventory.mjs#synthesize:hero_skill|hero_varus|Q|穿刺之箭"",""dataStatus"":""complete"",""requiredEvents"":[],""requiredState"":[],""requiredFormulaInputs"":[],""requiredScheduling"":[""cooldown_or_haste_without_rotation""],""missingPrimitives"":[""cooldown_or_haste_rotation""],""remainingBoundary"":""按 mechanismTags/blocker 推导的 runtime 缺口：cooldown_or_haste_rotation""}",,,最小验证/V2-Batch-G-adc-passive-audit.json#hero_skill|hero_varus|Q|穿刺之箭:out_of_scope_for_single_target_dps;最小验证/generic-g8-adc-passive-coverage-audit.json#hero_skill|hero_varus|Q|穿刺之箭:blocked,,,
hero_skill|hero_varus|R|腐败锁链,blocked_runtime,none,generic_runtime,hero_skill,hero_varus,R,腐败锁链,multi_target_or_area,,当前 League Wiki 模板已提供可核验数值合同；剩余为实现/runtime 缺口。,implementation_gap_no_unresolved_data_fields,,"{""sourceVersion"":""lol-wiki-rev-4008213"",""sourceRef"":""数据参考/lol-wiki-current-champions/normalized/generic/varus-r.json@rev4008213 sha256:62b397cc7133a767427e00a1a5b435fcb3fd94b4ec5021be4a7869837683e4ed"",""availableEffectTables"":{},""availableCooldowns"":[],""availableCosts"":{},""tooltipPlaceholders"":[],""unresolvedDamagePlaceholders"":[],""varsMapEmpty"":true,""variablesEmpty"":true,""variables"":[],""missingFields"":[],""gapKind"":""none"",""reasonZh"":""当前 League Wiki 模板已提供可核验数值合同；剩余为实现/runtime 缺口。"",""blocker"":""""}",implementation_gap_no_unresolved_data_fields,"{""sourceRef"":""最小验证/数据/build-unified-mechanism-inventory.mjs#synthesize:hero_skill|hero_varus|R|腐败锁链"",""dataStatus"":""complete"",""requiredEvents"":[],""requiredState"":[],""requiredFormulaInputs"":[],""requiredScheduling"":[],""missingPrimitives"":[""implementation_gap_no_unresolved_data_fields""],""remainingBoundary"":""按 mechanismTags/blocker 推导的 runtime 缺口：implementation_gap_no_unresolved_data_fields""}",,,最小验证/V2-Batch-G-adc-passive-audit.json#hero_skill|hero_varus|R|腐败锁链:out_of_scope_for_single_target_dps;最小验证/generic-g8-adc-passive-coverage-audit.json#hero_skill|hero_varus|R|腐败锁链:blocked,,,
hero_skill|hero_varus|W|枯萎箭袋,blocked_runtime,none,generic_runtime,hero_skill,hero_varus,W,枯萎箭袋,existing_batch_b_seed,,Varus W Blighted Quiver：Wiki rev4026472（SHA256 16307174c4039d8ce71e639396328b2473f4a7e16247a7b2f8a183599b0901d2）已给出 on-hit magic、blight consume 与 active missing-HP 分支公式；非 blocked_data。缺 blight stack/consume 与 active cast runtime。,missing_blight_stack_consume_and_active_cast_runtime,,,missing_blight_stack_consume_and_active_cast_runtime,"{""sourceRef"":""最小验证/数据/build-unified-mechanism-inventory.mjs#synthesize:hero_skill|hero_varus|W|枯萎箭袋"",""dataStatus"":""complete"",""requiredEvents"":[],""requiredState"":[],""requiredFormulaInputs"":[],""requiredScheduling"":[],""missingPrimitives"":[""missing_blight_stack_consume_and_active_cast_runtime""],""remainingBoundary"":""按 mechanismTags/blocker 推导的 runtime 缺口：missing_blight_stack_consume_and_active_cast_runtime""}",,,最小验证/V2-Batch-B-hero-passives.seed.json#skill_varus_w_blighted_quiver_dps_v2:seed_skill;最小验证/V2-Batch-G-adc-passive-audit.json#hero_skill|hero_varus|W|枯萎箭袋:already_covered;最小验证/generic-g8-adc-passive-coverage-audit.json#hero_skill|hero_varus|W|枯萎箭袋:blocked,,skill_varus_w_blighted_quiver_dps_v2,
hero_skill|hero_vayne|E|恶魔审判,blocked_runtime,none,generic_runtime,hero_skill,hero_vayne,E,恶魔审判,dps_relevant_manual_review,,当前 League Wiki 模板已提供可核验数值合同；剩余为实现/runtime 缺口。,implementation_gap_no_unresolved_data_fields,,"{""sourceVersion"":""lol-wiki-rev-4008541"",""sourceRef"":""数据参考/lol-wiki-current-champions/normalized/generic/vayne-e.json@rev4008541 sha256:f2b2ba17b90ff5096a9a154f8d1fd4cc43ed3e1be4ebb502cb644acf17712c37"",""availableEffectTables"":{},""availableCooldowns"":[],""availableCosts"":{},""tooltipPlaceholders"":[],""unresolvedDamagePlaceholders"":[],""varsMapEmpty"":true,""variablesEmpty"":true,""variables"":[],""missingFields"":[],""gapKind"":""none"",""reasonZh"":""当前 League Wiki 模板已提供可核验数值合同；剩余为实现/runtime 缺口。"",""blocker"":""""}",implementation_gap_no_unresolved_data_fields,"{""sourceRef"":""最小验证/数据/build-unified-mechanism-inventory.mjs#synthesize:hero_skill|hero_vayne|E|恶魔审判"",""dataStatus"":""complete"",""requiredEvents"":[],""requiredState"":[],""requiredFormulaInputs"":[],""requiredScheduling"":[],""missingPrimitives"":[""implementation_gap_no_unresolved_data_fields""],""remainingBoundary"":""按 mechanismTags/blocker 推导的 runtime 缺口：implementation_gap_no_unresolved_data_fields""}",,,最小验证/V2-Batch-G-adc-passive-audit.json#hero_skill|hero_vayne|E|恶魔审判:needs_manual_baseline;最小验证/generic-g8-adc-passive-coverage-audit.json#hero_skill|hero_vayne|E|恶魔审判:blocked,,,
hero_skill|hero_vayne|P|暗夜猎手,out_of_scope,none,generic_runtime,hero_skill,hero_vayne,P,暗夜猎手,multi_target_or_area,,暗夜猎手：纯移速/冲刺/位移，无主目标伤害增量；审计边界外。,,,,,,movement_speed_or_dash,"{""sourceRef"":""数据参考/lol-wiki-current-champions/normalized/generic/vayne-p.json@rev3920984 sha256:4048647af4d24a7f3dee2dc4ab56b1f72766289a0e61241cb3cc02e88736d75d"",""sourceTextSummary"":""薇恩毫不留情的猎杀世间邪恶，向附近敌方英雄移动时会获得移动速度。"",""reviewedPrimaryTargetDamageBranch"":true,""boundaryCategory"":""pure_movement_or_dash"",""excludedBehavior"":""movement_speed_or_dash"",""boundaryReason"":""暗夜猎手：纯移速/冲刺/位移，无主目标伤害增量；审计边界外。"",""damageRelevantSubBranchDisposition"":""no_primary_target_damage_branch""}",最小验证/V2-Batch-G-adc-passive-audit.json#hero_skill|hero_vayne|P|暗夜猎手:out_of_scope_for_single_target_dps;最小验证/generic-g8-adc-passive-coverage-audit.json#hero_skill|hero_vayne|P|暗夜猎手:out_of_scope,,,
hero_skill|hero_vayne|Q|闪避突袭,blocked_runtime,none,generic_runtime,hero_skill,hero_vayne,Q,闪避突袭,distance_or_ratio_modifier,,distance_based_damage_modifier / damage_multiplier_or_health_ratio 无精确 migrated/partial 证据。,distance_or_ratio_input,,"{""sourceVersion"":""lol-wiki-rev-4015566"",""sourceRef"":""数据参考/lol-wiki-current-champions/normalized/generic/vayne-q.json@rev4015566 sha256:5ae387c07aa6c510a9da57df976b6e6ba9d3b52490fa91ce59e1221813fe9dad"",""availableEffectTables"":{},""availableCooldowns"":[],""availableCosts"":{},""tooltipPlaceholders"":[],""unresolvedDamagePlaceholders"":[],""varsMapEmpty"":true,""variablesEmpty"":true,""variables"":[],""missingFields"":[],""gapKind"":""none"",""reasonZh"":""当前 League Wiki 模板已提供可核验数值合同；剩余为实现/runtime 缺口。"",""blocker"":""""}",distance_or_ratio_input,"{""sourceRef"":""最小验证/数据/build-unified-mechanism-inventory.mjs#synthesize:hero_skill|hero_vayne|Q|闪避突袭"",""dataStatus"":""complete"",""requiredEvents"":[],""requiredState"":[],""requiredFormulaInputs"":[""distance_or_ratio""],""requiredScheduling"":[],""missingPrimitives"":[""distance_or_ratio_input""],""remainingBoundary"":""按 mechanismTags/blocker 推导的 runtime 缺口：distance_or_ratio_input""}",,,最小验证/V2-Batch-G-adc-passive-audit.json#hero_skill|hero_vayne|Q|闪避突袭:needs_runtime_extension;最小验证/generic-g8-adc-passive-coverage-audit.json#hero_skill|hero_vayne|Q|闪避突袭:blocked,,,
hero_skill|hero_vayne|R|终极时刻,blocked_runtime,none,generic_runtime,hero_skill,hero_vayne,R,终极时刻,meta_or_non_target_dps,,当前 League Wiki 模板已提供可核验数值合同；剩余为实现/runtime 缺口。,implementation_gap_no_unresolved_data_fields,,"{""sourceVersion"":""lol-wiki-rev-3807995"",""sourceRef"":""数据参考/lol-wiki-current-champions/normalized/generic/vayne-r.json@rev3807995 sha256:e417f1cfc5e8253fdfe8140c4659e8fe63441c38ca3aa1e37d69aa31e25d682d"",""availableEffectTables"":{},""availableCooldowns"":[],""availableCosts"":{},""tooltipPlaceholders"":[],""unresolvedDamagePlaceholders"":[],""varsMapEmpty"":true,""variablesEmpty"":true,""variables"":[],""missingFields"":[],""gapKind"":""none"",""reasonZh"":""当前 League Wiki 模板已提供可核验数值合同；剩余为实现/runtime 缺口。"",""blocker"":""""}",implementation_gap_no_unresolved_data_fields,"{""sourceRef"":""最小验证/数据/build-unified-mechanism-inventory.mjs#synthesize:hero_skill|hero_vayne|R|终极时刻"",""dataStatus"":""complete"",""requiredEvents"":[],""requiredState"":[],""requiredFormulaInputs"":[],""requiredScheduling"":[],""missingPrimitives"":[""implementation_gap_no_unresolved_data_fields""],""remainingBoundary"":""按 mechanismTags/blocker 推导的 runtime 缺口：implementation_gap_no_unresolved_data_fields""}",,,最小验证/V2-Batch-G-adc-passive-audit.json#hero_skill|hero_vayne|R|终极时刻:out_of_scope_for_single_target_dps;最小验证/generic-g8-adc-passive-coverage-audit.json#hero_skill|hero_vayne|R|终极时刻:blocked,,,
hero_skill|hero_vayne|W|圣银弩箭,completed,full,generic_runtime,hero_skill,hero_vayne,W,圣银弩箭,every_n_hit|formula_on_hit|true_damage,,精确 candidate 已有 generic seed，且 generic_completed_onhit_mechanisms_test.go（commit 3314c24）CompileGeneric+RunGeneric 闭环主目标 every-3rd true on-hit。,,,,,,,,最小验证/V2-Batch-B-hero-passives.seed.json#skill_vayne_w_silver_bolts_dps_v2:seed_skill;最小验证/V2-Batch-G-adc-passive-audit.json#hero_skill|hero_vayne|W|圣银弩箭:already_covered;最小验证/generic-g8-adc-passive-coverage-audit.json#hero_skill|hero_vayne|W|圣银弩箭:migrated,wasm-generic-completed-onhit-mechanisms|wasm/tinygo_engine_v2/internal/runtime/generic_completed_onhit_mechanisms_test.go|wasm;wasm-generic-vayne-silver-bolts|db/game_manage/seeds/lol_vayne_silver_bolts_seed.sql|backend,skill_vayne_w_silver_bolts_dps_v2,
hero_skill|hero_xayah|E|倒钩,blocked_runtime,none,generic_runtime,hero_skill,hero_xayah,E,倒钩,dps_relevant_manual_review,,当前 League Wiki 模板已提供可核验数值合同；剩余为实现/runtime 缺口。,implementation_gap_no_unresolved_data_fields,,"{""sourceVersion"":""lol-wiki-rev-4002073"",""sourceRef"":""数据参考/lol-wiki-current-champions/normalized/generic/xayah-e.json@rev4002073 sha256:3e6ffa135022f13984b26d9551afc323444e1ff9e80506ece5afba820827d486"",""availableEffectTables"":{},""availableCooldowns"":[],""availableCosts"":{},""tooltipPlaceholders"":[],""unresolvedDamagePlaceholders"":[],""varsMapEmpty"":true,""variablesEmpty"":true,""variables"":[],""missingFields"":[],""gapKind"":""none"",""reasonZh"":""当前 League Wiki 模板已提供可核验数值合同；剩余为实现/runtime 缺口。"",""blocker"":""""}",implementation_gap_no_unresolved_data_fields,"{""sourceRef"":""最小验证/数据/build-unified-mechanism-inventory.mjs#synthesize:hero_skill|hero_xayah|E|倒钩"",""dataStatus"":""complete"",""requiredEvents"":[],""requiredState"":[],""requiredFormulaInputs"":[],""requiredScheduling"":[],""missingPrimitives"":[""implementation_gap_no_unresolved_data_fields""],""remainingBoundary"":""按 mechanismTags/blocker 推导的 runtime 缺口：implementation_gap_no_unresolved_data_fields""}",,,最小验证/V2-Batch-G-adc-passive-audit.json#hero_skill|hero_xayah|E|倒钩:needs_manual_baseline;最小验证/generic-g8-adc-passive-coverage-audit.json#hero_skill|hero_xayah|E|倒钩:blocked,,,
hero_skill|hero_xayah|P|锐切,blocked_runtime,none,generic_runtime,hero_skill,hero_xayah,P,锐切,dps_relevant_manual_review,,Xayah P Clean Cuts：ability-after next attacks budget、piercing secondary targets、feather creation/position/resource consumed by E；主目标无额外伤害，但作为 E damage dependency 保留 runtime。,ability_after_next_attacks_budget+piercing_secondary_targets+feather_creation_position_resource+feather_consumed_by_e_dependency,,"{""sourceVersion"":""lol-wiki-rev-3967343"",""sourceRef"":""数据参考/lol-wiki-current-champions/normalized/generic/xayah-p.json@rev3967343 sha256:5cfe6e5e30cdc8e6fde07791288f5a85e5ef01f543670ce2248323ccb6ead171"",""availableEffectTables"":{},""availableCooldowns"":[],""availableCosts"":{},""tooltipPlaceholders"":[],""unresolvedDamagePlaceholders"":[],""varsMapEmpty"":true,""variablesEmpty"":true,""variables"":[],""missingFields"":[],""gapKind"":""none"",""reasonZh"":""当前 League Wiki 模板已提供可核验数值合同；剩余为实现/runtime 缺口。"",""blocker"":""""}",ability_after_next_attacks_budget|piercing_secondary_targets|feather_creation_position_resource|feather_consumed_by_e_dependency,"{""sourceRef"":""数据参考/lol-wiki-current-champions/normalized/generic/xayah-p.json"",""dataStatus"":""complete"",""requiredEvents"":[""ability_cast"",""basic_attack_hit"",""feather_created"",""feather_consumed_by_e""],""requiredState"":[""ability_after_next_attacks_budget"",""feather_positions""],""requiredFormulaInputs"":[""piercing_secondary_target_hit""],""requiredScheduling"":[""post_ability_attack_budget_window""],""missingPrimitives"":[""ability_after_next_attacks_budget"",""piercing_secondary_targets"",""feather_creation_position_resource"",""feather_consumed_by_e_dependency""],""remainingBoundary"":""主目标无额外伤害；作为 E feather-damage dependency 保留 runtime：技能后普攻预算、穿透次级目标、羽毛创建/位置/E 消费。""}",,,最小验证/V2-Batch-G-adc-passive-audit.json#hero_skill|hero_xayah|P|锐切:needs_manual_baseline;最小验证/generic-g8-adc-passive-coverage-audit.json#hero_skill|hero_xayah|P|锐切:blocked,,,
hero_skill|hero_xayah|Q|双刃,blocked_runtime,none,generic_runtime,hero_skill,hero_xayah,Q,双刃,dps_relevant_manual_review,,当前 League Wiki 模板已提供可核验数值合同；剩余为实现/runtime 缺口。,implementation_gap_no_unresolved_data_fields,,"{""sourceVersion"":""lol-wiki-rev-4008615"",""sourceRef"":""数据参考/lol-wiki-current-champions/normalized/generic/xayah-q.json@rev4008615 sha256:8010e567d2366730c5eb6cd0a31baec09c7f5137018ab2ca15fd84f167d990fd"",""availableEffectTables"":{},""availableCooldowns"":[],""availableCosts"":{},""tooltipPlaceholders"":[],""unresolvedDamagePlaceholders"":[],""varsMapEmpty"":true,""variablesEmpty"":true,""variables"":[],""missingFields"":[],""gapKind"":""none"",""reasonZh"":""当前 League Wiki 模板已提供可核验数值合同；剩余为实现/runtime 缺口。"",""blocker"":""""}",implementation_gap_no_unresolved_data_fields,"{""sourceRef"":""最小验证/数据/build-unified-mechanism-inventory.mjs#synthesize:hero_skill|hero_xayah|Q|双刃"",""dataStatus"":""complete"",""requiredEvents"":[],""requiredState"":[],""requiredFormulaInputs"":[],""requiredScheduling"":[],""missingPrimitives"":[""implementation_gap_no_unresolved_data_fields""],""remainingBoundary"":""按 mechanismTags/blocker 推导的 runtime 缺口：implementation_gap_no_unresolved_data_fields""}",,,最小验证/V2-Batch-G-adc-passive-audit.json#hero_skill|hero_xayah|Q|双刃:needs_manual_baseline;最小验证/generic-g8-adc-passive-coverage-audit.json#hero_skill|hero_xayah|Q|双刃:blocked,,,
hero_skill|hero_xayah|R|暴风羽刃,blocked_runtime,none,generic_runtime,hero_skill,hero_xayah,R,暴风羽刃,dps_relevant_manual_review,,当前 League Wiki 模板已提供可核验数值合同；剩余为实现/runtime 缺口。,implementation_gap_no_unresolved_data_fields,,"{""sourceVersion"":""lol-wiki-rev-4008617"",""sourceRef"":""数据参考/lol-wiki-current-champions/normalized/generic/xayah-r.json@rev4008617 sha256:cb5c8ba5486a55027e7c2252589fa8e5d821d346cc44afa99243de71ce5b3077"",""availableEffectTables"":{},""availableCooldowns"":[],""availableCosts"":{},""tooltipPlaceholders"":[],""unresolvedDamagePlaceholders"":[],""varsMapEmpty"":true,""variablesEmpty"":true,""variables"":[],""missingFields"":[],""gapKind"":""none"",""reasonZh"":""当前 League Wiki 模板已提供可核验数值合同；剩余为实现/runtime 缺口。"",""blocker"":""""}",implementation_gap_no_unresolved_data_fields,"{""sourceRef"":""最小验证/数据/build-unified-mechanism-inventory.mjs#synthesize:hero_skill|hero_xayah|R|暴风羽刃"",""dataStatus"":""complete"",""requiredEvents"":[],""requiredState"":[],""requiredFormulaInputs"":[],""requiredScheduling"":[],""missingPrimitives"":[""implementation_gap_no_unresolved_data_fields""],""remainingBoundary"":""按 mechanismTags/blocker 推导的 runtime 缺口：implementation_gap_no_unresolved_data_fields""}",,,最小验证/V2-Batch-G-adc-passive-audit.json#hero_skill|hero_xayah|R|暴风羽刃:needs_manual_baseline;最小验证/generic-g8-adc-passive-coverage-audit.json#hero_skill|hero_xayah|R|暴风羽刃:blocked,,,
hero_skill|hero_xayah|W|致死羽衣,completed,full,generic_runtime,hero_skill,hero_xayah,W,致死羽衣,attack_speed_percent_add|cast_triggered_timed_attack_speed|secondary_feather_ratio_damage,,Xayah W 致死羽衣/Deadly Plumage：Wiki rev4010669（SHA256 09d5476533722311e85c4ca79813cd0bec2cf35d105be894b80dac14478845a7；normalized/generic/xayah-w.json）rank5 Phase-A 1v1 已由 wasm-generic-xayah-deadly-plumage + backend seed 证据闭环——40 mana / 14000ms CD / 4000ms timed AS +55%；Wiki 次级羽刃 25% → source-owned pipeline basic_damage*(1+0.25*deadly_plumage_active) @ outgoing_pre_mitigation（合并 1.25×，非第二 missile/伤害实例）；expected-crit 一次后再 ×1.25 一次；排除 on-hit/proc；Guinsoo phantom 不重放非 CopyableOnHit 基攻且不重跑倍率。明确排除移速/Rakan/Runaan/多目标/projectile/in-flight/ward/blind/dodge/block/独立次级羽刃/其它 rank/完整 live 保真，故标 completed。,,,,,,,,最小验证/V2-Batch-G-adc-passive-audit.json#hero_skill|hero_xayah|W|致死羽衣:out_of_scope_for_single_target_dps;最小验证/generic-g8-adc-passive-coverage-audit.json#hero_skill|hero_xayah|W|致死羽衣:migrated,wasm-generic-xayah-deadly-plumage|db/game_manage/seeds/lol_generic_xayah_deadly_plumage_seed.sql|backend;wasm-generic-xayah-deadly-plumage|wasm/tinygo_engine_v2/internal/runtime/generic_xayah_deadly_plumage_test.go|wasm,,
hero_skill|hero_yunara|E|明踪步 | 夜影翻,out_of_scope,none,generic_runtime,hero_skill,hero_yunara,E,明踪步 | 夜影翻,meta_or_non_target_dps,,明踪步 | 夜影翻：纯移速/冲刺/位移，无主目标伤害增量；审计边界外。,,,,,,movement_speed_or_dash,"{""sourceRef"":""数据参考/lol-wiki-current-champions/normalized/generic/yunara-e.json@rev3960443 sha256:d3ea6d4af438dd7138ac7a655d75243e04988dccb08922bd3a6d116313720b85"",""sourceTextSummary"":""芸阿娜获得移动速度并进入幽灵状态。在她处于超凡形态期间，她转而朝着一个方向冲刺。 芸阿娜获得{{ calc_move_speed }}移动速度，并且在朝着一个敌方英雄移动时提升至{{ calc_move_speed_enhanced }}移动速度，持续{{ buff_duration }}秒。 超凡形态 - 夜影翻：芸阿娜朝一个方向进行冲刺。{{ spell"",""reviewedPrimaryTargetDamageBranch"":true,""boundaryCategory"":""pure_movement_or_dash"",""excludedBehavior"":""movement_speed_or_dash"",""boundaryReason"":""明踪步 | 夜影翻：纯移速/冲刺/位移，无主目标伤害增量；审计边界外。"",""damageRelevantSubBranchDisposition"":""no_primary_target_damage_branch""}",最小验证/V2-Batch-G-adc-passive-audit.json#hero_skill|hero_yunara|E|明踪步 | 夜影翻:out_of_scope_for_single_target_dps;最小验证/generic-g8-adc-passive-coverage-audit.json#hero_skill|hero_yunara|E|明踪步 | 夜影翻:out_of_scope,,,
hero_skill|hero_yunara|P|初生之誓,blocked_runtime,none,generic_runtime,hero_skill,hero_yunara,P,初生之誓,deterministic_random_crit_sequence,,deterministic_random_crit_sequence：expected crit 不证明可复现 RNG/on-crit 序列语义。,deterministic_random_crit_sequence,,"{""sourceVersion"":""lol-wiki-rev-4016849"",""sourceRef"":""数据参考/lol-wiki-current-champions/normalized/generic/yunara-p.json@rev4016849 sha256:ff68851d6585864c8e8d937d52ff431f4776df68eecd41a26a45ebd2398f3679"",""availableEffectTables"":{},""availableCooldowns"":[],""availableCosts"":{},""tooltipPlaceholders"":[],""unresolvedDamagePlaceholders"":[],""varsMapEmpty"":true,""variablesEmpty"":true,""variables"":[],""missingFields"":[],""gapKind"":""none"",""reasonZh"":""当前 League Wiki 模板已提供可核验数值合同；剩余为实现/runtime 缺口。"",""blocker"":""""}",deterministic_random_crit_sequence,"{""sourceRef"":""最小验证/数据/build-unified-mechanism-inventory.mjs#synthesize:hero_skill|hero_yunara|P|初生之誓"",""dataStatus"":""complete"",""requiredEvents"":[""critical_strike_resolved""],""requiredState"":[],""requiredFormulaInputs"":[],""requiredScheduling"":[],""missingPrimitives"":[""deterministic_random_crit_sequence""],""remainingBoundary"":""按 mechanismTags/blocker 推导的 runtime 缺口：deterministic_random_crit_sequence""}",,,最小验证/V2-Batch-G-adc-passive-audit.json#hero_skill|hero_yunara|P|初生之誓:needs_runtime_extension;最小验证/generic-g8-adc-passive-coverage-audit.json#hero_skill|hero_yunara|P|初生之誓:blocked,,,
hero_skill|hero_yunara|Q|灵蕴拳,blocked_runtime,none,generic_runtime,hero_skill,hero_yunara,Q,灵蕴拳,multi_target_or_area,,当前 League Wiki 模板已提供可核验数值合同；剩余为实现/runtime 缺口。,implementation_gap_no_unresolved_data_fields,,"{""sourceVersion"":""lol-wiki-rev-4041330"",""sourceRef"":""数据参考/lol-wiki-current-champions/normalized/generic/yunara-q.json@rev4041330 sha256:d5554af1c3b781b8d27de90bd325493a23d270f095e3c8e48377a1e4d159d2a4"",""availableEffectTables"":{},""availableCooldowns"":[],""availableCosts"":{},""tooltipPlaceholders"":[],""unresolvedDamagePlaceholders"":[],""varsMapEmpty"":true,""variablesEmpty"":true,""variables"":[],""missingFields"":[],""gapKind"":""none"",""reasonZh"":""当前 League Wiki 模板已提供可核验数值合同；剩余为实现/runtime 缺口。"",""blocker"":""""}",implementation_gap_no_unresolved_data_fields,"{""sourceRef"":""最小验证/数据/build-unified-mechanism-inventory.mjs#synthesize:hero_skill|hero_yunara|Q|灵蕴拳"",""dataStatus"":""complete"",""requiredEvents"":[],""requiredState"":[],""requiredFormulaInputs"":[],""requiredScheduling"":[],""missingPrimitives"":[""implementation_gap_no_unresolved_data_fields""],""remainingBoundary"":""按 mechanismTags/blocker 推导的 runtime 缺口：implementation_gap_no_unresolved_data_fields""}",,,最小验证/V2-Batch-G-adc-passive-audit.json#hero_skill|hero_yunara|Q|灵蕴拳:out_of_scope_for_single_target_dps;最小验证/generic-g8-adc-passive-coverage-audit.json#hero_skill|hero_yunara|Q|灵蕴拳:blocked,,,
hero_skill|hero_yunara|R|定圣诀,blocked_data,none,generic_runtime,hero_skill,hero_yunara,R,定圣诀,cross_skill_damage_formula|transcendent_form_skill_upgrade,,Yunara R 定圣诀进入 Transcendent State 并将 W 升级为 Arc of Ruin；R 页仅给出 Arc of Ruin base damage（{{ap|160 to 480}}），本地 Wiki generic 缺 upgraded Arc of Ruin（W）完整伤害公式,missing_upgraded_arc_of_ruin_w_damage_formula,upgraded_arc_of_ruin_w_damage_formula,"{""sourceVersion"":""lol-wiki-rev-4038856"",""sourceRef"":""数据参考/lol-wiki-current-champions/normalized/generic/yunara-r.json@rev4038856 sha256:08923a97970d25edccf48fec7efa219d80615969ee3f2be14c7659ed4bef7462"",""availableEffectTables"":{},""availableCooldowns"":[],""availableCosts"":{},""tooltipPlaceholders"":[""20px"",""active"",""adr"",""ai"",""ais"",""ap"",""apr"",""arc"",""area"",""as"",""at"",""attack"",""b1"",""b5"",""base"",""basic"",""blades"",""border"",""brush"",""cannot"",""cast"",""cooldown"",""cultivation"",""damage"",""dash"",""effect"",""end"",""execute"",""executes"",""expanded"",""expr"",""fd"",""file"",""for"",""hail"",""initial"",""judgment"",""kanmei"",""key"",""lc"",""linger"",""link"",""lm"",""magic"",""minions"",""nor"",""of"",""passive"",""per"",""persistent"",""png"",""pp"",""remaining"",""reset"",""ri"",""ruin"",""s"",""sbc"",""see"",""shadow"",""shield"",""sight"",""slow"",""slows"",""speed"",""spirit"",""st"",""steps"",""sti"",""surroundings"",""terrain"",""through"",""tick"",""time"",""tip"",""to"",""total"",""tt"",""untouchable"",""var"",""yunara""],""unresolvedDamagePlaceholders"":[],""varsMapEmpty"":true,""variablesEmpty"":true,""variables"":[],""missingFields"":[""upgraded_arc_of_ruin_w_damage_formula""],""gapKind"":""unresolved_upgraded_arc_of_ruin_w_damage_formula"",""reasonZh"":""Yunara R 定圣诀进入 Transcendent State 并将 W 升级为 Arc of Ruin；R 页仅给出 Arc of Ruin base damage（{{ap|160 to 480}}），本地 Wiki generic 缺 upgraded Arc of Ruin（W）完整伤害公式"",""blocker"":""missing_upgraded_arc_of_ruin_w_damage_formula""}",,,,,最小验证/V2-Batch-G-adc-passive-audit.json#hero_skill|hero_yunara|R|定圣诀:out_of_scope_for_single_target_dps;最小验证/generic-g8-adc-passive-coverage-audit.json#hero_skill|hero_yunara|R|定圣诀:blocked,,,
hero_skill|hero_yunara|W|善恶轮 | 寂灭掌,blocked_runtime,none,generic_runtime,hero_skill,hero_yunara,W,善恶轮 | 寂灭掌,multi_target_or_area,,当前 League Wiki 模板已提供可核验数值合同；剩余为实现/runtime 缺口。,implementation_gap_no_unresolved_data_fields,,"{""sourceVersion"":""lol-wiki-rev-4008650"",""sourceRef"":""数据参考/lol-wiki-current-champions/normalized/generic/yunara-w.json@rev4008650 sha256:d41412bf696ea8f7c30d1cd412535ce27bf3f5019498141fdf72e76659316bff"",""availableEffectTables"":{},""availableCooldowns"":[],""availableCosts"":{},""tooltipPlaceholders"":[],""unresolvedDamagePlaceholders"":[],""varsMapEmpty"":true,""variablesEmpty"":true,""variables"":[],""missingFields"":[],""gapKind"":""none"",""reasonZh"":""当前 League Wiki 模板已提供可核验数值合同；剩余为实现/runtime 缺口。"",""blocker"":""""}",implementation_gap_no_unresolved_data_fields,"{""sourceRef"":""最小验证/数据/build-unified-mechanism-inventory.mjs#synthesize:hero_skill|hero_yunara|W|善恶轮 | 寂灭掌"",""dataStatus"":""complete"",""requiredEvents"":[],""requiredState"":[],""requiredFormulaInputs"":[],""requiredScheduling"":[],""missingPrimitives"":[""implementation_gap_no_unresolved_data_fields""],""remainingBoundary"":""按 mechanismTags/blocker 推导的 runtime 缺口：implementation_gap_no_unresolved_data_fields""}",,,最小验证/V2-Batch-G-adc-passive-audit.json#hero_skill|hero_yunara|W|善恶轮 | 寂灭掌:out_of_scope_for_single_target_dps;最小验证/generic-g8-adc-passive-coverage-audit.json#hero_skill|hero_yunara|W|善恶轮 | 寂灭掌:blocked,,,
hero_skill|hero_zeri|E|灿丽花火,blocked_runtime,none,generic_runtime,hero_skill,hero_zeri,E,灿丽花火,multi_target_or_area,,当前 League Wiki 模板已提供可核验数值合同；剩余为实现/runtime 缺口。,implementation_gap_no_unresolved_data_fields,,"{""sourceVersion"":""lol-wiki-rev-4015351"",""sourceRef"":""数据参考/lol-wiki-current-champions/normalized/generic/zeri-e.json@rev4015351 sha256:87000a9142ce2f8481ffd9683a231b32a87681e531d2a4dd6a06bfa52fa42d4d"",""availableEffectTables"":{},""availableCooldowns"":[],""availableCosts"":{},""tooltipPlaceholders"":[],""unresolvedDamagePlaceholders"":[],""varsMapEmpty"":true,""variablesEmpty"":true,""variables"":[],""missingFields"":[],""gapKind"":""none"",""reasonZh"":""当前 League Wiki 模板已提供可核验数值合同；剩余为实现/runtime 缺口。"",""blocker"":""""}",implementation_gap_no_unresolved_data_fields,"{""sourceRef"":""最小验证/数据/build-unified-mechanism-inventory.mjs#synthesize:hero_skill|hero_zeri|E|灿丽花火"",""dataStatus"":""complete"",""requiredEvents"":[],""requiredState"":[],""requiredFormulaInputs"":[],""requiredScheduling"":[],""missingPrimitives"":[""implementation_gap_no_unresolved_data_fields""],""remainingBoundary"":""按 mechanismTags/blocker 推导的 runtime 缺口：implementation_gap_no_unresolved_data_fields""}",,,最小验证/V2-Batch-G-adc-passive-audit.json#hero_skill|hero_zeri|E|灿丽花火:out_of_scope_for_single_target_dps;最小验证/generic-g8-adc-passive-coverage-audit.json#hero_skill|hero_zeri|E|灿丽花火:blocked,,,
hero_skill|hero_zeri|P|内能迁转,blocked_runtime,none,generic_runtime,hero_skill,hero_zeri,P,内能迁转,on_hit,,当前 League Wiki 模板已提供可核验数值合同；剩余为实现/runtime 缺口。,implementation_gap_no_unresolved_data_fields,,"{""sourceVersion"":""lol-wiki-rev-4041739"",""sourceRef"":""数据参考/lol-wiki-current-champions/normalized/generic/zeri-p.json@rev4041739 sha256:606fca74a738c7316244158d054700a73b8c4e4ccd63e90e3dc0814f533a737b"",""availableEffectTables"":{},""availableCooldowns"":[],""availableCosts"":{},""tooltipPlaceholders"":[],""unresolvedDamagePlaceholders"":[],""varsMapEmpty"":true,""variablesEmpty"":true,""variables"":[],""missingFields"":[],""gapKind"":""none"",""reasonZh"":""当前 League Wiki 模板已提供可核验数值合同；剩余为实现/runtime 缺口。"",""blocker"":""""}",implementation_gap_no_unresolved_data_fields,"{""sourceRef"":""最小验证/数据/build-unified-mechanism-inventory.mjs#synthesize:hero_skill|hero_zeri|P|内能迁转"",""dataStatus"":""complete"",""requiredEvents"":[],""requiredState"":[],""requiredFormulaInputs"":[],""requiredScheduling"":[],""missingPrimitives"":[""implementation_gap_no_unresolved_data_fields""],""remainingBoundary"":""按 mechanismTags/blocker 推导的 runtime 缺口：implementation_gap_no_unresolved_data_fields""}",,,最小验证/V2-Batch-G-adc-passive-audit.json#hero_skill|hero_zeri|P|内能迁转:needs_manual_baseline;最小验证/generic-g8-adc-passive-coverage-audit.json#hero_skill|hero_zeri|P|内能迁转:blocked,,,
hero_skill|hero_zeri|Q|电火迸射,blocked_runtime,none,generic_runtime,hero_skill,hero_zeri,Q,电火迸射,dps_relevant_manual_review,,当前 League Wiki 模板已提供可核验数值合同；剩余为实现/runtime 缺口。,implementation_gap_no_unresolved_data_fields,,"{""sourceVersion"":""lol-wiki-rev-4041832"",""sourceRef"":""数据参考/lol-wiki-current-champions/normalized/generic/zeri-q.json@rev4041832 sha256:23aff813263c819fc05d70d5512b0db552478597ded7ba183856781edea8ab22"",""availableEffectTables"":{},""availableCooldowns"":[],""availableCosts"":{},""tooltipPlaceholders"":[],""unresolvedDamagePlaceholders"":[],""varsMapEmpty"":true,""variablesEmpty"":true,""variables"":[],""missingFields"":[],""gapKind"":""none"",""reasonZh"":""当前 League Wiki 模板已提供可核验数值合同；剩余为实现/runtime 缺口。"",""blocker"":""""}",implementation_gap_no_unresolved_data_fields,"{""sourceRef"":""最小验证/数据/build-unified-mechanism-inventory.mjs#synthesize:hero_skill|hero_zeri|Q|电火迸射"",""dataStatus"":""complete"",""requiredEvents"":[],""requiredState"":[],""requiredFormulaInputs"":[],""requiredScheduling"":[],""missingPrimitives"":[""implementation_gap_no_unresolved_data_fields""],""remainingBoundary"":""按 mechanismTags/blocker 推导的 runtime 缺口：implementation_gap_no_unresolved_data_fields""}",,,最小验证/V2-Batch-G-adc-passive-audit.json#hero_skill|hero_zeri|Q|电火迸射:needs_manual_baseline;最小验证/generic-g8-adc-passive-coverage-audit.json#hero_skill|hero_zeri|Q|电火迸射:blocked,,,
hero_skill|hero_zeri|R|超限爆闪,blocked_runtime,none,generic_runtime,hero_skill,hero_zeri,R,超限爆闪,multi_target_or_area,,当前 League Wiki 模板已提供可核验数值合同；剩余为实现/runtime 缺口。,implementation_gap_no_unresolved_data_fields,,"{""sourceVersion"":""lol-wiki-rev-4016978"",""sourceRef"":""数据参考/lol-wiki-current-champions/normalized/generic/zeri-r.json@rev4016978 sha256:d5335584b29602564b602b4711db7584d5ccaa03e1c4232f73c1b45e6da76240"",""availableEffectTables"":{},""availableCooldowns"":[],""availableCosts"":{},""tooltipPlaceholders"":[],""unresolvedDamagePlaceholders"":[],""varsMapEmpty"":true,""variablesEmpty"":true,""variables"":[],""missingFields"":[],""gapKind"":""none"",""reasonZh"":""当前 League Wiki 模板已提供可核验数值合同；剩余为实现/runtime 缺口。"",""blocker"":""""}",implementation_gap_no_unresolved_data_fields,"{""sourceRef"":""最小验证/数据/build-unified-mechanism-inventory.mjs#synthesize:hero_skill|hero_zeri|R|超限爆闪"",""dataStatus"":""complete"",""requiredEvents"":[],""requiredState"":[],""requiredFormulaInputs"":[],""requiredScheduling"":[],""missingPrimitives"":[""implementation_gap_no_unresolved_data_fields""],""remainingBoundary"":""按 mechanismTags/blocker 推导的 runtime 缺口：implementation_gap_no_unresolved_data_fields""}",,,最小验证/V2-Batch-G-adc-passive-audit.json#hero_skill|hero_zeri|R|超限爆闪:out_of_scope_for_single_target_dps;最小验证/generic-g8-adc-passive-coverage-audit.json#hero_skill|hero_zeri|R|超限爆闪:blocked,,,
hero_skill|hero_zeri|W|强穿激光,blocked_runtime,none,generic_runtime,hero_skill,hero_zeri,W,强穿激光,meta_or_non_target_dps,,当前 League Wiki 模板已提供可核验数值合同；剩余为实现/runtime 缺口。,implementation_gap_no_unresolved_data_fields,,"{""sourceVersion"":""lol-wiki-rev-4013271"",""sourceRef"":""数据参考/lol-wiki-current-champions/normalized/generic/zeri-w.json@rev4013271 sha256:15fcbdd7e08c794cfe503b860732dfead4092b1e4aaa9b8a482a4ac70e6d4bb2"",""availableEffectTables"":{},""availableCooldowns"":[],""availableCosts"":{},""tooltipPlaceholders"":[],""unresolvedDamagePlaceholders"":[],""varsMapEmpty"":true,""variablesEmpty"":true,""variables"":[],""missingFields"":[],""gapKind"":""none"",""reasonZh"":""当前 League Wiki 模板已提供可核验数值合同；剩余为实现/runtime 缺口。"",""blocker"":""""}",implementation_gap_no_unresolved_data_fields,"{""sourceRef"":""最小验证/数据/build-unified-mechanism-inventory.mjs#synthesize:hero_skill|hero_zeri|W|强穿激光"",""dataStatus"":""complete"",""requiredEvents"":[],""requiredState"":[],""requiredFormulaInputs"":[],""requiredScheduling"":[],""missingPrimitives"":[""implementation_gap_no_unresolved_data_fields""],""remainingBoundary"":""按 mechanismTags/blocker 推导的 runtime 缺口：implementation_gap_no_unresolved_data_fields""}",,,最小验证/V2-Batch-G-adc-passive-audit.json#hero_skill|hero_zeri|W|强穿激光:out_of_scope_for_single_target_dps;最小验证/generic-g8-adc-passive-coverage-audit.json#hero_skill|hero_zeri|W|强穿激光:blocked,,,
item_passive|2051|item_passive|无畏,completed,full,generic_runtime,item_passive,2051,item_passive,无畏,flat_post_percent|incoming_damage_modifier|incoming_damage_reduction,batch_v_a_guardians_horn;pipeline_damage_modifier_closed;1v1_champion_source_scope,2051 Guardian's Horn/无畏（Wiki Undaunted）：ordinary post-mitigation −15、DoT −3.75；wasm-generic-pipeline-damage-modifier 交叉验证 100→85、100→96.25；backend lol_generic_pipeline_damage_items_seed.sql（focused Maven pass）。非 G8 candidate，经 EXTRA_MECHANISMS 闭环；不声称 non-champion filtering/live migrate/publish/hp5flat。,,,,,,,,最小验证/V2-BatchV-A-data-policy-items.seed.json#item_2051_guardians_horn_undaunted_batch_v_a:seed_present,wasm-generic-pipeline-damage-modifier|db/game_manage/seeds/lol_generic_pipeline_damage_items_seed.sql|backend;wasm-generic-pipeline-damage-modifier|wasm/tinygo_engine_v2/internal/runtime/generic_c1_damage_event_pipeline_test.go|wasm,item_2051_guardians_horn_undaunted_batch_v_a,coefficient_bucket|flat_post_percent
item_passive|2501|item_passive|专横,completed,full,generic_runtime,item_passive,2501,item_passive,专横,source_only_dynamic_bonus_hp_ad_modifier,,专横/Tyranny 当前 generic ABI：source-only 动态 bonus AD = 2.5% bonus health；TestGenericWikiReadyItems* 覆盖 bonus HP 0/400/1000→bonus AD 0/10/25；wasm generic_wiki_ready_items_test.go（CompileGeneric+RunGeneric）+ backend lol_generic_wiki_ready_items_seed.sql 幂等 seed/mount；不声称 live migrate/publish。,,,,,,,,最小验证/V2-Batch-G-adc-passive-audit.json#item_passive|2501|item_passive|专横:needs_manual_baseline;最小验证/generic-g8-adc-passive-coverage-audit.json#item_passive|2501|item_passive|专横:migrated,wasm-generic-wiki-ready-items|db/game_manage/seeds/lol_generic_wiki_ready_items_seed.sql|backend;wasm-generic-wiki-ready-items|wasm/tinygo_engine_v2/internal/runtime/generic_wiki_ready_items_test.go|wasm,,
item_passive|2501|item_passive|报复,completed,full,generic_runtime,item_passive,2501,item_passive,报复,source_only_missing_health_ratio_dynamic_ad_multiply,,"报复/Retribution 当前 generic ABI：同一 item_2501 provider 上第二枚 source AD attribute modifier（ValuePolicy=multiply Priority=100；专横仍为 add Priority=0）；factor=1+clamp((max(0,hp.max-hp.current)/max(1,hp.max)),0,0.70)*(0.12/0.70)；乘在已解析 AD（含专横）之上，公式不读 ad.resolved；TestGenericWikiReadyItemsRetribution* 覆盖 full/50%/70%/90%cap + 同跑 HP 变更重解析；数值真源 数据参考/lol-wiki-current-items/manifest.json@revid4030984 contentSha256:e7818effb888c6d2474496ee20378ecb57e335ccf9ace16630fda7d0daceac2d（pass2）；wasm generic_wiki_ready_items_test.go + backend lol_generic_wiki_ready_items_seed.sql；不声称 live migrate/publish。",,,,,,,,最小验证/V2-Batch-G-adc-passive-audit.json#item_passive|2501|item_passive|报复:needs_manual_baseline;最小验证/generic-g8-adc-passive-coverage-audit.json#item_passive|2501|item_passive|报复:migrated,wasm-generic-wiki-ready-items|db/game_manage/seeds/lol_generic_wiki_ready_items_seed.sql|backend;wasm-generic-wiki-ready-items|wasm/tinygo_engine_v2/internal/runtime/generic_wiki_ready_items_test.go|wasm,,
item_passive|2510|item_passive|咒刃,blocked_runtime,partial,generic_runtime,item_passive,2510,item_passive,咒刃,spellblade_next_attack_state,,治疗在伤害分支之外；剩余 DPS 分支需要 generalized delayed on-hit/repeat 调度。,healing_out_of_damage_branch_and_delayed_repeat_on_hit,,,healing_out_of_damage_branch_and_delayed_repeat_on_hit,"{""sourceRef"":""最小验证/数据/build-unified-mechanism-inventory.mjs#synthesize:item_passive|2510|item_passive|咒刃"",""dataStatus"":""partial"",""requiredEvents"":[],""requiredState"":[],""requiredFormulaInputs"":[],""requiredScheduling"":[],""missingPrimitives"":[""healing_out_of_damage_branch_and_delayed_repeat_on_hit""],""remainingBoundary"":""按 mechanismTags/blocker 推导的 runtime 缺口：healing_out_of_damage_branch_and_delayed_repeat_on_hit"",""completedBoundary"":""partial core already closed where evidenced""}",,,最小验证/V2-Batch-G-adc-passive-audit.json#item_passive|2510|item_passive|咒刃:needs_runtime_extension;最小验证/generic-g8-adc-passive-coverage-audit.json#item_passive|2510|item_passive|咒刃:partial,wasm-generic-dusk-and-dawn-spellblade|db/game_manage/seeds/lol_generic_dusk_and_dawn_spellblade_seed.sql|backend;wasm-generic-dusk-and-dawn-spellblade|wasm/tinygo_engine_v2/internal/runtime/generic_dusk_and_dawn_spellblade_test.go|wasm,,
item_passive|2512|item_passive|守夜,out_of_scope,none,generic_runtime,item_passive,2512,item_passive,守夜,cooldown_or_haste_without_rotation,,守夜：纯冷却缩减/技能急速，无主目标伤害增量；审计边界外。,,,,,,cooldown_haste_without_damage,"{""sourceRef"":""数据参考/lol-wiki-current-champions/identity-manifest.json"",""sourceTextSummary"":""获得30终极技能急速。"",""reviewedPrimaryTargetDamageBranch"":true,""boundaryCategory"":""cooldown_or_ability_haste_only"",""excludedBehavior"":""cooldown_haste_without_damage"",""boundaryReason"":""守夜：纯冷却缩减/技能急速，无主目标伤害增量；审计边界外。"",""damageRelevantSubBranchDisposition"":""no_primary_target_damage_branch""}",最小验证/V2-Batch-G-adc-passive-audit.json#item_passive|2512|item_passive|守夜:out_of_scope_for_single_target_dps;最小验证/generic-g8-adc-passive-coverage-audit.json#item_passive|2512|item_passive|守夜:out_of_scope,,,
item_passive|2512|item_passive|开战弹幕,completed,full,generic_runtime,item_passive,2512,item_passive,开战弹幕,conditional_crit_damage|pre_mitigation_true_damage|ultimate_cast_armed_attacks,,item 2512 开战弹幕/Opening Barrage：League Wiki Module:ItemData/data revid 4030984 / hash e7818effb888c6d2474496ee20378ecb57e335ccf9ace16630fda7d0daceac2d（current-items.normalized.json#item_2512_Opening_Barrage）；classic 8s 窗 / next 3 BA / +50% bonus AS / forced expected-crit×0.80 / natural expected-crit 附加 0.15*naturalBranchRawAmount*originalCritChance pre-mitigation true / 45s CD。已由 generic_fiendhunter_bolts_2512_test.go + backend lol_generic_fiendhunter_bolts_2512_seed.sql / LolGenericFiendhunterBolts2512SeedSqlTest 双边闭环。明确排除 Night Vigil ultimate haste、Arena 222512、Web castOrigin projection（arm matcher 使用 ability/ultimate），故标 completed/full；不声称 live migrate/publish。,,,,,,,,最小验证/V2-Batch-G-adc-passive-audit.json#item_passive|2512|item_passive|开战弹幕:needs_runtime_extension;最小验证/generic-g8-adc-passive-coverage-audit.json#item_passive|2512|item_passive|开战弹幕:migrated,wasm-generic-min-validation-coverage-audit|db/game_manage/seeds/lol_generic_fiendhunter_bolts_2512_seed.sql|backend;wasm-generic-min-validation-coverage-audit|wasm/tinygo_engine_v2/internal/runtime/generic_fiendhunter_bolts_2512_test.go|wasm,,
item_passive|2517|item_passive|盛宴,out_of_scope,none,generic_runtime,item_passive,2517,item_passive,盛宴,survivability_only|takedown_omnivamp,,盛宴：击杀/经济收益发生在当前唯一主目标死亡之后，encounter 已结束；审计边界外。,,,,,,post_kill_omnivamp,"{""sourceRef"":""数据参考/lol-wiki-current-champions/identity-manifest.json"",""sourceTextSummary"":""如果一名在过去3秒内曾被你造成过伤害的英雄阵亡，则获得持续8秒的15%全能吸血。"",""reviewedPrimaryTargetDamageBranch"":true,""boundaryCategory"":""economy_or_post_takedown"",""excludedBehavior"":""post_kill_omnivamp"",""boundaryReason"":""盛宴：击杀/经济收益发生在当前唯一主目标死亡之后，encounter 已结束；审计边界外。"",""damageRelevantSubBranchDisposition"":""post_kill_next_encounter_only""}",最小验证/V2-Batch-G-adc-passive-audit.json#item_passive|2517|item_passive|盛宴:out_of_scope_for_single_target_dps;最小验证/generic-g8-adc-passive-coverage-audit.json#item_passive|2517|item_passive|盛宴:out_of_scope,,,
item_passive|2517|item_passive|饥馑,out_of_scope,none,generic_runtime,item_passive,2517,item_passive,饥馑,cooldown_or_haste_without_rotation,,饥馑：纯冷却缩减/技能急速，无主目标伤害增量；审计边界外。,,,,,,cooldown_haste_without_damage,"{""sourceRef"":""数据参考/lol-wiki-current-champions/identity-manifest.json"",""sourceTextSummary"":""获得0技能急速。"",""reviewedPrimaryTargetDamageBranch"":true,""boundaryCategory"":""cooldown_or_ability_haste_only"",""excludedBehavior"":""cooldown_haste_without_damage"",""boundaryReason"":""饥馑：纯冷却缩减/技能急速，无主目标伤害增量；审计边界外。"",""damageRelevantSubBranchDisposition"":""no_primary_target_damage_branch""}",最小验证/V2-Batch-G-adc-passive-audit.json#item_passive|2517|item_passive|饥馑:out_of_scope_for_single_target_dps;最小验证/generic-g8-adc-passive-coverage-audit.json#item_passive|2517|item_passive|饥馑:out_of_scope,,,
item_passive|2520|item_passive|成型炸药,completed,full,generic_runtime,item_passive,2520,item_passive,成型炸药,armor_pen_flat_scaled_true|next_ability_damage_true_arm_consume|timed_ready_refresh_on_write,,"item 2520 成型炸药/Shaped Charge：League Wiki item manifest revid 4030984 / hash e7818effb888c6d2474496ee20378ecb57e335ccf9ace16630fda7d0daceac2d；仅 ranged 英雄分支——shaped_charge_ready default1/max1/45000ms refresh_on_write 开局即 ready；listener All{event/damage_instance,damage_trait/ability,event/source_owner} None{ability/basic_attack,damage_trait/on_hit,damage_trait/item,damage_trait/dot}；首次合格技能伤害实例先造成 child damage/true（15+0.75*source.attr.armor_pen_flat.resolved，基线22→31.5，CopyableOnHit=false，无 ability/item/on_hit/dot traits）再 override ready→0；同施法多段仅首段触发；真伤无视抗性但护盾按当前 pipeline 吸收；lazy expiry t>=45000 恢复 ready；不含 melee/史诗野怪/破坏(Sabotage)/宠物/DoT 纳入/Web UI；已由 generic_shaped_charge_2520_test.go + 计划 backend lol_generic_shaped_charge_2520_seed.sql / LolGenericShapedCharge2520SeedSqlTest.java 闭环；不声称 live migrate/publish。",,,,,,,,最小验证/V2-Batch-G-adc-passive-audit.json#item_passive|2520|item_passive|成型炸药:out_of_scope_for_single_target_dps;最小验证/generic-g8-adc-passive-coverage-audit.json#item_passive|2520|item_passive|成型炸药:migrated,wasm-generic-shaped-charge-2520|db/game_manage/seeds/lol_generic_shaped_charge_2520_seed.sql|backend;wasm-generic-shaped-charge-2520|wasm/tinygo_engine_v2/internal/runtime/generic_shaped_charge_2520_test.go|wasm,,
item_passive|2520|item_passive|破坏,out_of_scope,none,generic_runtime,item_passive,2520,item_passive,破坏,meta_or_non_target_dps|turret_epic_monster,,破坏：仅作用于防御塔/史诗野怪/非英雄单位，非英雄主目标 DPS；审计边界外。,,,,,,building_or_epic_monster_damage,"{""sourceRef"":""数据参考/lol-wiki-current-champions/identity-manifest.json"",""sourceTextSummary"":""参与击杀一个在3秒内被你造成过伤害的英雄后，提供持续90秒的【蓄意破坏】。在你拥有【蓄意破坏】时，你对史诗级野怪或防御塔的下一次攻击会在3秒里持续造成额外0真实伤害。"",""reviewedPrimaryTargetDamageBranch"":true,""boundaryCategory"":""building_or_nonchampion_only"",""excludedBehavior"":""building_or_epic_monster_damage"",""boundaryReason"":""破坏：仅作用于防御塔/史诗野怪/非英雄单位，非英雄主目标 DPS；审计边界外。"",""damageRelevantSubBranchDisposition"":""other_target_or_building_only""}",最小验证/V2-Batch-G-adc-passive-audit.json#item_passive|2520|item_passive|破坏:out_of_scope_for_single_target_dps;最小验证/generic-g8-adc-passive-coverage-audit.json#item_passive|2520|item_passive|破坏:out_of_scope,,,
item_passive|2523|item_passive|奥术瞄准,out_of_scope,none,generic_runtime,item_passive,2523,item_passive,奥术瞄准,takedown_attack_range_only,,2523 Arcane Aim/奥术瞄准：takedown 后 +100 攻击距离持续 8 秒，无伤害增量；审计边界外。同装备 Magnification/高倍望远镜为独立完成口径，不得合并。,,,,,,post_kill_or_takedown_utility,"{""sourceRef"":""数据参考/lol-wiki-current-champions/identity-manifest.json"",""sourceTextSummary"":""当一个你在3秒内造成过伤害的英雄阵亡时，你获得持续8秒的100额外攻击距离。"",""reviewedPrimaryTargetDamageBranch"":true,""boundaryCategory"":""economy_or_post_takedown"",""excludedBehavior"":""post_kill_or_takedown_utility"",""boundaryReason"":""奥术瞄准：击杀/经济收益发生在当前唯一主目标死亡之后，encounter 已结束；审计边界外。"",""damageRelevantSubBranchDisposition"":""post_kill_next_encounter_only""}",最小验证/V2-Batch-G-adc-passive-audit.json#item_passive|2523|item_passive|奥术瞄准:out_of_scope_for_single_target_dps;最小验证/generic-g8-adc-passive-coverage-audit.json#item_passive|2523|item_passive|奥术瞄准:out_of_scope,,,
item_passive|2523|item_passive|高倍望远镜,completed,full,generic_runtime,item_passive,2523,item_passive,高倍望远镜,fixed_maximum_multiplier|outgoing_pre_mitigation_basic_damage_amp,,2523 Magnification/高倍望远镜：用户批准 fixed-max 口径——每个 eligible basic-damage instance 使用最大 1.10 outgoing pre-mitigation multiplier；wasm-generic-pipeline-damage-modifier + backend lol_generic_pipeline_damage_items_seed.sql 闭环。距离分段为用户排除分支，非 blocker；奥术瞄准仍单独 out_of_scope。,,,,,,,,最小验证/V2-Batch-G-adc-passive-audit.json#item_passive|2523|item_passive|高倍望远镜:already_covered;最小验证/generic-g8-adc-passive-coverage-audit.json#item_passive|2523|item_passive|高倍望远镜:migrated,wasm-generic-pipeline-damage-modifier|db/game_manage/seeds/lol_generic_pipeline_damage_items_seed.sql|backend;wasm-generic-pipeline-damage-modifier|wasm/tinygo_engine_v2/internal/runtime/generic_pipeline_damage_modifier_test.go|wasm,,
item_passive|3004|item_passive|敬畏,completed,full,generic_runtime,item_passive,3004,item_passive,敬畏,source_only_dynamic_mana_max_ad_modifier,,item 3004 敬畏已由 wasm-generic-manamune-awe 批次闭环：source-only 动态 AD = 0.02 * source.attr.mana.max；mana.max 0/1000/2000 → +0/+20/+40；无 event/state。,,,,,,,,最小验证/V2-Batch-G-adc-passive-audit.json#item_passive|3004|item_passive|敬畏:needs_manual_baseline;最小验证/generic-g8-adc-passive-coverage-audit.json#item_passive|3004|item_passive|敬畏:migrated,wasm-generic-manamune-awe|db/game_manage/seeds/lol_generic_manamune_awe_seed.sql|backend;wasm-generic-manamune-awe|wasm/tinygo_engine_v2/internal/runtime/generic_manamune_awe_test.go|wasm,,coefficient_bucket|ad_flat_bonus
item_passive|3004|item_passive|法力流,blocked_runtime,none,generic_runtime,item_passive,3004,item_passive,法力流,attack_or_ability_hit_resource_gain|periodic_charge_tick|state_driven_max_mana_and_transform,,法力流现行合同数值已齐：每8秒至多4层；普攻或技能命中消耗一层并+3最大法力（对英雄+6），上限360后转变魔切。非数据缺口；缺 periodic_charge_tick / attack_or_ability_hit_resource_gain / state_driven_max_mana_and_transform runtime。,missing_periodic_charge_tick_and_ability_hit_resource_gain_and_mana_transform_runtime,,,missing_periodic_charge_tick_and_ability_hit_resource_gain_and_mana_transform_runtime,"{""sourceRef"":""最小验证/数据/build-unified-mechanism-inventory.mjs#synthesize:item_passive|3004|item_passive|法力流"",""dataStatus"":""complete"",""requiredEvents"":[],""requiredState"":[],""requiredFormulaInputs"":[],""requiredScheduling"":[],""missingPrimitives"":[""missing_periodic_charge_tick_and_ability_hit_resource_gain_and_mana_transform_runtime""],""remainingBoundary"":""按 mechanismTags/blocker 推导的 runtime 缺口：missing_periodic_charge_tick_and_ability_hit_resource_gain_and_mana_transform_runtime""}",,,最小验证/V2-Batch-G-adc-passive-audit.json#item_passive|3004|item_passive|法力流:needs_manual_baseline;最小验证/generic-g8-adc-passive-coverage-audit.json#item_passive|3004|item_passive|法力流:blocked,,,
item_passive|3026|item_passive|重生,out_of_scope,none,generic_runtime,item_passive,3026,item_passive,重生,meta_or_non_target_dps|resurrection,,重生：纯治疗/护盾/生存/免死，不增加对主目标输出；审计边界外。,,,,,,revive_or_death_save,"{""sourceRef"":""数据参考/lol-wiki-current-champions/identity-manifest.json"",""sourceTextSummary"":""你的英雄在受到致命伤害时，会在凝滞4秒后原地复活，恢复50%基础生命值和100%最大法力值。"",""reviewedPrimaryTargetDamageBranch"":true,""boundaryCategory"":""pure_heal_shield_survival"",""excludedBehavior"":""revive_or_death_save"",""boundaryReason"":""重生：纯治疗/护盾/生存/免死，不增加对主目标输出；审计边界外。"",""damageRelevantSubBranchDisposition"":""no_primary_target_damage_branch""}",最小验证/V2-Batch-G-adc-passive-audit.json#item_passive|3026|item_passive|重生:out_of_scope_for_single_target_dps;最小验证/generic-g8-adc-passive-coverage-audit.json#item_passive|3026|item_passive|重生:out_of_scope,,,
item_passive|3031|item_passive|无被动或仅主动/属性,out_of_scope,none,generic_runtime,item_passive,3031,item_passive,无被动或仅主动/属性,cross_capability_crit_modifier|stat_only_or_active_only,,无被动或仅主动/属性：静态属性或仅主动效果，不构成被动主目标伤害分支；审计边界外。,,,,,,static_stats_or_active_only,"{""sourceRef"":""数据参考/lol-wiki-current-champions/identity-manifest.json"",""sourceTextSummary"":""75攻击力 25%暴击几率 30%暴击伤害"",""reviewedPrimaryTargetDamageBranch"":true,""boundaryCategory"":""stat_or_active_only"",""excludedBehavior"":""static_stats_or_active_only"",""boundaryReason"":""无被动或仅主动/属性：静态属性或仅主动效果，不构成被动主目标伤害分支；审计边界外。"",""damageRelevantSubBranchDisposition"":""trigger_phrase_no_damage_amp""}",最小验证/V2-Batch-G-adc-passive-audit.json#item_passive|3031|item_passive|无被动或仅主动/属性:out_of_scope_for_single_target_dps;最小验证/generic-g8-adc-passive-coverage-audit.json#item_passive|3031|item_passive|无被动或仅主动/属性:out_of_scope,wasm-generic-crit-modifier-infinity-edge|db/game_manage/seeds/lol_generic_crit_modifier_seed.sql|backend,,
item_passive|3032|item_passive|熟能生巧,completed,full,generic_runtime,item_passive,3032,item_passive,熟能生巧,permanent_stacking_dynamic_crit_modifier,,"item 3032 熟能生巧已由 wasm-generic-yun-tal-practice-makes-lethal 批次闭环：每次 source-owner ORIGINAL basic_attack_hit 永久 +1 practice_crit_stacks（上限 63）；暴击率动态 min(0.25, 0.004 * state)；仅 phantom/copied-on-hit 回放不计层。",,,,,,,,最小验证/V2-Batch-G-adc-passive-audit.json#item_passive|3032|item_passive|熟能生巧:needs_manual_baseline;最小验证/generic-g8-adc-passive-coverage-audit.json#item_passive|3032|item_passive|熟能生巧:migrated,wasm-generic-yun-tal-practice-makes-lethal|db/game_manage/seeds/lol_generic_yun_tal_practice_makes_lethal_seed.sql|backend;wasm-generic-yun-tal-practice-makes-lethal|wasm/tinygo_engine_v2/internal/runtime/generic_yun_tal_practice_makes_lethal_test.go|wasm,,
item_passive|3032|item_passive|疾风骤雨,completed,full,generic_runtime,item_passive,3032,item_passive,疾风骤雨,attack_crit_cooldown_interaction|timed_attack_speed_modifier,,"item 3032 疾风骤雨/Flurry：League Wiki Module:ItemData/data revid 4030984 / hash e7818effb888c6d2474496ee20378ecb57e335ccf9ace16630fda7d0daceac2d；classic 伤害分支——对英雄普攻武装 +30% bonus AS for 6000ms、30000ms cooldown；listener event/damage_instance + ability/basic_attack + event/source_owner 且 perCastThrottleMs=1；每次普攻伤害实例以 state_duration_change 按 1000+1000*clamp(event.damage.effectiveCritChance,0,1) ms 缩短剩余冷却；首击先武装 active+cooldown 再立即减冷却。已由 generic_yun_tal_flurry_3032_test.go + backend lol_generic_yun_tal_flurry_3032_seed.sql / LolGenericYunTalFlurry3032SeedSqlTest 双边闭环。明确排除 projectile/launch-vs-hit 时序（超出 1v1 damage_instance 近似）、RNG、Arena、non-champion/multi-target、live migration/publish，故标 migrated/completed；不声称 live migrate/publish。",,,,,,,,最小验证/V2-Batch-G-adc-passive-audit.json#item_passive|3032|item_passive|疾风骤雨:out_of_scope_for_single_target_dps;最小验证/generic-g8-adc-passive-coverage-audit.json#item_passive|3032|item_passive|疾风骤雨:migrated,wasm-generic-min-validation-coverage-audit|db/game_manage/seeds/lol_generic_yun_tal_flurry_3032_seed.sql|backend;wasm-generic-min-validation-coverage-audit|wasm/tinygo_engine_v2/internal/runtime/generic_yun_tal_flurry_3032_test.go|wasm,,
item_passive|3033|item_passive|重伤,out_of_scope,none,generic_runtime,item_passive,3033,item_passive,重伤,grievous_wounds_only,,重伤：纯控制/减速/重伤，无主目标伤害增量；审计边界外。,,,,,,grievous_wounds_only,"{""sourceRef"":""数据参考/lol-wiki-current-champions/identity-manifest.json"",""sourceTextSummary"":""对敌方英雄造成物理伤害时会施加40%重伤效果，持续3秒。"",""reviewedPrimaryTargetDamageBranch"":true,""boundaryCategory"":""pure_control_or_debuff"",""excludedBehavior"":""grievous_wounds_only"",""boundaryReason"":""重伤：纯控制/减速/重伤，无主目标伤害增量；审计边界外。"",""damageRelevantSubBranchDisposition"":""trigger_phrase_no_damage_amp""}",最小验证/V2-Batch-G-adc-passive-audit.json#item_passive|3033|item_passive|重伤:needs_manual_baseline;最小验证/generic-g8-adc-passive-coverage-audit.json#item_passive|3033|item_passive|重伤:out_of_scope,,,
item_passive|3036|item_passive|巨人杀手,completed,full,generic_runtime,item_passive,3036,item_passive,巨人杀手,bonus_health_ratio|outgoing_damage_modifier,,3036 Giant Slayer/巨人杀手：Wiki 目标 bonus health 每 100 +1% 最多 15%（1500）outgoing damage amp；wasm-generic-pipeline-damage-modifier + backend lol_generic_pipeline_damage_items_seed.sql 闭环——bonus HP 0/400/1500/2000 → 100/104/115/115；当前 1v1 max-base 代理（target.attr.hp.max - target.attr.hp.base）；不声称 non-champion 过滤或 live publish。,,,,,,,,最小验证/V2-Batch-G-adc-passive-audit.json#item_passive|3036|item_passive|巨人杀手:needs_runtime_extension;最小验证/V2-BatchV-A-data-policy-items.seed.json#item_3036_lord_dominiks_giant_slayer_batch_v_a:seed_skill;最小验证/generic-g8-adc-passive-coverage-audit.json#item_passive|3036|item_passive|巨人杀手:migrated,wasm-generic-pipeline-damage-modifier|db/game_manage/seeds/lol_generic_pipeline_damage_items_seed.sql|backend;wasm-generic-pipeline-damage-modifier|wasm/tinygo_engine_v2/internal/runtime/generic_pipeline_damage_modifier_test.go|wasm,item_3036_lord_dominiks_giant_slayer_batch_v_a,coefficient_bucket|outgoing_damage_amp
item_passive|3046|item_passive|幽影华尔兹,out_of_scope,none,generic_runtime,item_passive,3046,item_passive,幽影华尔兹,meta_or_non_target_dps,,幽影华尔兹：纯移速/冲刺/位移，无主目标伤害增量；审计边界外。,,,,,,movement_speed_or_dash,"{""sourceRef"":""数据参考/lol-wiki-current-champions/identity-manifest.json"",""sourceTextSummary"":""变为幽灵状态。"",""reviewedPrimaryTargetDamageBranch"":true,""boundaryCategory"":""pure_movement_or_dash"",""excludedBehavior"":""movement_speed_or_dash"",""boundaryReason"":""幽影华尔兹：纯移速/冲刺/位移，无主目标伤害增量；审计边界外。"",""damageRelevantSubBranchDisposition"":""no_primary_target_damage_branch""}",最小验证/V2-Batch-G-adc-passive-audit.json#item_passive|3046|item_passive|幽影华尔兹:out_of_scope_for_single_target_dps;最小验证/generic-g8-adc-passive-coverage-audit.json#item_passive|3046|item_passive|幽影华尔兹:out_of_scope,,,
item_passive|3071|item_passive|切割,completed,full,generic_runtime,item_passive,3071,item_passive,切割,armor_shred|linked_effects|stacking_stat_modifier_on_hit,,当前 Carve 合同 6%×5 / 6000ms refresh-expiry 已由 generic_linked_effects_test.go 经 provider_target 结构化状态 + opponent percent_add modifier + root physical damage_dealt 原语闭环；不声称 live migrate/publish。,,,,,,,,最小验证/V2-Batch-G-adc-passive-audit.json#item_passive|3071|item_passive|切割:needs_runtime_extension;最小验证/V2-Batch-P-target-equipment-linked-effects-audit.json#batch_p_black_cleaver_carve:alias_attachment;最小验证/generic-g8-adc-passive-coverage-audit.json#item_passive|3071|item_passive|切割:partial,wasm-generic-linked-effects-black-cleaver|db/game_manage/seeds/lol_generic_linked_effects_seed.sql|backend;wasm-generic-linked-effects-black-cleaver|wasm/tinygo_engine_v2/internal/runtime/generic_linked_effects_test.go|wasm,batch_p_black_cleaver_carve,
item_passive|3071|item_passive|热烈,out_of_scope,none,generic_runtime,item_passive,3071,item_passive,热烈,movement_only,,3071 热烈/Fervor 仅为造成物理伤害后获得 20 移速持续 2 秒，无伤害分支；审计边界外。,,,,,,movement_speed_or_dash,"{""sourceRef"":""数据参考/lol-wiki-current-champions/identity-manifest.json"",""sourceTextSummary"":""造成物理伤害时会提供持续2秒的20移动速度。"",""reviewedPrimaryTargetDamageBranch"":true,""boundaryCategory"":""pure_movement_or_dash"",""excludedBehavior"":""movement_speed_or_dash"",""boundaryReason"":""热烈：纯移速/冲刺/位移，无主目标伤害增量；审计边界外。"",""damageRelevantSubBranchDisposition"":""trigger_phrase_no_damage_amp""}",最小验证/V2-Batch-G-adc-passive-audit.json#item_passive|3071|item_passive|热烈:needs_manual_baseline;最小验证/generic-g8-adc-passive-coverage-audit.json#item_passive|3071|item_passive|热烈:out_of_scope,,,
item_passive|3072|item_passive|灵液护盾,out_of_scope,none,generic_runtime,item_passive,3072,item_passive,灵液护盾,survivability_only,,灵液护盾：纯治疗/护盾/生存/免死，不增加对主目标输出；审计边界外。,,,,,,self_shield_or_survivability,"{""sourceRef"":""数据参考/lol-wiki-current-champions/identity-manifest.json"",""sourceTextSummary"":""将来自你的生命偷取的溢出治疗效果转化为护盾值。"",""reviewedPrimaryTargetDamageBranch"":true,""boundaryCategory"":""pure_heal_shield_survival"",""excludedBehavior"":""self_shield_or_survivability"",""boundaryReason"":""灵液护盾：纯治疗/护盾/生存/免死，不增加对主目标输出；审计边界外。"",""damageRelevantSubBranchDisposition"":""no_primary_target_damage_branch""}",最小验证/V2-Batch-G-adc-passive-audit.json#item_passive|3072|item_passive|灵液护盾:out_of_scope_for_single_target_dps;最小验证/generic-g8-adc-passive-coverage-audit.json#item_passive|3072|item_passive|灵液护盾:out_of_scope,,,
item_passive|3073|item_passive|海克斯充能,out_of_scope,none,generic_runtime,item_passive,3073,item_passive,海克斯充能,cooldown_or_haste_without_rotation,,海克斯充能：纯冷却缩减/技能急速，无主目标伤害增量；审计边界外。,,,,,,cooldown_haste_without_damage,"{""sourceRef"":""数据参考/lol-wiki-current-champions/identity-manifest.json"",""sourceTextSummary"":""获得30终极技能急速。"",""reviewedPrimaryTargetDamageBranch"":true,""boundaryCategory"":""cooldown_or_ability_haste_only"",""excludedBehavior"":""cooldown_haste_without_damage"",""boundaryReason"":""海克斯充能：纯冷却缩减/技能急速，无主目标伤害增量；审计边界外。"",""damageRelevantSubBranchDisposition"":""no_primary_target_damage_branch""}",最小验证/V2-Batch-G-adc-passive-audit.json#item_passive|3073|item_passive|海克斯充能:out_of_scope_for_single_target_dps;最小验证/generic-g8-adc-passive-coverage-audit.json#item_passive|3073|item_passive|海克斯充能:out_of_scope,,,
item_passive|3073|item_passive|过载,completed,full,generic_runtime,item_passive,3073,item_passive,过载,attack_speed_percent_add|ultimate_cast_timed_attack_speed,,"item 3073 过载/Overdrive：League Wiki Module:ItemData/data revid 4030984 / hash e7818effb888c6d2474496ee20378ecb57e335ccf9ace16630fda7d0daceac2d（current-items.normalized.json#item_3073_Overdrive）；classic/ranged 伤害分支——ad=40 / attack_speed=0.20 / hp=450；终极施放武装 +0.50 bonus AS for [0,8000ms)，30000ms CD starts on cast。已由 generic_experimental_hexplate_3073_test.go + backend lol_generic_experimental_hexplate_3073_seed.sql / LolGenericExperimentalHexplate3073SeedSqlTest 双边闭环。明确排除 +20% movement speed、Hexcharged 30 ultimate haste、melee 35%/14%、Arena、non-champion/multi-target，故标 completed/full；不声称 live migrate/publish。",,,,,,,,最小验证/V2-Batch-G-adc-passive-audit.json#item_passive|3073|item_passive|过载:needs_manual_baseline;最小验证/generic-g8-adc-passive-coverage-audit.json#item_passive|3073|item_passive|过载:migrated,wasm-generic-min-validation-coverage-audit|db/game_manage/seeds/lol_generic_experimental_hexplate_3073_seed.sql|backend;wasm-generic-min-validation-coverage-audit|wasm/tinygo_engine_v2/internal/runtime/generic_experimental_hexplate_3073_test.go|wasm,,
item_passive|3074|item_passive|顺劈,out_of_scope,none,generic_runtime,item_passive,3074,item_passive,顺劈,multi_target_or_area,,顺劈：该 component 伤害仅作用于额外目标，主目标不受该 component 伤害；审计边界外。,,,,,,other_target_or_aoe_damage,"{""sourceRef"":""数据参考/lol-wiki-current-champions/identity-manifest.json"",""sourceTextSummary"":""攻击会对附近的敌人们造成物理伤害。"",""reviewedPrimaryTargetDamageBranch"":true,""boundaryCategory"":""other_targets_only"",""excludedBehavior"":""other_target_or_aoe_damage"",""boundaryReason"":""顺劈：该 component 伤害仅作用于额外目标，主目标不受该 component 伤害；审计边界外。"",""damageRelevantSubBranchDisposition"":""other_target_or_building_only""}",最小验证/V2-Batch-G-adc-passive-audit.json#item_passive|3074|item_passive|顺劈:out_of_scope_for_single_target_dps;最小验证/generic-g8-adc-passive-coverage-audit.json#item_passive|3074|item_passive|顺劈:out_of_scope,,,
item_passive|3075|item_passive|荆棘,completed,full,generic_runtime,item_passive,3075,item_passive,荆棘,on_damage_taken_reflect,batch_p_thornmail;wiki_formula_ready;generic_wiki_ready_items_closed,荆棘/Thorns 当前 generic ABI：被真实普攻命中时对攻击者造成 20(+10% bonus armor) 魔法伤害；bonus armor 0/100→raw 20/30，经 MR；每真实普攻一次、不递归；重伤分支本口径不宣称；wasm generic_wiki_ready_items_test.go + backend lol_generic_wiki_ready_items_seed.sql；旧固定 20 简化作废；不声称 live migrate/publish。,,,,,,,,最小验证/V2-Batch-P-target-equipment-linked-effects-audit.json#3075:publishConditions;最小验证/V2-Batch-P-target-equipment-linked-effects.seed.json#item_3075_thornmail_thorns_dps_v2:seed_skill,wasm-generic-wiki-ready-items|db/game_manage/seeds/lol_generic_wiki_ready_items_seed.sql|backend;wasm-generic-wiki-ready-items|wasm/tinygo_engine_v2/internal/runtime/generic_wiki_ready_items_test.go|wasm,batch_p_thorns|item_3075_thornmail_thorns_dps_v2,
item_passive|3078|item_passive|加快,out_of_scope,none,generic_runtime,item_passive,3078,item_passive,加快,movement_only,,加快：纯移速/冲刺/位移，无主目标伤害增量；审计边界外。,,,,,,movement_speed_or_dash,"{""sourceRef"":""数据参考/lol-wiki-current-champions/identity-manifest.json"",""sourceTextSummary"":""攻击一个单位时会提供持续2秒的20移动速度。"",""reviewedPrimaryTargetDamageBranch"":true,""boundaryCategory"":""pure_movement_or_dash"",""excludedBehavior"":""movement_speed_or_dash"",""boundaryReason"":""加快：纯移速/冲刺/位移，无主目标伤害增量；审计边界外。"",""damageRelevantSubBranchDisposition"":""trigger_phrase_no_damage_amp""}",最小验证/V2-Batch-G-adc-passive-audit.json#item_passive|3078|item_passive|加快:needs_manual_baseline;最小验证/generic-g8-adc-passive-coverage-audit.json#item_passive|3078|item_passive|加快:out_of_scope,,,
item_passive|3078|item_passive|咒刃,completed,full,generic_runtime,item_passive,3078,item_passive,咒刃,spellblade_next_attack_state,,item 3078 咒刃已由 wasm-generic-spellblade 批次 seed/mount + generic_spellblade_test.go 闭环。,,,,,,,,最小验证/V2-Batch-G-adc-passive-audit.json#item_passive|3078|item_passive|咒刃:needs_runtime_extension;最小验证/V2-Batch-L-spellblade-next-attack-audit.json#batch_l_spellblade_superseded_by_m:superseded_evidence;最小验证/V2-Batch-M-attr-read-trinity-base-ad-audit.json#batch_m_trinity_spellblade:alias_attachment;最小验证/generic-g8-adc-passive-coverage-audit.json#item_passive|3078|item_passive|咒刃:migrated,wasm-generic-spellblade|db/game_manage/seeds/lol_generic_spellblade_seed.sql|backend;wasm-generic-spellblade|wasm/tinygo_engine_v2/internal/runtime/generic_spellblade_test.go|wasm,batch_l_spellblade_superseded_by_m|batch_l_superseded_by_batch_m|batch_m_trinity_spellblade,
item_passive|3082|item_passive|坚如磐石,completed,full,generic_runtime,item_passive,3082,item_passive,坚如磐石,incoming_damage_modifier|incoming_damage_reduction|post_mitigation_final|rock_solid,batch_v_b_wardens_mail;pipeline_damage_modifier_closed,"3082 Rock Solid/坚如磐石：target-owned、每次施法首段 post-mitigation basic-damage；final=max(input-15,input*0.8)（等价 reduce min(15,20%)）；wasm-generic-pipeline-damage-modifier 交叉验证 100→85、50→40 与两段命中/下一施法 reset；backend lol_generic_pipeline_damage_items_seed.sql。非 G8 candidate，经 EXTRA_MECHANISMS 闭环；不声称 live migrate/publish。",,,,,,,,最小验证/V2-BatchV-B-3082-wardens-mail.seed.json#item_3082_wardens_mail_rock_solid_batch_v_b:seed_present,wasm-generic-pipeline-damage-modifier|db/game_manage/seeds/lol_generic_pipeline_damage_items_seed.sql|backend;wasm-generic-pipeline-damage-modifier|wasm/tinygo_engine_v2/internal/runtime/generic_pipeline_damage_modifier_test.go|wasm,item_3082_wardens_mail_rock_solid_batch_v_b,
item_passive|3085|item_passive|风怒,out_of_scope,none,generic_runtime,item_passive,3085,item_passive,风怒,multi_target_or_area,,风怒：该 component 伤害仅作用于额外目标，主目标不受该 component 伤害；审计边界外。,,,,,,other_target_or_aoe_damage,"{""sourceRef"":""数据参考/lol-wiki-current-champions/identity-manifest.json"",""sourceTextSummary"":""攻击对目标附近的2个额外敌人发射弩箭。 每根弩箭造成物理伤害并施加攻击特效。"",""reviewedPrimaryTargetDamageBranch"":true,""boundaryCategory"":""other_targets_only"",""excludedBehavior"":""other_target_or_aoe_damage"",""boundaryReason"":""风怒：该 component 伤害仅作用于额外目标，主目标不受该 component 伤害；审计边界外。"",""damageRelevantSubBranchDisposition"":""other_target_or_building_only""}",最小验证/V2-Batch-G-adc-passive-audit.json#item_passive|3085|item_passive|风怒:out_of_scope_for_single_target_dps;最小验证/generic-g8-adc-passive-coverage-audit.json#item_passive|3085|item_passive|风怒:out_of_scope,,,
item_passive|3087|item_passive|电火花,out_of_scope,none,generic_runtime,item_passive,3087,item_passive,电火花,energized_bounce|multi_target_or_area,,电火花：该 component 伤害仅作用于额外目标，主目标不受该 component 伤害；审计边界外。,,,,,,other_target_or_aoe_damage,"{""sourceRef"":""数据参考/lol-wiki-current-champions/identity-manifest.json"",""sourceTextSummary"":""你的盈能攻击会发射连锁闪电，造成附带攻击特效，并且对附近的目标们造成魔法伤害。"",""reviewedPrimaryTargetDamageBranch"":true,""boundaryCategory"":""other_targets_only"",""excludedBehavior"":""other_target_or_aoe_damage"",""boundaryReason"":""电火花：该 component 伤害仅作用于额外目标，主目标不受该 component 伤害；审计边界外。"",""damageRelevantSubBranchDisposition"":""other_target_or_building_only""}",最小验证/V2-Batch-G-adc-passive-audit.json#item_passive|3087|item_passive|电火花:out_of_scope_for_single_target_dps;最小验证/generic-g8-adc-passive-coverage-audit.json#item_passive|3087|item_passive|电火花:out_of_scope,,,
item_passive|3087|item_passive|电疗,completed,full,generic_runtime,item_passive,3087,item_passive,电疗,energized_charge_and_consume,,item 3087 电疗主目标 Energized provider 已由 wasm-generic-statikk-shiv-energized 批次闭环（+15 charge / 上限 100 / 60 魔法伤害；source-owner basic_attack_hit；条件性 consume 后无条件 recharge）。,,,,,,,,最小验证/V2-Batch-G-adc-passive-audit.json#item_passive|3087|item_passive|电疗:needs_runtime_extension;最小验证/generic-g8-adc-passive-coverage-audit.json#item_passive|3087|item_passive|电疗:migrated,wasm-generic-statikk-shiv-energized|db/game_manage/seeds/lol_generic_statikk_shiv_energized_seed.sql|backend;wasm-generic-statikk-shiv-energized|wasm/tinygo_engine_v2/internal/runtime/generic_statikk_shiv_energized_test.go|wasm,,
item_passive|3091|item_passive|喧争,completed,full,generic_runtime,item_passive,3091,item_passive,喧争,flat_magic_damage|on_hit,,item 3091 喧争已由 wasm-generic-wits-end-fray 批次闭环：source-owner ORIGINAL basic_attack_hit 造成恒定 45 额外魔法 on-hit；copyable_on_hit=true；Guinsoo phantom/copied-on-hit 回放可精确复制一次且不递归；不建模吸血元数据。,,,,,,,,最小验证/V2-Batch-G-adc-passive-audit.json#item_passive|3091|item_passive|喧争:needs_manual_baseline;最小验证/generic-g8-adc-passive-coverage-audit.json#item_passive|3091|item_passive|喧争:migrated,wasm-generic-wits-end-fray|db/game_manage/seeds/lol_generic_wits_end_fray_seed.sql|backend;wasm-generic-wits-end-fray|wasm/tinygo_engine_v2/internal/runtime/generic_wits_end_fray_test.go|wasm,,
item_passive|3094|item_passive|神射手,completed,full,generic_runtime,item_passive,3094,item_passive,神射手,energized_charge_and_consume,,item 3094 神射手已由 wasm-generic-energized 批次 seed/mount + generic_energized_test.go 闭环。,,,,,,,,最小验证/V2-Batch-G-adc-passive-audit.json#item_passive|3094|item_passive|神射手:needs_runtime_extension;最小验证/V2-FullItem-3094-rapid-firecannon-energized.seed.json#item_3094_rapid_firecannon_energized_dps_v2:seed_skill;最小验证/V2-full-item-dps-coverage-20260615.json#fullitem_3094_energized_container:alias_attachment;最小验证/generic-g8-adc-passive-coverage-audit.json#item_passive|3094|item_passive|神射手:migrated,wasm-generic-energized|db/game_manage/seeds/lol_generic_energized_seed.sql|backend;wasm-generic-energized|wasm/tinygo_engine_v2/internal/runtime/generic_energized_test.go|wasm,fullitem_3094_energized_container|item_3094_rapid_firecannon_energized_dps_v2,
item_passive|3097|item_passive|弩箭,completed,full,generic_runtime,item_passive,3097,item_passive,弩箭,energized_precharged_bolt_consume,,弩箭/Bolt 当前 generic ABI（仅预充能口径）：初始 charge=100；首次真实普攻造成 100 额外魔法伤害并消费；第二次不 proc；phantom/copied-on-hit 不额外触发；移速分支与 3097 盈能充能速率不在本口径；wasm generic_wiki_ready_items_test.go + backend lol_generic_wiki_ready_items_seed.sql；不声称 live migrate/publish。,,,,,,,,最小验证/V2-Batch-G-adc-passive-audit.json#item_passive|3097|item_passive|弩箭:needs_runtime_extension;最小验证/generic-g8-adc-passive-coverage-audit.json#item_passive|3097|item_passive|弩箭:migrated,wasm-generic-wiki-ready-items|db/game_manage/seeds/lol_generic_wiki_ready_items_seed.sql|backend;wasm-generic-wiki-ready-items|wasm/tinygo_engine_v2/internal/runtime/generic_wiki_ready_items_test.go|wasm,,
item_passive|3097|item_passive|盈能,blocked_data,none,generic_runtime,item_passive,3097,item_passive,盈能,energized_charge_and_consume,,3097 Energized/盈能：本地 Wiki 仅写移动与普攻生成充能至 100，缺精确移动/普攻充能速率；与 Bolt 预充能伤害口径分开，继续 blocked_data。,missing_precise_energize_move_and_attack_charge_rates_in_local_wiki,move_charge_rate|attack_charge_rate,"{""sourceVersion"":""lol-wiki-item-rev-4030984"",""sourceRef"":""数据参考/lol-wiki-current-items/manifest.json@revid4030984;数据参考/lol-wiki-current-items/current-items.normalized.json#item_3097/effects.pass"",""availableEffectTables"":{},""availableCooldowns"":[],""availableCosts"":{},""tooltipPlaceholders"":[],""unresolvedDamagePlaceholders"":[],""varsMapEmpty"":true,""variablesEmpty"":true,""variables"":[],""missingFields"":[""move_charge_rate"",""attack_charge_rate""],""gapKind"":""status_charge_rate"",""reasonZh"":""3097 Energized/盈能：本地 Wiki 仅写移动与普攻生成充能至 100，缺精确移动/普攻充能速率；与 Bolt 预充能伤害口径分开，继续 blocked_data。"",""blocker"":""missing_precise_energize_move_and_attack_charge_rates_in_local_wiki""}",,,,,最小验证/V2-Batch-G-adc-passive-audit.json#item_passive|3097|item_passive|盈能:needs_runtime_extension;最小验证/generic-g8-adc-passive-coverage-audit.json#item_passive|3097|item_passive|盈能:blocked,,,
item_passive|3100|item_passive|咒刃,completed,full,generic_runtime,item_passive,3100,item_passive,咒刃,spellblade_next_attack_state,,item 3100 巫妖之祸咒刃已由 lich-bane seed + generic_spellblade_test.go（Lich section）闭环（含 ready AS / intervalFormula cadence）。,,,,,,,,最小验证/V2-Batch-G-adc-passive-audit.json#item_passive|3100|item_passive|咒刃:needs_runtime_extension;最小验证/V2-BatchV-equipment-tooltip-passive-candidates.seed.json#item_3100_lich_bane_spellblade_dps_v2:seed_skill;最小验证/generic-g8-adc-passive-coverage-audit.json#item_passive|3100|item_passive|咒刃:migrated,wasm-generic-lich-bane-spellblade|db/game_manage/seeds/lol_generic_lich_bane_spellblade_seed.sql|backend;wasm-generic-lich-bane-spellblade|wasm/tinygo_engine_v2/internal/runtime/generic_spellblade_test.go|wasm,item_3100_lich_bane_spellblade_dps_v2,
item_passive|3115|item_passive|艾卡西亚之咬,completed,full,generic_runtime,item_passive,3115,item_passive,艾卡西亚之咬,ap_ratio|formula_on_hit|on_hit,,item 3115 on-hit 已由 formula-onhit seed + generic_completed_onhit_mechanisms_test.go（commit 3314c24）闭环。,,,,,,,,最小验证/V2-Batch-G-adc-passive-audit.json#item_passive|3115|item_passive|艾卡西亚之咬:needs_manual_baseline;最小验证/V2-BatchV-equipment-tooltip-passive-candidates.seed.json#item_3115_nashors_tooth_icathian_bite_dps_v2:seed_skill;最小验证/generic-g8-adc-passive-coverage-audit.json#item_passive|3115|item_passive|艾卡西亚之咬:migrated,wasm-generic-completed-onhit-mechanisms|wasm/tinygo_engine_v2/internal/runtime/generic_completed_onhit_mechanisms_test.go|wasm;wasm-generic-formula-onhit-batch|db/game_manage/seeds/lol_formula_on_hit_mechanisms_seed.sql|backend,item_3115_nashors_tooth_icathian_bite_dps_v2,
item_passive|3124|item_passive|怨怒,completed,full,generic_runtime,item_passive,3124,item_passive,怨怒,flat_magic_damage|on_hit,,item 3124 怨怒 on-hit 已由 adc-item-passives-base seed + generic_completed_onhit_mechanisms_test.go（commit 3314c24）闭环。,,,,,,,,最小验证/V2-Batch-G-adc-passive-audit.json#item_passive|3124|item_passive|怨怒:already_covered;最小验证/V2-Batch-K-guinsoo-phantom-hit-audit.json#batch_k_guinsoo_wrath:alias_attachment;最小验证/generic-g8-adc-passive-coverage-audit.json#item_passive|3124|item_passive|怨怒:migrated,wasm-generic-adc-item-passives-base|db/game_manage/seeds/lol_adc_item_on_hit_passives_seed.sql|backend;wasm-generic-completed-onhit-mechanisms|wasm/tinygo_engine_v2/internal/runtime/generic_completed_onhit_mechanisms_test.go|wasm,batch_k_guinsoo_wrath,
item_passive|3124|item_passive|沸腾打击,completed,full,generic_runtime,item_passive,3124,item_passive,沸腾打击,phantom_hit_on_hit_repeat|stacking_stat_modifier_on_hit,,满层后每第三次攻击 phantom（连续 7/10/13…）；到达第 4 层不计 counter；generic state_change+condition+conditional repeat 已由 generic_guinsoo_k_test.go TestGenericRunGuinsooCadenceEveryThirdAtFull 闭环，非 threshold-repeat alone。,,,,,,,,最小验证/V2-Batch-G-adc-passive-audit.json#item_passive|3124|item_passive|沸腾打击:needs_runtime_extension;最小验证/V2-Batch-K-guinsoo-phantom-hit-audit.json#batch_k_guinsoo_boiling_strike:alias_attachment;最小验证/generic-g8-adc-passive-coverage-audit.json#item_passive|3124|item_passive|沸腾打击:migrated,wasm-generic-guinsoo-hk|db/game_manage/seeds/lol_guinsoo_hk_seed.sql|backend;wasm-generic-guinsoo-hk|wasm/tinygo_engine_v2/internal/runtime/generic_guinsoo_h_test.go|wasm;wasm-generic-guinsoo-hk|wasm/tinygo_engine_v2/internal/runtime/generic_guinsoo_k_test.go|wasm,batch_k_guinsoo_boiling_strike,
item_passive|3139|item_passive|无被动或仅主动/属性,out_of_scope,none,generic_runtime,item_passive,3139,item_passive,无被动或仅主动/属性,stat_only_or_active_only,,无被动或仅主动/属性：纯移速/冲刺/位移，无主目标伤害增量；审计边界外。,,,,,,movement_speed_or_dash,"{""sourceRef"":""数据参考/lol-wiki-current-champions/identity-manifest.json"",""sourceTextSummary"":""50攻击力 35魔法抗性 10%生命偷取 主动 水银 移除所有控制类减益效果(浮空除外)，并提供移动速度。"",""reviewedPrimaryTargetDamageBranch"":true,""boundaryCategory"":""pure_movement_or_dash"",""excludedBehavior"":""movement_speed_or_dash"",""boundaryReason"":""无被动或仅主动/属性：纯移速/冲刺/位移，无主目标伤害增量；审计边界外。"",""damageRelevantSubBranchDisposition"":""no_primary_target_damage_branch""}",最小验证/V2-Batch-G-adc-passive-audit.json#item_passive|3139|item_passive|无被动或仅主动/属性:out_of_scope_for_single_target_dps;最小验证/generic-g8-adc-passive-coverage-audit.json#item_passive|3139|item_passive|无被动或仅主动/属性:out_of_scope,,,
item_passive|3142|item_passive|鬼影萦绕,out_of_scope,none,generic_runtime,item_passive,3142,item_passive,鬼影萦绕,meta_or_non_target_dps,,鬼影萦绕：纯移速/冲刺/位移，无主目标伤害增量；审计边界外。,,,,,,movement_speed_or_dash,"{""sourceRef"":""数据参考/lol-wiki-current-champions/identity-manifest.json"",""sourceTextSummary"":""非战斗状态期间获得0移动速度。"",""reviewedPrimaryTargetDamageBranch"":true,""boundaryCategory"":""pure_movement_or_dash"",""excludedBehavior"":""movement_speed_or_dash"",""boundaryReason"":""鬼影萦绕：纯移速/冲刺/位移，无主目标伤害增量；审计边界外。"",""damageRelevantSubBranchDisposition"":""no_primary_target_damage_branch""}",最小验证/V2-Batch-G-adc-passive-audit.json#item_passive|3142|item_passive|鬼影萦绕:out_of_scope_for_single_target_dps;最小验证/generic-g8-adc-passive-coverage-audit.json#item_passive|3142|item_passive|鬼影萦绕:out_of_scope,,,
item_passive|3143|item_passive|复原力,completed,full,generic_runtime,item_passive,3143,item_passive,复原力,incoming_crit_damage_modifier,batch_p_randuin;wiki_incoming_crit_part_x0.70;generic_target_hosted_incoming_crit_part_pipeline_proven,兰顿之兆/复原力：Wiki 合同为所受暴击伤害降低 30%；generic 目标侧 pipeline modifier（stage incoming_crit_part_post_mitigation / channel all_damage / bucket all_instances / multiply const 0.70）已由 expected-crit 管线证明（p=1→crit part 100→70；p=0 非暴击不变）；不声称 live migrate/publish。,,,,,,,,最小验证/V2-Batch-P-target-equipment-linked-effects-audit.json#3143:blockedItems,batch-p-randuin-v1|wasm/tinygo_engine_v2/internal/runtime/generic_c2_crit_pipeline_test.go|wasm,batch_p_randuin|item_3143_randuin_crit_reduction_dps_v2,
item_passive|3146|item_passive|无被动或仅主动/属性,out_of_scope,none,generic_runtime,item_passive,3146,item_passive,无被动或仅主动/属性,stat_only_or_active_only,,无被动或仅主动/属性：静态属性或仅主动效果，不构成被动主目标伤害分支；审计边界外。,,,,,,static_stats_or_active_only,"{""sourceRef"":""数据参考/lol-wiki-current-champions/identity-manifest.json"",""sourceTextSummary"":""80法术强度 40攻击力 10%全能吸血 主动 (0秒) 闪电弹 震击目标敌方英雄，造成0魔法伤害和持续1.5秒的25%减速。"",""reviewedPrimaryTargetDamageBranch"":true,""boundaryCategory"":""stat_or_active_only"",""excludedBehavior"":""static_stats_or_active_only"",""boundaryReason"":""无被动或仅主动/属性：静态属性或仅主动效果，不构成被动主目标伤害分支；审计边界外。"",""damageRelevantSubBranchDisposition"":""trigger_phrase_no_damage_amp""}",最小验证/V2-Batch-G-adc-passive-audit.json#item_passive|3146|item_passive|无被动或仅主动/属性:out_of_scope_for_single_target_dps;最小验证/generic-g8-adc-passive-coverage-audit.json#item_passive|3146|item_passive|无被动或仅主动/属性:out_of_scope,,,
item_passive|3153|item_passive|抓挠之影,out_of_scope,none,generic_runtime,item_passive,3153,item_passive,抓挠之影,control_only|slow,,抓挠之影：纯控制/减速/重伤，无主目标伤害增量；审计边界外。,,,,,,crowd_control_or_slow,"{""sourceRef"":""数据参考/lol-wiki-current-champions/identity-manifest.json"",""sourceTextSummary"":""攻击一位英雄3次会对其造成持续1秒的30%减速。"",""reviewedPrimaryTargetDamageBranch"":true,""boundaryCategory"":""pure_control_or_debuff"",""excludedBehavior"":""crowd_control_or_slow"",""boundaryReason"":""抓挠之影：纯控制/减速/重伤，无主目标伤害增量；审计边界外。"",""damageRelevantSubBranchDisposition"":""trigger_phrase_no_damage_amp""}",最小验证/V2-Batch-G-adc-passive-audit.json#item_passive|3153|item_passive|抓挠之影:out_of_scope_for_single_target_dps;最小验证/generic-g8-adc-passive-coverage-audit.json#item_passive|3153|item_passive|抓挠之影:out_of_scope,,,
item_passive|3153|item_passive|雾之锋,completed,full,generic_runtime,item_passive,3153,item_passive,雾之锋,on_hit|target_current_hp_ratio,,item 3153 雾之锋 on-hit 已由 adc-item-passives-base seed + generic_completed_onhit_mechanisms_test.go（commit 3314c24）闭环。,,,,,,,,最小验证/V2-Batch-G-adc-passive-audit.json#item_passive|3153|item_passive|雾之锋:already_covered;最小验证/generic-g8-adc-passive-coverage-audit.json#item_passive|3153|item_passive|雾之锋:migrated,wasm-generic-adc-item-passives-base|db/game_manage/seeds/lol_adc_item_on_hit_passives_seed.sql|backend;wasm-generic-completed-onhit-mechanisms|wasm/tinygo_engine_v2/internal/runtime/generic_completed_onhit_mechanisms_test.go|wasm,,
item_passive|3156|item_passive|救主灵刃,out_of_scope,none,generic_runtime,item_passive,3156,item_passive,救主灵刃,survivability_only,,救主灵刃：纯治疗/护盾/生存/免死，不增加对主目标输出；审计边界外。,,,,,,self_shield_or_survivability,"{""sourceRef"":""数据参考/lol-wiki-current-champions/identity-manifest.json"",""sourceTextSummary"":""在受到将使你的生命值跌到30%以下的魔法伤害时，提供持续3秒的魔法伤害护盾和持续到战斗状态结束的10%全能吸血。"",""reviewedPrimaryTargetDamageBranch"":true,""boundaryCategory"":""pure_heal_shield_survival"",""excludedBehavior"":""self_shield_or_survivability"",""boundaryReason"":""救主灵刃：纯治疗/护盾/生存/免死，不增加对主目标输出；审计边界外。"",""damageRelevantSubBranchDisposition"":""trigger_phrase_no_damage_amp""}",最小验证/V2-Batch-G-adc-passive-audit.json#item_passive|3156|item_passive|救主灵刃:out_of_scope_for_single_target_dps;最小验证/generic-g8-adc-passive-coverage-audit.json#item_passive|3156|item_passive|救主灵刃:out_of_scope,,,
item_passive|3161|item_passive|专注意志,completed,full,generic_runtime,item_passive,3161,item_passive,专注意志,ability_pet_stack_grant|cast_origin_provenance|per_cast_throttle|stacking_outgoing_amp,,item 3161 专注意志/Focused Will：League Wiki item manifest revid 4030984 / hash e7818effb888c6d2474496ee20378ecb57e335ccf9ace16630fda7d0daceac2d；Wiki-only 合同——ability|pet 伤害（champion|pet cast origin）叠层，perCastThrottleMs=1000（每施法实例每秒至多 1 层），focused_will_stacks max4 / 聚合 refresh_on_write 6000ms，每层 +3%（1+0.03*stacks）ability|pet|proc 出站增伤；Phase-A 排除 item/basic_attack/innate 叠层与增伤路径；pipeline 先于 listener，触发伤害用 old-stack 层数。已由 generic_focused_will_3161_test.go + backend lol_generic_focused_will_3161_seed.sql / GenericCastOriginPerCastThrottleDbContractSqlTest + LolGenericFocusedWill3161SeedSqlTest 双边闭环；Web types + combatDataAssembler 精确投影 optional castOrigin/perCastThrottleMs；不声称 UI/live migrate/publish。,,,,,,,,最小验证/V2-Batch-G-adc-passive-audit.json#item_passive|3161|item_passive|专注意志:already_covered;最小验证/generic-g8-adc-passive-coverage-audit.json#item_passive|3161|item_passive|专注意志:migrated,wasm-generic-focused-will-3161|db/game_manage/seeds/lol_generic_focused_will_3161_seed.sql|backend;wasm-generic-focused-will-3161|wasm/tinygo_engine_v2/internal/runtime/generic_focused_will_3161_test.go|wasm,,
item_passive|3161|item_passive|龙之力量,out_of_scope,none,generic_runtime,item_passive,3161,item_passive,龙之力量,cooldown_or_haste_without_rotation,,龙之力量：纯冷却缩减/技能急速，无主目标伤害增量；审计边界外。,,,,,,cooldown_haste_without_damage,"{""sourceRef"":""数据参考/lol-wiki-current-champions/identity-manifest.json"",""sourceTextSummary"":""获得25基础技能急速。"",""reviewedPrimaryTargetDamageBranch"":true,""boundaryCategory"":""cooldown_or_ability_haste_only"",""excludedBehavior"":""cooldown_haste_without_damage"",""boundaryReason"":""龙之力量：纯冷却缩减/技能急速，无主目标伤害增量；审计边界外。"",""damageRelevantSubBranchDisposition"":""no_primary_target_damage_branch""}",最小验证/V2-Batch-G-adc-passive-audit.json#item_passive|3161|item_passive|龙之力量:out_of_scope_for_single_target_dps;最小验证/generic-g8-adc-passive-coverage-audit.json#item_passive|3161|item_passive|龙之力量:out_of_scope,,,
item_passive|3179|item_passive|夜行者,completed,full,generic_runtime,item_passive,3179,item_passive,夜行者,armor_pen_flat_scaled_true|spellblade_next_attack_state|start_ready_true_on_hit,,item 3179 夜行者/Nightstalker：League Wiki item manifest revid 4030984 / hash e7818effb888c6d2474496ee20378ecb57e335ccf9ace16630fda7d0daceac2d（current-items.raw.lua 8550-8584）；用户批准 Phase-A 1v1 口径——nightstalker_ready default1/max1 untimed 开局即 ready；首次 basic_attack_hit+source_owner 触发一次真实伤害 50+1.5*armor_pen_flat.resolved（Wiki lethality 18→77）；随后 ready→0；无 re-arm；CopyableOnHit=false/无递归 phantom；真伤无视抗性但护盾按当前 pipeline 吸收。明确排除视野/隐身/unseen≥1s、4s 强化窗、re-arm、封锁/Blackout、多目标与 live publish，故标 completed/full。已由 generic_nightstalker_3179_test.go + backend lol_generic_nightstalker_3179_seed.sql / LolGenericNightstalker3179SeedSqlTest 双边闭环；不声称 live migrate/publish。,,,,,,,,最小验证/V2-Batch-G-adc-passive-audit.json#item_passive|3179|item_passive|夜行者:already_covered;最小验证/generic-g8-adc-passive-coverage-audit.json#item_passive|3179|item_passive|夜行者:migrated,wasm-generic-nightstalker-3179|db/game_manage/seeds/lol_generic_nightstalker_3179_seed.sql|backend;wasm-generic-nightstalker-3179|wasm/tinygo_engine_v2/internal/runtime/generic_nightstalker_3179_test.go|wasm,,
item_passive|3179|item_passive|封锁,out_of_scope,none,generic_runtime,item_passive,3179,item_passive,封锁,meta_or_non_target_dps|ward_vision,,封锁：纯视野/显形/守卫侦察，不含伤害；审计边界外。,,,,,,ward_vision_or_trap_reveal,"{""sourceRef"":""数据参考/lol-wiki-current-champions/identity-manifest.json"",""sourceTextSummary"":""在你处在敌方侦察守卫和陷阱附近时，将其短暂显形。在显形守卫状态下，你的攻击对其造成额外伤害。"",""reviewedPrimaryTargetDamageBranch"":true,""boundaryCategory"":""pure_vision"",""excludedBehavior"":""ward_vision_or_trap_reveal"",""boundaryReason"":""封锁：纯视野/显形/守卫侦察，不含伤害；审计边界外。"",""damageRelevantSubBranchDisposition"":""trigger_phrase_no_damage_amp""}",最小验证/V2-Batch-G-adc-passive-audit.json#item_passive|3179|item_passive|封锁:out_of_scope_for_single_target_dps;最小验证/generic-g8-adc-passive-coverage-audit.json#item_passive|3179|item_passive|封锁:out_of_scope,,,
item_passive|3181|item_passive|登舰小组,out_of_scope,none,generic_runtime,item_passive,3181,item_passive,登舰小组,meta_or_non_target_dps,,登舰小组：仅作用于防御塔/史诗野怪/非英雄单位，非英雄主目标 DPS；审计边界外。,,,,,,building_or_epic_monster_damage,"{""sourceRef"":""数据参考/lol-wiki-current-champions/identity-manifest.json"",""sourceTextSummary"":""附近的友军攻城兵和超级士兵获得护甲和魔法抗性。"",""reviewedPrimaryTargetDamageBranch"":true,""boundaryCategory"":""building_or_nonchampion_only"",""excludedBehavior"":""building_or_epic_monster_damage"",""boundaryReason"":""登舰小组：仅作用于防御塔/史诗野怪/非英雄单位，非英雄主目标 DPS；审计边界外。"",""damageRelevantSubBranchDisposition"":""other_target_or_building_only""}",最小验证/V2-Batch-G-adc-passive-audit.json#item_passive|3181|item_passive|登舰小组:out_of_scope_for_single_target_dps;最小验证/generic-g8-adc-passive-coverage-audit.json#item_passive|3181|item_passive|登舰小组:out_of_scope,,,
item_passive|3181|item_passive|船长,completed,full,generic_runtime,item_passive,3181,item_passive,船长,every_n_hit|formula_on_hit|on_hit,,item 3181 主目标 every-5th on-hit 已由 formula-onhit seed + generic_completed_onhit_mechanisms_test.go（commit 3314c24）闭环。,,,,,,,,最小验证/V2-Batch-G-adc-passive-audit.json#item_passive|3181|item_passive|船长:out_of_scope_for_single_target_dps;最小验证/generic-g8-adc-passive-coverage-audit.json#item_passive|3181|item_passive|船长:migrated,wasm-generic-completed-onhit-mechanisms|wasm/tinygo_engine_v2/internal/runtime/generic_completed_onhit_mechanisms_test.go|wasm;wasm-generic-formula-onhit-batch|db/game_manage/seeds/lol_formula_on_hit_mechanisms_seed.sql|backend,,
item_passive|3302|item_passive|交相,completed,full,generic_runtime,item_passive,3302,item_passive,交相,alternating_polarity_stacks|on_hit|source_percent_penetration|source_resist_flat_bonus,,item 3302 交相/Juxtaposition：League Wiki item manifest revid 4030984 / hash e7818effb888c6d2474496ee20378ecb57e335ccf9ace16630fda7d0daceac2d；Phase-A 首击 Light 假设；provider-scope next_polarity（untimed）+ light_stacks/dark_stacks（default0/max3/5000ms/聚合 refresh_on_write 近似，非独立 per-stack 过期）；Light pp 6@1/7@11/8@14 插值×层数加 armor/MR；Dark 每层 +10% armor_pen_percent/magic_pen_percent（flat add，满层 30%）；与 Shadow 30 magic 同 provider_item_3302_terminus；已由 generic_terminus_juxtaposition_test.go + 计划 backend lol_generic_terminus_juxtaposition_seed.sql / focused Java test 闭环；不声称 live migrate/publish。,,,,,,,,最小验证/V2-Batch-G-adc-passive-audit.json#item_passive|3302|item_passive|交相:needs_manual_baseline;最小验证/generic-g8-adc-passive-coverage-audit.json#item_passive|3302|item_passive|交相:migrated,wasm-generic-terminus-juxtaposition|db/game_manage/seeds/lol_generic_terminus_juxtaposition_seed.sql|backend;wasm-generic-terminus-juxtaposition|wasm/tinygo_engine_v2/internal/runtime/generic_terminus_juxtaposition_test.go|wasm,,
item_passive|3302|item_passive|晦影,completed,full,generic_runtime,item_passive,3302,item_passive,晦影,flat_magic_damage|formula_on_hit|on_hit,,item 3302 晦影 on-hit 已由 formula-onhit seed + generic_completed_onhit_mechanisms_test.go（commit 3314c24）闭环。 | old Batch G ready_to_encode is stale relative to generic completed evidence,,,,,,,,最小验证/V2-Batch-G-adc-passive-audit.json#batch_g_terminus_shadow_stale_ready:alias_attachment;最小验证/V2-Batch-G-adc-passive-audit.json#item_passive|3302|item_passive|晦影:ready_to_encode;最小验证/generic-g8-adc-passive-coverage-audit.json#item_passive|3302|item_passive|晦影:migrated,wasm-generic-completed-onhit-mechanisms|wasm/tinygo_engine_v2/internal/runtime/generic_completed_onhit_mechanisms_test.go|wasm;wasm-generic-formula-onhit-batch|db/game_manage/seeds/lol_formula_on_hit_mechanisms_seed.sql|backend,batch_g_terminus_shadow_stale_ready,
item_passive|3508|item_passive|咒刃,completed,full,generic_runtime,item_passive,3508,item_passive,咒刃,spellblade_next_attack_state,,item 3508 夺萃之镰咒刃已由 wasm-generic-essence-reaver-spellblade 批次闭环（物理契约 1.25 * base AD + 50 * resolved crit chance；10s ready；命中开始 1.5s ICD）。,,,,,,,,最小验证/V2-Batch-G-adc-passive-audit.json#item_passive|3508|item_passive|咒刃:needs_runtime_extension;最小验证/V2-BatchV-equipment-tooltip-passive-candidates.seed.json#item_3508_essence_reaver_spellblade_dps_v2:seed_skill;最小验证/generic-g8-adc-passive-coverage-audit.json#item_passive|3508|item_passive|咒刃:migrated,wasm-generic-essence-reaver-spellblade|db/game_manage/seeds/lol_generic_essence_reaver_spellblade_seed.sql|backend;wasm-generic-essence-reaver-spellblade|wasm/tinygo_engine_v2/internal/runtime/generic_essence_reaver_spellblade_test.go|wasm,item_3508_essence_reaver_spellblade_dps_v2,
item_passive|3748|item_passive|顺劈|数据参考/item.json#data.3748|020f8b5a,out_of_scope,partial,generic_runtime,item_passive,3748,item_passive,顺劈,formula_on_hit|multi_target_or_area|on_hit,primary_target_formula;behind_target_and_active_unmigrated,主目标 on-hit 分支已完成；剩余 cleave/主动分支为多目标/范围，超出单目标范围。,multi_target_cleave_and_active_out_of_single_target_scope,,,,,remaining_multi_target_cleave_after_primary_complete,"{""sourceRef"":""最小验证/generic-g8-adc-passive-coverage-audit.json#item_passive|3748|item_passive|顺劈|数据参考/item.json#data.3748|020f8b5a"",""sourceTextSummary"":""，使其造成额外物理伤害 攻击特效并对目标身后的敌人们造成额外物理伤害。"",""reviewedPrimaryTargetDamageBranch"":true,""boundaryCategory"":""completed_primary_branch_remaining_component"",""excludedBehavior"":""remaining_multi_target_cleave_after_primary_complete"",""boundaryReason"":""顺劈：主目标伤害分支已完成；剩余为多目标/范围 component，审计边界外。"",""damageRelevantSubBranchDisposition"":""sibling_primary_completed_remaining_oos""}",最小验证/V2-Batch-G-adc-passive-audit.json#item_passive|3748|item_passive|顺劈|数据参考/item.json#data.3748|020f8b5a:out_of_scope_for_single_target_dps;最小验证/generic-g8-adc-passive-coverage-audit.json#item_passive|3748|item_passive|顺劈|数据参考/item.json#data.3748|020f8b5a:partial,wasm-generic-completed-onhit-mechanisms|wasm/tinygo_engine_v2/internal/runtime/generic_completed_onhit_mechanisms_test.go|wasm;wasm-generic-formula-onhit-batch|db/game_manage/seeds/lol_formula_on_hit_mechanisms_seed.sql|backend,,
item_passive|3748|item_passive|顺劈|数据参考/item.json#data.3748|71fa0f0c,out_of_scope,partial,generic_runtime,item_passive,3748,item_passive,顺劈,formula_on_hit|multi_target_or_area|on_hit,primary_target_formula;behind_target_and_active_unmigrated,主目标 on-hit 分支已完成；剩余 cleave/主动分支为多目标/范围，超出单目标范围。,multi_target_cleave_and_active_out_of_single_target_scope,,,,,remaining_multi_target_cleave_after_primary_complete,"{""sourceRef"":""最小验证/generic-g8-adc-passive-coverage-audit.json#item_passive|3748|item_passive|顺劈|数据参考/item.json#data.3748|71fa0f0c"",""sourceTextSummary"":""攻击附带物理伤害并对目标身后的敌人们造成物理伤害。"",""reviewedPrimaryTargetDamageBranch"":true,""boundaryCategory"":""completed_primary_branch_remaining_component"",""excludedBehavior"":""remaining_multi_target_cleave_after_primary_complete"",""boundaryReason"":""顺劈：主目标伤害分支已完成；剩余为多目标/范围 component，审计边界外。"",""damageRelevantSubBranchDisposition"":""sibling_primary_completed_remaining_oos""}",最小验证/V2-Batch-G-adc-passive-audit.json#item_passive|3748|item_passive|顺劈|数据参考/item.json#data.3748|71fa0f0c:out_of_scope_for_single_target_dps;最小验证/generic-g8-adc-passive-coverage-audit.json#item_passive|3748|item_passive|顺劈|数据参考/item.json#data.3748|71fa0f0c:partial,wasm-generic-completed-onhit-mechanisms|wasm/tinygo_engine_v2/internal/runtime/generic_completed_onhit_mechanisms_test.go|wasm;wasm-generic-formula-onhit-batch|db/game_manage/seeds/lol_formula_on_hit_mechanisms_seed.sql|backend,,
item_passive|3814|item_passive|废除,out_of_scope,none,generic_runtime,item_passive,3814,item_passive,废除,meta_or_non_target_dps,,废除：纯治疗/护盾/生存/免死，不增加对主目标输出；审计边界外。,,,,,,self_shield_or_survivability,"{""sourceRef"":""数据参考/lol-wiki-current-champions/identity-manifest.json"",""sourceTextSummary"":""提供一层法术护盾来格挡下一个敌方技能。"",""reviewedPrimaryTargetDamageBranch"":true,""boundaryCategory"":""pure_heal_shield_survival"",""excludedBehavior"":""self_shield_or_survivability"",""boundaryReason"":""废除：纯治疗/护盾/生存/免死，不增加对主目标输出；审计边界外。"",""damageRelevantSubBranchDisposition"":""no_primary_target_damage_branch""}",最小验证/V2-Batch-G-adc-passive-audit.json#item_passive|3814|item_passive|废除:out_of_scope_for_single_target_dps;最小验证/generic-g8-adc-passive-coverage-audit.json#item_passive|3814|item_passive|废除:out_of_scope,,,
item_passive|6333|item_passive|无视痛苦|数据参考/item.json#data.6333|52e96cc8,out_of_scope,none,generic_runtime,item_passive,6333,item_passive,无视痛苦,incoming_damage_store|survivability_only,,无视痛苦：纯治疗/护盾/生存/免死，不增加对主目标输出；审计边界外。,,,,,,incoming_damage_store,"{""sourceRef"":""数据参考/lol-wiki-current-champions/identity-manifest.json"",""sourceTextSummary"":""的剩余伤害，并在2秒里持续为你回复生命值。"",""reviewedPrimaryTargetDamageBranch"":true,""boundaryCategory"":""pure_heal_shield_survival"",""excludedBehavior"":""incoming_damage_store"",""boundaryReason"":""无视痛苦：纯治疗/护盾/生存/免死，不增加对主目标输出；审计边界外。"",""damageRelevantSubBranchDisposition"":""no_primary_target_damage_branch""}",最小验证/V2-Batch-G-adc-passive-audit.json#item_passive|6333|item_passive|无视痛苦|数据参考/item.json#data.6333|52e96cc8:out_of_scope_for_single_target_dps;最小验证/generic-g8-adc-passive-coverage-audit.json#item_passive|6333|item_passive|无视痛苦|数据参考/item.json#data.6333|52e96cc8:out_of_scope,,,
item_passive|6333|item_passive|无视痛苦|数据参考/item.json#data.6333|668e55b0,out_of_scope,none,generic_runtime,item_passive,6333,item_passive,无视痛苦,incoming_damage_store|survivability_only,,无视痛苦：纯治疗/护盾/生存/免死，不增加对主目标输出；审计边界外。,,,,,,incoming_damage_store,"{""sourceRef"":""数据参考/lol-wiki-current-champions/identity-manifest.json"",""sourceTextSummary"":""所受的一部分伤害会以流血形式在3秒里持续扣除。"",""reviewedPrimaryTargetDamageBranch"":true,""boundaryCategory"":""pure_heal_shield_survival"",""excludedBehavior"":""incoming_damage_store"",""boundaryReason"":""无视痛苦：纯治疗/护盾/生存/免死，不增加对主目标输出；审计边界外。"",""damageRelevantSubBranchDisposition"":""no_primary_target_damage_branch""}",最小验证/V2-Batch-G-adc-passive-audit.json#item_passive|6333|item_passive|无视痛苦|数据参考/item.json#data.6333|668e55b0:needs_manual_baseline;最小验证/generic-g8-adc-passive-coverage-audit.json#item_passive|6333|item_passive|无视痛苦|数据参考/item.json#data.6333|668e55b0:out_of_scope,,,
item_passive|6333|item_passive|蔑视,out_of_scope,none,generic_runtime,item_passive,6333,item_passive,蔑视,survivability_only|takedown_heal,,蔑视：击杀/经济收益发生在当前唯一主目标死亡之后，encounter 已结束；审计边界外。,,,,,,post_kill_heal,"{""sourceRef"":""数据参考/lol-wiki-current-champions/identity-manifest.json"",""sourceTextSummary"":""如果一名在过去3秒内曾被你造成过伤害的英雄阵亡，会净化"",""reviewedPrimaryTargetDamageBranch"":true,""boundaryCategory"":""economy_or_post_takedown"",""excludedBehavior"":""post_kill_heal"",""boundaryReason"":""蔑视：击杀/经济收益发生在当前唯一主目标死亡之后，encounter 已结束；审计边界外。"",""damageRelevantSubBranchDisposition"":""post_kill_next_encounter_only""}",最小验证/V2-Batch-G-adc-passive-audit.json#item_passive|6333|item_passive|蔑视:needs_manual_baseline;最小验证/generic-g8-adc-passive-coverage-audit.json#item_passive|6333|item_passive|蔑视:out_of_scope,,,
item_passive|6609|item_passive|劈削,out_of_scope,none,generic_runtime,item_passive,6609,item_passive,劈削,grievous_wounds_only,,劈削：纯控制/减速/重伤，无主目标伤害增量；审计边界外。,,,,,,grievous_wounds_only,"{""sourceRef"":""数据参考/lol-wiki-current-champions/identity-manifest.json"",""sourceTextSummary"":""对敌方英雄造成物理伤害时会施加40%重伤效果，持续3秒。"",""reviewedPrimaryTargetDamageBranch"":true,""boundaryCategory"":""pure_control_or_debuff"",""excludedBehavior"":""grievous_wounds_only"",""boundaryReason"":""劈削：纯控制/减速/重伤，无主目标伤害增量；审计边界外。"",""damageRelevantSubBranchDisposition"":""trigger_phrase_no_damage_amp""}",最小验证/V2-Batch-G-adc-passive-audit.json#item_passive|6609|item_passive|劈削:needs_manual_baseline;最小验证/generic-g8-adc-passive-coverage-audit.json#item_passive|6609|item_passive|劈削:out_of_scope,,,
item_passive|6610|item_passive|光盾打击,completed,full,generic_runtime,item_passive,6610,item_passive,光盾打击,absolute_crit_damage|conditional_guaranteed_crit|first_attack,,item 6610 光盾打击/Lightshield Strike：League Wiki Module:ItemData/data revid 4030984 / hash e7818effb888c6d2474496ee20378ecb57e335ccf9ace16630fda7d0daceac2d（current-items.normalized.json#item_6610_Lightshield_Strike）；classic 伤害分支——对英雄下一次普攻必定暴击、绝对总暴击伤害 1.60、provider_target cooldown 10000ms。已由 generic_sundered_sky_6610_test.go + backend lol_generic_sundered_sky_6610_seed.sql / LolGenericSunderedSky6610SeedSqlTest 双边闭环。明确排除治疗/overheal、Infinity Edge 或其他暴击伤害组合、Arena、non-champion、live publish/migration、多目标持久状态，故标 completed/full；不声称 live migrate/publish。,,,,,,,,最小验证/V2-Batch-G-adc-passive-audit.json#item_passive|6610|item_passive|光盾打击:out_of_scope_for_single_target_dps;最小验证/generic-g8-adc-passive-coverage-audit.json#item_passive|6610|item_passive|光盾打击:migrated,wasm-generic-min-validation-coverage-audit|db/game_manage/seeds/lol_generic_sundered_sky_6610_seed.sql|backend;wasm-generic-min-validation-coverage-audit|wasm/tinygo_engine_v2/internal/runtime/generic_sundered_sky_6610_test.go|wasm,,
item_passive|6631|item_passive|顺劈,out_of_scope,none,generic_runtime,item_passive,6631,item_passive,顺劈,multi_target_or_area,,顺劈：该 component 伤害仅作用于额外目标，主目标不受该 component 伤害；审计边界外。,,,,,,other_target_or_aoe_damage,"{""sourceRef"":""数据参考/lol-wiki-current-champions/identity-manifest.json"",""sourceTextSummary"":""攻击会对附近的敌人们造成物理伤害。"",""reviewedPrimaryTargetDamageBranch"":true,""boundaryCategory"":""other_targets_only"",""excludedBehavior"":""other_target_or_aoe_damage"",""boundaryReason"":""顺劈：该 component 伤害仅作用于额外目标，主目标不受该 component 伤害；审计边界外。"",""damageRelevantSubBranchDisposition"":""other_target_or_building_only""}",最小验证/V2-Batch-G-adc-passive-audit.json#item_passive|6631|item_passive|顺劈:out_of_scope_for_single_target_dps;最小验证/generic-g8-adc-passive-coverage-audit.json#item_passive|6631|item_passive|顺劈:out_of_scope,,,
item_passive|6665|item_passive|虚空天生,blocked_runtime,partial,generic_runtime,item_passive,6665,item_passive,虚空天生,full_stack_resists|target_armor_flat_bonus|target_magic_resist_flat_bonus,controlled_5s_target_owned_synthetic_bonus_resist_branch_complete;real_target_equipment_or_loadout_projection_outside_generic_host_input_contract,受控 synthetic bonus resist partial 已证明；剩余真实 equipment/loadout→provider 投影与目标 base/bonus resist 输入一致性。,real_target_equipment_or_loadout_projection_outside_generic_host_input_contract,,,real_target_equipment_or_loadout_to_provider_projection|target_base_and_bonus_resistance_input_consistency,"{""sourceRef"":""wasm/tinygo_engine_v2/internal/runtime/generic_jaksho_voidborn_resilience_test.go#VoidbornResilience"",""dataStatus"":""partial"",""requiredEvents"":[""target_equipment_or_loadout_projection""],""requiredState"":[""provider_item_6665_jaksho_voidborn_resilience"",""full_stack""],""requiredFormulaInputs"":[""target_base_armor_and_magic_resist"",""target_bonus_armor_and_magic_resist"",""real_equipment_projected_bonus_resists""],""requiredScheduling"":[""full_stack_tick_interval_5000ms""],""missingPrimitives"":[""real_target_equipment_or_loadout_to_provider_projection"",""target_base_and_bonus_resistance_input_consistency""],""remainingBoundary"":""真实 target equipment/loadout→provider projection 的跨层证据与目标基础/bonus resistance 输入一致性（非 live publish）。"",""completedBoundary"":""controlled synthetic：target-owned provider_item_6665_jaksho_voidborn_resilience 在 t=5000 将 full_stack 0→1，并对显式 synthetic bonus_armor/bonus_magic_resist 各加 30%。""}",,,最小验证/V2-BatchV-A-data-policy-items.seed.json#item_6665_jaksho_voidborn_resilience_batch_v_a:seed_present,planning-validation-milestones|db/game_manage/seeds/lol_generic_jaksho_voidborn_resilience_seed.sql|backend;planning-validation-milestones|wasm/tinygo_engine_v2/internal/runtime/generic_jaksho_voidborn_resilience_test.go|wasm,item_6665_jaksho_voidborn_resilience_batch_v_a,coefficient_bucket|target_armor_flat_bonus|coefficient_bucket|target_magic_resist_flat_bonus
item_passive|6672|item_passive|放倒它,completed,full,generic_runtime,item_passive,6672,item_passive,放倒它,every_n_hit|target_missing_hp_amp,,item 6672 放倒它已由 adc-item-passives-base seed + generic_completed_onhit_mechanisms_test.go（commit 3314c24）闭环。,,,,,,,,最小验证/V2-Batch-D-adc-item-passives.seed.json#item_6672_kraken_slayer_bring_it_down_dps_v2:seed_skill;最小验证/V2-Batch-G-adc-passive-audit.json#item_passive|6672|item_passive|放倒它:already_covered;最小验证/generic-g8-adc-passive-coverage-audit.json#item_passive|6672|item_passive|放倒它:migrated,wasm-generic-adc-item-passives-base|db/game_manage/seeds/lol_adc_item_on_hit_passives_seed.sql|backend;wasm-generic-completed-onhit-mechanisms|wasm/tinygo_engine_v2/internal/runtime/generic_completed_onhit_mechanisms_test.go|wasm,item_6672_kraken_slayer_bring_it_down_dps_v2,
item_passive|6673|item_passive|救主灵刃,out_of_scope,none,generic_runtime,item_passive,6673,item_passive,救主灵刃,survivability_only,,救主灵刃：纯治疗/护盾/生存/免死，不增加对主目标输出；审计边界外。,,,,,,self_shield_or_survivability,"{""sourceRef"":""数据参考/lol-wiki-current-champions/identity-manifest.json"",""sourceTextSummary"":""在受到将使你的生命值跌到30%以下的伤害时，提供持续3秒的护盾值。"",""reviewedPrimaryTargetDamageBranch"":true,""boundaryCategory"":""pure_heal_shield_survival"",""excludedBehavior"":""self_shield_or_survivability"",""boundaryReason"":""救主灵刃：纯治疗/护盾/生存/免死，不增加对主目标输出；审计边界外。"",""damageRelevantSubBranchDisposition"":""no_primary_target_damage_branch""}",最小验证/V2-Batch-G-adc-passive-audit.json#item_passive|6673|item_passive|救主灵刃:out_of_scope_for_single_target_dps;最小验证/generic-g8-adc-passive-coverage-audit.json#item_passive|6673|item_passive|救主灵刃:out_of_scope,,,
item_passive|6675|item_passive|超凡入圣,out_of_scope,none,generic_runtime,item_passive,6675,item_passive,超凡入圣,cooldown_or_haste_without_rotation,,超凡入圣：纯冷却缩减/技能急速，无主目标伤害增量；审计边界外。,,,,,,cooldown_haste_without_damage,"{""sourceRef"":""数据参考/lol-wiki-current-champions/identity-manifest.json"",""sourceTextSummary"":""攻击会使各基础技能的冷却时间缩短15%剩余冷却时间。"",""reviewedPrimaryTargetDamageBranch"":true,""boundaryCategory"":""cooldown_or_ability_haste_only"",""excludedBehavior"":""cooldown_haste_without_damage"",""boundaryReason"":""超凡入圣：纯冷却缩减/技能急速，无主目标伤害增量；审计边界外。"",""damageRelevantSubBranchDisposition"":""no_primary_target_damage_branch""}",最小验证/V2-Batch-G-adc-passive-audit.json#item_passive|6675|item_passive|超凡入圣:out_of_scope_for_single_target_dps;最小验证/generic-g8-adc-passive-coverage-audit.json#item_passive|6675|item_passive|超凡入圣:out_of_scope,,,
item_passive|6676|item_passive|死,completed,full,generic_runtime,item_passive,6676,item_passive,死,execute_threshold,,item 6676 死/execute 已由 wasm-generic-execute-threshold 批次 seed/mount + generic_execute_test.go 闭环。,,,,,,,,最小验证/V2-Batch-G-adc-passive-audit.json#item_passive|6676|item_passive|死:needs_runtime_extension;最小验证/generic-g8-adc-passive-coverage-audit.json#item_passive|6676|item_passive|死:migrated,wasm-generic-execute-threshold|db/game_manage/seeds/lol_generic_execute_threshold_seed.sql|backend;wasm-generic-execute-threshold|wasm/tinygo_engine_v2/internal/runtime/generic_execute_test.go|wasm,,
item_passive|6676|item_passive|税,out_of_scope,none,generic_runtime,item_passive,6676,item_passive,税,meta_or_non_target_dps,,税：击杀/经济收益发生在当前唯一主目标死亡之后，encounter 已结束；审计边界外。,,,,,,economy_gold,"{""sourceRef"":""数据参考/lol-wiki-current-champions/identity-manifest.json"",""sourceTextSummary"":""击杀英雄时提供25额外金币。"",""reviewedPrimaryTargetDamageBranch"":true,""boundaryCategory"":""economy_or_post_takedown"",""excludedBehavior"":""economy_gold"",""boundaryReason"":""税：击杀/经济收益发生在当前唯一主目标死亡之后，encounter 已结束；审计边界外。"",""damageRelevantSubBranchDisposition"":""post_kill_next_encounter_only""}",最小验证/V2-Batch-G-adc-passive-audit.json#item_passive|6676|item_passive|税:out_of_scope_for_single_target_dps;最小验证/generic-g8-adc-passive-coverage-audit.json#item_passive|6676|item_passive|税:out_of_scope,,,
item_passive|6692|item_passive|永升之月,out_of_scope,none,generic_runtime,item_passive,6692,item_passive,永升之月,survivability_only,,永升之月：纯治疗/护盾/生存/免死，不增加对主目标输出；审计边界外。,,,,,,self_shield_or_survivability,"{""sourceRef"":""数据参考/lol-wiki-current-champions/identity-manifest.json"",""sourceTextSummary"":""在2秒内用2次独立的攻击或技能命中一名英雄时，会为你提供持续2秒的护盾值。"",""reviewedPrimaryTargetDamageBranch"":true,""boundaryCategory"":""pure_heal_shield_survival"",""excludedBehavior"":""self_shield_or_survivability"",""boundaryReason"":""永升之月：纯治疗/护盾/生存/免死，不增加对主目标输出；审计边界外。"",""damageRelevantSubBranchDisposition"":""no_primary_target_damage_branch""}",最小验证/V2-Batch-G-adc-passive-audit.json#item_passive|6692|item_passive|永升之月:out_of_scope_for_single_target_dps;最小验证/generic-g8-adc-passive-coverage-audit.json#item_passive|6692|item_passive|永升之月:out_of_scope,,,
item_passive|6694|item_passive|严寒,out_of_scope,none,generic_runtime,item_passive,6694,item_passive,严寒,control_only|slow,,严寒：纯控制/减速/重伤，无主目标伤害增量；审计边界外。,,,,,,crowd_control_or_slow,"{""sourceRef"":""数据参考/lol-wiki-current-champions/identity-manifest.json"",""sourceTextSummary"":""伤害型技能会对低于50%生命值的敌人造成持续1秒的30%减速。"",""reviewedPrimaryTargetDamageBranch"":true,""boundaryCategory"":""pure_control_or_debuff"",""excludedBehavior"":""crowd_control_or_slow"",""boundaryReason"":""严寒：纯控制/减速/重伤，无主目标伤害增量；审计边界外。"",""damageRelevantSubBranchDisposition"":""no_primary_target_damage_branch""}",最小验证/V2-Batch-G-adc-passive-audit.json#item_passive|6694|item_passive|严寒:needs_runtime_extension;最小验证/generic-g8-adc-passive-coverage-audit.json#item_passive|6694|item_passive|严寒:out_of_scope,||,,
item_passive|6695|item_passive|掠盾者|数据参考/item.json#data.6695|2892fed0,out_of_scope,none,generic_runtime,item_passive,6695,item_passive,掠盾者,shield_reduction_only,,掠盾者：纯治疗/护盾/生存/免死，不增加对主目标输出；审计边界外。,,,,,,self_shield_or_survivability,"{""sourceRef"":""数据参考/lol-wiki-current-champions/identity-manifest.json"",""sourceTextSummary"":""对一名敌方英雄造成伤害时，会使其获得的护盾值降低0%，持续3秒。 如果该敌方英雄尚未被"",""reviewedPrimaryTargetDamageBranch"":true,""boundaryCategory"":""pure_heal_shield_survival"",""excludedBehavior"":""self_shield_or_survivability"",""boundaryReason"":""掠盾者：纯治疗/护盾/生存/免死，不增加对主目标输出；审计边界外。"",""damageRelevantSubBranchDisposition"":""trigger_phrase_no_damage_amp""}",最小验证/V2-Batch-G-adc-passive-audit.json#item_passive|6695|item_passive|掠盾者|数据参考/item.json#data.6695|2892fed0:out_of_scope_for_single_target_dps;最小验证/generic-g8-adc-passive-coverage-audit.json#item_passive|6695|item_passive|掠盾者|数据参考/item.json#data.6695|2892fed0:out_of_scope,,,
item_passive|6695|item_passive|掠盾者|数据参考/item.json#data.6695|7bcc8c31,out_of_scope,none,generic_runtime,item_passive,6695,item_passive,掠盾者,shield_reduction_only,,掠盾者：纯治疗/护盾/生存/免死，不增加对主目标输出；审计边界外。,,,,,,self_shield_or_survivability,"{""sourceRef"":""数据参考/lol-wiki-current-champions/identity-manifest.json"",""sourceTextSummary"":""影响，会使其身上的所有护盾降低0%。"",""reviewedPrimaryTargetDamageBranch"":true,""boundaryCategory"":""pure_heal_shield_survival"",""excludedBehavior"":""self_shield_or_survivability"",""boundaryReason"":""掠盾者：纯治疗/护盾/生存/免死，不增加对主目标输出；审计边界外。"",""damageRelevantSubBranchDisposition"":""no_primary_target_damage_branch""}",最小验证/V2-Batch-G-adc-passive-audit.json#item_passive|6695|item_passive|掠盾者|数据参考/item.json#data.6695|7bcc8c31:out_of_scope_for_single_target_dps;最小验证/generic-g8-adc-passive-coverage-audit.json#item_passive|6695|item_passive|掠盾者|数据参考/item.json#data.6695|7bcc8c31:out_of_scope,,,
item_passive|6696|item_passive|涌动,out_of_scope,none,generic_runtime,item_passive,6696,item_passive,涌动,cooldown_or_haste_without_rotation|takedown_ultimate_cdr_only,,6696 Flux/涌动：takedown 后返还 ultimate total cooldown（含 lethality 缩放），纯冷却轮转无伤害增量；审计边界外。,,,,,,post_kill_or_takedown_utility,"{""sourceRef"":""数据参考/lol-wiki-current-champions/identity-manifest.json"",""sourceTextSummary"":""在你对一名敌方英雄造成伤害后，如果该英雄在3秒内阵亡，则会返还你的终极技能的一些总冷却时间。"",""reviewedPrimaryTargetDamageBranch"":true,""boundaryCategory"":""economy_or_post_takedown"",""excludedBehavior"":""post_kill_or_takedown_utility"",""boundaryReason"":""涌动：击杀/经济收益发生在当前唯一主目标死亡之后，encounter 已结束；审计边界外。"",""damageRelevantSubBranchDisposition"":""post_kill_next_encounter_only""}",最小验证/V2-Batch-G-adc-passive-audit.json#item_passive|6696|item_passive|涌动:out_of_scope_for_single_target_dps;最小验证/generic-g8-adc-passive-coverage-audit.json#item_passive|6696|item_passive|涌动:out_of_scope,,,
item_passive|6697|item_passive|盛名,out_of_scope,none,generic_runtime,item_passive,6697,item_passive,盛名,takedown_stat_buff,,盛名：击杀/经济收益发生在当前唯一主目标死亡之后，encounter 已结束；审计边界外。,,,,,,post_kill_temporary_ad,"{""sourceRef"":""数据参考/lol-wiki-current-champions/identity-manifest.json"",""sourceTextSummary"":""如果一名在过去3秒内曾被你造成过伤害的英雄阵亡，则获得持续90秒的12+3x已击杀英雄数的攻击力。"",""reviewedPrimaryTargetDamageBranch"":true,""boundaryCategory"":""economy_or_post_takedown"",""excludedBehavior"":""post_kill_temporary_ad"",""boundaryReason"":""盛名：击杀/经济收益发生在当前唯一主目标死亡之后，encounter 已结束；审计边界外。"",""damageRelevantSubBranchDisposition"":""post_kill_next_encounter_only""}",最小验证/V2-Batch-G-adc-passive-audit.json#item_passive|6697|item_passive|盛名:needs_manual_baseline;最小验证/generic-g8-adc-passive-coverage-audit.json#item_passive|6697|item_passive|盛名:out_of_scope,,,
item_passive|6698|item_passive|顺劈,out_of_scope,none,generic_runtime,item_passive,6698,item_passive,顺劈,multi_target_or_area,,顺劈：该 component 伤害仅作用于额外目标，主目标不受该 component 伤害；审计边界外。,,,,,,other_target_or_aoe_damage,"{""sourceRef"":""数据参考/lol-wiki-current-champions/identity-manifest.json"",""sourceTextSummary"":""攻击会对附近的敌人们造成物理伤害。"",""reviewedPrimaryTargetDamageBranch"":true,""boundaryCategory"":""other_targets_only"",""excludedBehavior"":""other_target_or_aoe_damage"",""boundaryReason"":""顺劈：该 component 伤害仅作用于额外目标，主目标不受该 component 伤害；审计边界外。"",""damageRelevantSubBranchDisposition"":""other_target_or_building_only""}",最小验证/V2-Batch-G-adc-passive-audit.json#item_passive|6698|item_passive|顺劈:out_of_scope_for_single_target_dps;最小验证/generic-g8-adc-passive-coverage-audit.json#item_passive|6698|item_passive|顺劈:out_of_scope,,,
item_passive|6699|item_passive|苍穹,completed,full,generic_runtime,item_passive,6699,item_passive,苍穹,current_hp_ratio_physical_on_hit|energized_precharged_firmament_consume|timed_armor_pen_flat,,item 6699 苍穹/Firmament：League Wiki item manifest revid 4030984 / hash e7818effb888c6d2474496ee20378ecb57e335ccf9ace16630fda7d0daceac2d；仅 ranged/precharged 口径——energized_charge 显式预充 100；下一次真实主目标普攻先武装 firmament_lethality_active=1（4000ms refresh_on_write）向 canonical armor_pen_flat 加 12（与基线 10 合成 penetrationFlat=22），再按 event.target 当前生命 7% 造成额外物理伤害（非 entry_target），后消费 charge→0；copyable_on_hit=false/phantom 零伤害零二次消费；不含自然充能/Galvanize/melee/非英雄上限/Web UI；已由 generic_firmament_6699_test.go + 计划 backend lol_generic_firmament_6699_seed.sql / LolGenericFirmament6699SeedSqlTest.java 闭环；不声称 live migrate/publish。,,,,,,,,最小验证/V2-Batch-G-adc-passive-audit.json#item_passive|6699|item_passive|苍穹:needs_runtime_extension;最小验证/V2-Batch-N-energized-charge-and-consume-audit.json#batch_n_voltaic_energized:alias_attachment;最小验证/generic-g8-adc-passive-coverage-audit.json#item_passive|6699|item_passive|苍穹:migrated,wasm-generic-firmament-6699|db/game_manage/seeds/lol_generic_firmament_6699_seed.sql|backend;wasm-generic-firmament-6699|wasm/tinygo_engine_v2/internal/runtime/generic_firmament_6699_test.go|wasm,batch_n_voltaic_energized,
item_passive|6699|item_passive|通电,stale_or_duplicate,none,generic_runtime,item_passive,6699,item_passive,通电,energized_charge_and_consume,,6699 通电/Current：旧 Batch N flat-100/25 充能口径与当前 Wiki 源冲突；保留为 stale_or_duplicate，不得与 6699 苍穹/Firmament 当前行并存为 blocked_runtime。,stale_batch_n_energized_current_row,,,,,,,最小验证/V2-Batch-G-adc-passive-audit.json#item_passive|6699|item_passive|通电:needs_runtime_extension;最小验证/V2-Batch-N-energized-charge-and-consume-audit.json#batch_n_voltaic_energized:alias_attachment;最小验证/generic-g8-adc-passive-coverage-audit.json#item_passive|6699|item_passive|通电:blocked,,batch_n_voltaic_energized,
