"version","championKey","championNameZh","championNameEn","slot","skillNameZh","skillNameEn","skillId","skillType","resourceType","hasAmmo","damageType","effectTags","controlTags"
"16.3.1","Aatrox","Aatrox","Aatrox","P","Deathbringer Stance","Deathbringer Stance","Aatrox_Passive.png","被动","无","否","魔法","伤害 | 治疗/回复","无"
"16.3.1","Aatrox","Aatrox","Aatrox","Q","The Darkin Blade","The Darkin Blade","AatroxQ","主动","No Cost","否","物理","二段/形态切换 | 控制 | 伤害","击飞"
"16.3.1","Aatrox","Aatrox","Aatrox","W","Infernal Chains","Infernal Chains","AatroxW","主动","No Cost","否","物理","控制 | 伤害","减速"
"16.3.1","Aatrox","Aatrox","Aatrox","E","Umbral Dash","Umbral Dash","AatroxE","主动","No Cost","否","无/未标注","伤害 | 位移 | 治疗/回复","无"
"16.3.1","Aatrox","Aatrox","Aatrox","R","World Ender","World Ender","AatroxR","主动","No Cost","否","无/未标注","控制 | 伤害 | 治疗/回复 | 自我增益","恐惧"
"16.3.1","Ahri","Ahri","Ahri","P","Essence Theft","Essence Theft","Ahri_SoulEater2.png","被动","无","否","无/未标注","治疗/回复","无"
"16.3.1","Ahri","Ahri","Ahri","Q","Orb of Deception","Orb of Deception","AhriQ","主动","{{ abilityresourcename }}","否","混合(魔法+真实)","伤害","无"
"16.3.1","Ahri","Ahri","Ahri","W","Fox-Fire","Fox-Fire","AhriW","主动","{{ abilityresourcename }}","否","魔法","敌方减益 | 伤害 | 自我增益","无"
"16.3.1","Ahri","Ahri","Ahri","E","Charm","Charm","AhriE","主动","{{ abilityresourcename }}","否","魔法","控制 | 伤害","魅惑"
"16.3.1","Ahri","Ahri","Ahri","R","Spirit Rush","Spirit Rush","AhriR","主动","{{ abilityresourcename }}","否","魔法","二段/形态切换 | 伤害 | 位移 | 自我增益","无"
"16.3.1","Akali","Akali","Akali","P","Assassin's Mark","Assassin's Mark","Akali_P.png","被动","无","否","无/未标注","伤害 | 召唤/部署 | 资源交互 | 自我增益","无"
"16.3.1","Akali","Akali","Akali","Q","Five Point Strike","Five Point Strike","AkaliQ","主动","{{ abilityresourcename }}","否","魔法","控制 | 伤害","减速"
"16.3.1","Akali","Akali","Akali","W","Twilight Shroud","Twilight Shroud","AkaliW","主动","Energy","否","无/未标注","隐身/伪装 | 资源交互 | 自我增益","无"
"16.3.1","Akali","Akali","Akali","E","Shuriken Flip","Shuriken Flip","AkaliE","主动","{{ abilityresourcename }}","否","魔法","二段/形态切换 | 伤害 | 位移","无"
"16.3.1","Akali","Akali","Akali","R","Perfect Execution","Perfect Execution","AkaliR","主动","No Cost","否","魔法","二段/形态切换 | 伤害 | 位移 | 斩杀/缺失生命值联动 | 治疗/回复","无"
"16.3.1","Akshan","Akshan","Akshan","P","Dirty Fighting","Dirty Fighting","akshan_p.png","被动","无","否","无/未标注","敌方减益 | 护盾 | 伤害 | 自我增益","无"
"16.3.1","Akshan","Akshan","Akshan","Q","Avengerang","Avengerang","AkshanQ","主动","{{ abilityresourcename }}","否","物理","伤害","无"
"16.3.1","Akshan","Akshan","Akshan","W","Going Rogue","Going Rogue","AkshanW","主动","{{ abilityresourcename }}","否","无/未标注","复活/免死相关 | 隐身/伪装 | 资源交互 | 自我增益","无"
"16.3.1","Akshan","Akshan","Akshan","E","Heroic Swing","Heroic Swing","AkshanE","主动","{{ abilityresourcename }}","否","物理","二段/形态切换 | 伤害 | 位移","无"
"16.3.1","Akshan","Akshan","Akshan","R","Comeuppance","Comeuppance","AkshanR","主动","{{ abilityresourcename }}","否","物理","二段/形态切换 | 伤害 | 斩杀/缺失生命值联动 | 治疗/回复","无"
"16.3.1","Alistar","Alistar","Alistar","P","Triumphant Roar","Triumphant Roar","Alistar_E.png","被动","无","否","无/未标注","控制 | 治疗/回复","眩晕"
"16.3.1","Alistar","Alistar","Alistar","Q","Pulverize","Pulverize","Pulverize","主动","{{ abilityresourcename }}","否","魔法","伤害","无"
"16.3.1","Alistar","Alistar","Alistar","W","Headbutt","Headbutt","Headbutt","主动","{{ abilityresourcename }}","否","魔法","伤害","无"
"16.3.1","Alistar","Alistar","Alistar","E","Trample","Trample","AlistarE","主动","{{ abilityresourcename }}","否","魔法","控制 | 伤害 | 自我增益","眩晕"
"16.3.1","Alistar","Alistar","Alistar","R","Unbreakable Will","Unbreakable Will","FerociousHowl","主动","{{ abilityresourcename }}","否","无/未标注","敌方减益 | 伤害","无"
"16.3.1","Ambessa","Ambessa","Ambessa","P","Drakehound's Step","Drakehound's Step","Icon_Ambessa_Passive.Domina.png","被动","无","否","无/未标注","二段/形态切换 | 伤害 | 位移 | 资源交互 | 自我增益","无"
"16.3.1","Ambessa","Ambessa","Ambessa","Q","Cunning Sweep / Sundering Slam","Cunning Sweep / Sundering Slam","AmbessaQ","主动","{{ abilityresourcename }}","否","物理","二段/形态切换 | 伤害 | 治疗/回复 | 自我增益","无"
"16.3.1","Ambessa","Ambessa","Ambessa","W","Repudiation","Repudiation","AmbessaW","主动","{{ abilityresourcename }}","否","物理","护盾 | 伤害 | 自我增益","无"
"16.3.1","Ambessa","Ambessa","Ambessa","E","Lacerate","Lacerate","AmbessaE","主动","{{ abilityresourcename }}","否","物理","控制 | 伤害 | 位移","减速"
"16.3.1","Ambessa","Ambessa","Ambessa","R","Public Execution","Public Execution","AmbessaR","主动","No cost","否","物理","不可选取/无敌/霸体 | 控制 | 伤害 | 位移 | 治疗/回复 | 自我增益","眩晕 | 压制"
"16.3.1","Amumu","Amumu","Amumu","P","Cursed Touch","Cursed Touch","Amumu_Passive.png","被动","无","否","混合(魔法+真实)","伤害","无"
"16.3.1","Amumu","Amumu","Amumu","Q","Bandage Toss","Bandage Toss","BandageToss","主动","{{ abilityresourcename }}","是","魔法","充能技能 | 控制 | 伤害","眩晕"
"16.3.1","Amumu","Amumu","Amumu","W","Despair","Despair","AuraofDespair","主动","{{ abilityresourcename }} per Second","否","魔法","伤害 | 治疗/回复","无"
"16.3.1","Amumu","Amumu","Amumu","E","Tantrum","Tantrum","Tantrum","主动","{{ abilityresourcename }}","否","混合(物理+魔法)","敌方减益 | 伤害 | 资源交互","无"
"16.3.1","Amumu","Amumu","Amumu","R","Curse of the Sad Mummy","Curse of the Sad Mummy","CurseoftheSadMummy","主动","{{ abilityresourcename }}","否","魔法","控制 | 伤害","眩晕"
"16.3.1","Anivia","Anivia","Anivia","P","Rebirth","Rebirth","Anivia_P.png","被动","无","否","无/未标注","复活/免死相关 | 伤害 | 治疗/回复","无"
"16.3.1","Anivia","Anivia","Anivia","Q","Flash Frost","Flash Frost","FlashFrost","主动","{{ abilityresourcename }}","否","魔法","二段/形态切换 | 控制 | 伤害 | 召唤/部署","减速 | 眩晕"
"16.3.1","Anivia","Anivia","Anivia","W","Crystallize","Crystallize","Crystallize","主动","{{ abilityresourcename }}","否","无/未标注","召唤/部署","无"
"16.3.1","Anivia","Anivia","Anivia","E","Frostbite","Frostbite","Frostbite","主动","{{ abilityresourcename }}","否","魔法","伤害 | 自我增益","无"
"16.3.1","Anivia","Anivia","Anivia","R","Glacial Storm","Glacial Storm","GlacialStorm","主动","+ {{ manacostpersecond }} Mana per second","否","魔法","控制 | 伤害 | 召唤/部署","减速"
"16.3.1","Annie","Annie","Annie","P","Pyromania","Pyromania","Annie_Passive.png","被动","无","否","无/未标注","控制 | 召唤/部署","眩晕"
"16.3.1","Annie","Annie","Annie","Q","Disintegrate","Disintegrate","AnnieQ","主动","{{ abilityresourcename }}","否","魔法","敌方减益 | 伤害 | 资源交互","无"
"16.3.1","Annie","Annie","Annie","W","Incinerate","Incinerate","AnnieW","主动","{{ abilityresourcename }}","否","魔法","伤害","无"
"16.3.1","Annie","Annie","Annie","E","Molten Shield","Molten Shield","AnnieE","主动","{{ abilityresourcename }}","否","魔法","护盾 | 伤害 | 召唤/部署 | 自我增益","无"
"16.3.1","Annie","Annie","Annie","R","Summon: Tibbers","Summon: Tibbers","AnnieR","主动","{{ abilityresourcename }}","否","魔法","二段/形态切换 | 控制 | 伤害 | 召唤/部署 | 资源交互 | 自我增益","眩晕"
"16.3.1","Aphelios","Aphelios","Aphelios","P","The Hitman and the Seer","The Hitman and the Seer","ApheliosP.png","被动","无","否","无/未标注","召唤/部署","无"
"16.3.1","Aphelios","Aphelios","Aphelios","Q","Weapon Abilites","Weapon Abilites","ApheliosQ_ClientTooltipWrapper","主动","{{ abilityresourcename }}","否","无/未标注","控制 | 伤害","减速 | 禁锢"
"16.3.1","Aphelios","Aphelios","Aphelios","W","Phase","Phase","ApheliosW","主动","No Cost","否","无/未标注","无","无"
"16.3.1","Aphelios","Aphelios","Aphelios","E","Weapon Queue System","Weapon Queue System","ApheliosE_ClientTooltipWrapper","主动","{{ abilityresourcename }}","否","无/未标注","无","无"
"16.3.1","Aphelios","Aphelios","Aphelios","R","Moonlight Vigil","Moonlight Vigil","ApheliosR","主动","{{ abilityresourcename }}","否","物理","伤害","无"
"16.3.1","Ashe","Ashe","Ashe","P","Frost Shot","Frost Shot","Ashe_P.png","被动","无","否","无/未标注","控制 | 伤害 | 自我增益","减速"
"16.3.1","Ashe","Ashe","Ashe","Q","Ranger's Focus","Ranger's Focus","AsheQ","主动","{{ abilityresourcename }}","否","无/未标注","二段/形态切换 | 伤害 | 自我增益","无"
"16.3.1","Ashe","Ashe","Ashe","W","Volley","Volley","Volley","主动","{{ abilityresourcename }}","否","物理","伤害","无"
"16.3.1","Ashe","Ashe","Ashe","E","Hawkshot","Hawkshot","AsheSpiritOfTheHawk","主动","No Cost","是","无/未标注","充能技能","无"
"16.3.1","Ashe","Ashe","Ashe","R","Enchanted Crystal Arrow","Enchanted Crystal Arrow","EnchantedCrystalArrow","主动","{{ abilityresourcename }}","否","魔法","二段/形态切换 | 控制 | 伤害","减速 | 眩晕"
"16.3.1","AurelionSol","Aurelion Sol","Aurelion Sol","P","Cosmic Creator","Cosmic Creator","AurelionSolP.png","被动","无","否","无/未标注","无","无"
"16.3.1","AurelionSol","Aurelion Sol","Aurelion Sol","Q","Breath of Light","Breath of Light","AurelionSolQ","主动","Mana per second","否","魔法","敌方减益 | 伤害 | 治疗/回复","无"
"16.3.1","AurelionSol","Aurelion Sol","Aurelion Sol","W","Astral Flight","Astral Flight","AurelionSolW","主动","{{ abilityresourcename }}","否","无/未标注","敌方减益 | 二段/形态切换 | 伤害","无"
"16.3.1","AurelionSol","Aurelion Sol","Aurelion Sol","E","Singularity","Singularity","AurelionSolE","主动","{{ abilityresourcename }}","否","魔法","控制 | 伤害 | 斩杀/缺失生命值联动 | 召唤/部署 | 治疗/回复","减速"
"16.3.1","AurelionSol","Aurelion Sol","Aurelion Sol","R","Falling Star / The Skies Descend","Falling Star / The Skies Descend","AurelionSolR","主动","{{ abilityresourcename }}","否","魔法","二段/形态切换 | 控制 | 伤害 | 资源交互","减速 | 眩晕"
"16.3.1","Aurora","Aurora","Aurora","P","Spirit Abjuration","Spirit Abjuration","AuroraPassive.Aurora.png","被动","无","否","无/未标注","伤害 | 治疗/回复","无"
"16.3.1","Aurora","Aurora","Aurora","Q","Twofold Hex","Twofold Hex","AuroraQ","主动","{{ abilityresourcename }}","否","魔法","敌方减益 | 二段/形态切换 | 伤害 | 斩杀/缺失生命值联动 | 治疗/回复 | 资源交互","无"
"16.3.1","Aurora","Aurora","Aurora","W","Across the Veil","Across the Veil","AuroraW","主动","{{ abilityresourcename }}","否","无/未标注","位移 | 隐身/伪装","无"
"16.3.1","Aurora","Aurora","Aurora","E","The Weirding","The Weirding","AuroraE","主动","{{ abilityresourcename }}","否","魔法","二段/形态切换 | 控制 | 伤害","减速"
"16.3.1","Aurora","Aurora","Aurora","R","Between Worlds","Between Worlds","AuroraR","主动","{{ abilityresourcename }}","否","魔法","二段/形态切换 | 控制 | 伤害 | 位移 | 召唤/部署 | 资源交互","减速"
"16.3.1","Azir","Azir","Azir","P","Shurima's Legacy","Shurima's Legacy","Azir_Passive.png","被动","无","否","无/未标注","召唤/部署","无"
"16.3.1","Azir","Azir","Azir","Q","Conquering Sands","Conquering Sands","AzirQWrapper","主动","{{ abilityresourcename }}","否","魔法","控制 | 伤害 | 召唤/部署","减速"
"16.3.1","Azir","Azir","Azir","W","Arise!","Arise!","AzirW","主动","{{ abilityresourcename }}","是","魔法","充能技能 | 伤害 | 召唤/部署 | 自我增益","无"
"16.3.1","Azir","Azir","Azir","E","Shifting Sands","Shifting Sands","AzirEWrapper","主动","{{ abilityresourcename }}","否","魔法","护盾 | 伤害 | 位移 | 召唤/部署 | 自我增益","无"
"16.3.1","Azir","Azir","Azir","R","Emperor's Divide","Emperor's Divide","AzirR","主动","{{ abilityresourcename }}","否","魔法","伤害 | 召唤/部署","无"
"16.3.1","Bard","Bard","Bard","P","Traveler's Call","Traveler's Call","Bard_Passive.png","被动","无","否","魔法","控制 | 伤害 | 资源交互","减速"
"16.3.1","Bard","Bard","Bard","Q","Cosmic Binding","Cosmic Binding","BardQ","主动","{{ abilityresourcename }}","否","魔法","控制 | 伤害 | 资源交互","减速 | 眩晕"
"16.3.1","Bard","Bard","Bard","W","Caretaker's Shrine","Caretaker's Shrine","BardW","主动","{{ abilityresourcename }}","是","无/未标注","充能技能 | 召唤/部署 | 治疗/回复","无"
"16.3.1","Bard","Bard","Bard","E","Magical Journey","Magical Journey","BardE","主动","{{ abilityresourcename }}","否","无/未标注","无","无"
"16.3.1","Bard","Bard","Bard","R","Tempered Fate","Tempered Fate","BardR","主动","{{ abilityresourcename }}","否","无/未标注","不可选取/无敌/霸体 | 召唤/部署 | 资源交互","无"
"16.3.1","Belveth","Bel'Veth","Bel'Veth","P","Death in Lavender ","Death in Lavender ","Belveth_Passive.png","被动","无","否","无/未标注","自我增益","无"
"16.3.1","Belveth","Bel'Veth","Bel'Veth","Q","Void Surge","Void Surge","BelvethQ","主动","No Cost","否","物理","伤害 | 位移 | 自我增益","无"
"16.3.1","Belveth","Bel'Veth","Bel'Veth","W","Above and Below","Above and Below","BelvethW","主动","No Cost","否","魔法","控制 | 伤害","减速"
"16.3.1","Belveth","Bel'Veth","Bel'Veth","E","Royal Maelstrom","Royal Maelstrom","BelvethE","主动","No Cost","否","物理","二段/形态切换 | 控制 | 伤害 | 斩杀/缺失生命值联动 | 治疗/回复 | 自我增益","禁锢"
"16.3.1","Belveth","Bel'Veth","Bel'Veth","R","Endless Banquet","Endless Banquet","BelvethR","主动","No Cost","否","真实","二段/形态切换 | 控制 | 伤害 | 召唤/部署 | 治疗/回复 | 自我增益","减速"
"16.3.1","Blitzcrank","Blitzcrank","Blitzcrank","P","Mana Barrier","Mana Barrier","Blitzcrank_ManaBarrier.png","被动","无","否","无/未标注","护盾 | 治疗/回复 | 资源交互 | 自我增益","无"
"16.3.1","Blitzcrank","Blitzcrank","Blitzcrank","Q","Rocket Grab","Rocket Grab","RocketGrab","主动","{{ abilityresourcename }}","否","魔法","伤害","无"
"16.3.1","Blitzcrank","Blitzcrank","Blitzcrank","W","Overdrive","Overdrive","Overdrive","主动","{{ abilityresourcename }}","否","无/未标注","控制 | 自我增益","减速"
"16.3.1","Blitzcrank","Blitzcrank","Blitzcrank","E","Power Fist","Power Fist","PowerFist","主动","{{ abilityresourcename }}","否","物理","控制 | 伤害","击飞"
"16.3.1","Blitzcrank","Blitzcrank","Blitzcrank","R","Static Field","Static Field","StaticField","主动","{{ abilityresourcename }}","否","魔法","护盾 | 控制 | 伤害","沉默"
"16.3.1","Brand","Brand","Brand","P","Blaze","Blaze","BrandP.png","被动","无","否","无/未标注","伤害 | 资源交互 | 自我增益","无"
"16.3.1","Brand","Brand","Brand","Q","Sear","Sear","BrandQ","主动","{{ abilityresourcename }}","否","魔法","控制 | 伤害","眩晕"
"16.3.1","Brand","Brand","Brand","W","Pillar of Flame","Pillar of Flame","BrandW","主动","{{ abilityresourcename }}","否","魔法","伤害 | 召唤/部署","无"
"16.3.1","Brand","Brand","Brand","E","Conflagration","Conflagration","BrandE","主动","{{ abilityresourcename }}","否","魔法","伤害","无"
"16.3.1","Brand","Brand","Brand","R","Pyroclasm","Pyroclasm","BrandR","主动","{{ abilityresourcename }}","否","魔法","控制 | 伤害","减速"
"16.3.1","Braum","Braum","Braum","P","Concussive Blows","Concussive Blows","Braum_Passive.png","被动","无","否","魔法","控制 | 伤害","眩晕"
"16.3.1","Braum","Braum","Braum","Q","Winter's Bite","Winter's Bite","BraumQ","主动","{{ abilityresourcename }}","否","魔法","护盾 | 控制 | 伤害","减速"
"16.3.1","Braum","Braum","Braum","W","Stand Behind Me","Stand Behind Me","BraumW","主动","{{ abilityresourcename }}","否","无/未标注","位移","无"
"16.3.1","Braum","Braum","Braum","E","Unbreakable","Unbreakable","BraumE","主动","{{ abilityresourcename }}","否","无/未标注","敌方减益 | 护盾 | 伤害 | 自我增益","无"
"16.3.1","Braum","Braum","Braum","R","Glacial Fissure","Glacial Fissure","BraumRWrapper","主动","{{ abilityresourcename }}","否","魔法","二段/形态切换 | 控制 | 伤害 | 召唤/部署","击飞 | 减速"
"16.3.1","Briar","Briar","Briar","P","Crimson Curse","Crimson Curse","BriarP.png","被动","无","否","无/未标注","伤害 | 斩杀/缺失生命值联动 | 召唤/部署 | 治疗/回复 | 自我增益","无"
"16.3.1","Briar","Briar","Briar","Q","Head Rush","Head Rush","BriarQ","主动","% of current Health","否","物理","控制 | 伤害 | 位移","眩晕"
"16.3.1","Briar","Briar","Briar","W","Blood Frenzy / Snack Attack","Blood Frenzy / Snack Attack","BriarW","主动","% of current Health","否","物理","二段/形态切换 | 控制 | 伤害 | 位移 | 斩杀/缺失生命值联动 | 治疗/回复 | 自我增益","嘲讽"
"16.3.1","Briar","Briar","Briar","E","Chilling Scream","Chilling Scream","BriarE","主动","% of current Health","否","魔法","敌方减益 | 控制 | 伤害 | 治疗/回复 | 资源交互","减速 | 眩晕"
"16.3.1","Briar","Briar","Briar","R","Certain Death","Certain Death","BriarR","主动","% of current Health","否","魔法","二段/形态切换 | 复活/免死相关 | 控制 | 伤害 | 自我增益","恐惧"
"16.3.1","Caitlyn","Caitlyn","Caitlyn","P","Headshot","Headshot","Caitlyn_Headshot.png","被动","无","否","无/未标注","伤害 | 召唤/部署 | 自我增益","无"
"16.3.1","Caitlyn","Caitlyn","Caitlyn","Q","Piltover Peacemaker","Piltover Peacemaker","CaitlynQ","主动","{{ abilityresourcename }}","否","物理","伤害 | 召唤/部署","无"
"16.3.1","Caitlyn","Caitlyn","Caitlyn","W","Yordle Snap Trap","Yordle Snap Trap","CaitlynW","主动","{{ abilityresourcename }}","是","物理","充能技能 | 控制 | 伤害 | 召唤/部署 | 自我增益","禁锢"
"16.3.1","Caitlyn","Caitlyn","Caitlyn","E","90 Caliber Net","90 Caliber Net","CaitlynE","主动","{{ abilityresourcename }}","否","魔法","控制 | 伤害","减速"
"16.3.1","Caitlyn","Caitlyn","Caitlyn","R","Ace in the Hole","Ace in the Hole","CaitlynR","主动","{{ abilityresourcename }}","否","物理","伤害","无"
"16.3.1","Camille","Camille","Camille","P","Adaptive Defenses","Adaptive Defenses","Camille_Passive.png","被动","无","否","无/未标注","护盾 | 伤害 | 治疗/回复 | 自我增益","无"
"16.3.1","Camille","Camille","Camille","Q","Precision Protocol","Precision Protocol","CamilleQ","主动","{{ abilityresourcename }}","否","混合(物理+真实)","二段/形态切换 | 伤害","无"
"16.3.1","Camille","Camille","Camille","W","Tactical Sweep","Tactical Sweep","CamilleW","主动","{{ abilityresourcename }}","否","物理","控制 | 伤害 | 治疗/回复","减速"
"16.3.1","Camille","Camille","Camille","E","Hookshot","Hookshot","CamilleE","主动","{{ abilityresourcename }}","否","物理","二段/形态切换 | 控制 | 伤害 | 位移 | 自我增益","眩晕"
"16.3.1","Camille","Camille","Camille","R","The Hextech Ultimatum","The Hextech Ultimatum","CamilleR","主动","{{ abilityresourcename }}","否","魔法","不可选取/无敌/霸体 | 伤害 | 位移 | 召唤/部署 | 治疗/回复 | 自我增益","无"
"16.3.1","Cassiopeia","Cassiopeia","Cassiopeia","P","Serpentine Grace","Serpentine Grace","Cassiopeia_Passive.png","被动","无","否","无/未标注","无","无"
"16.3.1","Cassiopeia","Cassiopeia","Cassiopeia","Q","Noxious Blast","Noxious Blast","CassiopeiaQ","主动","{{ abilityresourcename }}","否","魔法","伤害","无"
"16.3.1","Cassiopeia","Cassiopeia","Cassiopeia","W","Miasma","Miasma","CassiopeiaW","主动","{{ abilityresourcename }}","否","魔法","控制 | 伤害","缚地 | 减速"
"16.3.1","Cassiopeia","Cassiopeia","Cassiopeia","E","Twin Fang","Twin Fang","CassiopeiaE","主动","{{ abilityresourcename }}","否","魔法","敌方减益 | 伤害 | 治疗/回复 | 资源交互 | 自我增益","无"
"16.3.1","Cassiopeia","Cassiopeia","Cassiopeia","R","Petrifying Gaze","Petrifying Gaze","CassiopeiaR","主动","{{ abilityresourcename }}","否","魔法","控制 | 伤害 | 召唤/部署 | 资源交互","减速 | 眩晕"
"16.3.1","Chogath","Cho'Gath","Cho'Gath","P","Carnivore","Carnivore","GreenTerror_TailSpike.png","被动","无","否","无/未标注","治疗/回复 | 资源交互","无"
"16.3.1","Chogath","Cho'Gath","Cho'Gath","Q","Rupture","Rupture","Rupture","主动","{{ abilityresourcename }}","否","魔法","控制 | 伤害","减速"
"16.3.1","Chogath","Cho'Gath","Cho'Gath","W","Feral Scream","Feral Scream","FeralScream","主动","{{ abilityresourcename }}","否","魔法","伤害","无"
"16.3.1","Chogath","Cho'Gath","Cho'Gath","E","Vorpal Spikes","Vorpal Spikes","VorpalSpikes","主动","{{ abilityresourcename }}","否","魔法","控制 | 伤害 | 治疗/回复","减速"
"16.3.1","Chogath","Cho'Gath","Cho'Gath","R","Feast","Feast","Feast","主动","{{ abilityresourcename }}","否","真实","伤害 | 治疗/回复 | 自我增益","无"
"16.3.1","Corki","Corki","Corki","P","Hextech Munitions","Hextech Munitions","Corki_RapidReload.png","被动","无","否","真实","伤害","无"
"16.3.1","Corki","Corki","Corki","Q","Phosphorus Bomb","Phosphorus Bomb","PhosphorusBomb","主动","{{ abilityresourcename }}","否","魔法","伤害","无"
"16.3.1","Corki","Corki","Corki","W","Valkyrie","Valkyrie","CarpetBomb","主动","{{ abilityresourcename }}","否","魔法","二段/形态切换 | 伤害","无"
"16.3.1","Corki","Corki","Corki","E","Gatling Gun","Gatling Gun","GGun","主动","{{ abilityresourcename }}","否","物理","敌方减益 | 伤害","无"
"16.3.1","Corki","Corki","Corki","R","Missile Barrage","Missile Barrage","MissileBarrage","主动","{{ abilityresourcename }}","是","物理","充能技能 | 敌方减益 | 伤害 | 自我增益","无"
"16.3.1","Darius","Darius","Darius","P","Hemorrhage","Hemorrhage","Darius_Icon_Hemorrhage.png","被动","无","否","物理","伤害 | 资源交互 | 自我增益","无"
"16.3.1","Darius","Darius","Darius","Q","Decimate","Decimate","DariusCleave","主动","{{ abilityresourcename }}","否","物理","伤害 | 斩杀/缺失生命值联动 | 治疗/回复","无"
"16.3.1","Darius","Darius","Darius","W","Crippling Strike","Crippling Strike","DariusNoxianTacticsONH","主动","{{ abilityresourcename }}","否","物理","敌方减益 | 控制 | 伤害 | 资源交互","减速"
"16.3.1","Darius","Darius","Darius","E","Apprehend","Apprehend","DariusAxeGrabCone","主动","{{ abilityresourcename }}","否","物理","控制 | 伤害 | 自我增益","减速"
"16.3.1","Darius","Darius","Darius","R","Noxian Guillotine","Noxian Guillotine","DariusExecute","主动","{{ abilityresourcename }}","否","真实","二段/形态切换 | 伤害 | 位移 | 资源交互","无"
"16.3.1","Diana","Diana","Diana","P","Moonsilver Blade","Moonsilver Blade","Diana_Passive_LunarBlade.png","被动","无","否","魔法","伤害 | 自我增益","无"
"16.3.1","Diana","Diana","Diana","Q","Crescent Strike","Crescent Strike","DianaQ","主动","{{ abilityresourcename }}","否","魔法","伤害 | 隐身/伪装 | 资源交互","无"
"16.3.1","Diana","Diana","Diana","W","Pale Cascade","Pale Cascade","DianaOrbs","主动","{{ abilityresourcename }}","否","魔法","护盾 | 伤害 | 自我增益","无"
"16.3.1","Diana","Diana","Diana","E","Lunar Rush","Lunar Rush","DianaTeleport","主动","{{ abilityresourcename }}","否","魔法","伤害 | 位移","无"
"16.3.1","Diana","Diana","Diana","R","Moonfall","Moonfall","DianaR","主动","{{ abilityresourcename }}","否","魔法","控制 | 伤害","减速"
"16.3.1","Draven","Draven","Draven","P","League of Draven","League of Draven","Draven_passive.png","被动","无","否","无/未标注","自我增益","无"
"16.3.1","Draven","Draven","Draven","Q","Spinning Axe","Spinning Axe","DravenSpinning","主动","{{ abilityresourcename }}","否","物理","伤害","无"
"16.3.1","Draven","Draven","Draven","W","Blood Rush","Blood Rush","DravenFury","主动","{{ abilityresourcename }}","否","无/未标注","自我增益","无"
"16.3.1","Draven","Draven","Draven","E","Stand Aside","Stand Aside","DravenDoubleShot","主动","{{ abilityresourcename }}","否","物理","控制 | 伤害","减速"
"16.3.1","Draven","Draven","Draven","R","Whirling Death","Whirling Death","DravenRCast","主动","{{ abilityresourcename }}","否","物理","二段/形态切换 | 复活/免死相关 | 控制 | 伤害 | 斩杀/缺失生命值联动 | 治疗/回复","减速"
"16.3.1","DrMundo","Dr. Mundo","Dr. Mundo","P","Goes Where He Pleases","Goes Where He Pleases","DrMundo_P.png","被动","无","否","无/未标注","治疗/回复","无"
"16.3.1","DrMundo","Dr. Mundo","Dr. Mundo","Q","Infected Bonesaw","Infected Bonesaw","DrMundoQ","主动","Health","否","魔法","控制 | 伤害 | 治疗/回复","减速"
"16.3.1","DrMundo","Dr. Mundo","Dr. Mundo","W","Heart Zapper","Heart Zapper","DrMundoW","主动","% Current Health","否","魔法","二段/形态切换 | 伤害 | 治疗/回复","无"
"16.3.1","DrMundo","Dr. Mundo","Dr. Mundo","E","Blunt Force Trauma","Blunt Force Trauma","DrMundoE","主动","Health","否","物理","伤害 | 斩杀/缺失生命值联动 | 治疗/回复 | 自我增益","无"
"16.3.1","DrMundo","Dr. Mundo","Dr. Mundo","R","Maximum Dosage","Maximum Dosage","DrMundoR","主动","No Cost","否","无/未标注","斩杀/缺失生命值联动 | 治疗/回复 | 自我增益","无"
"16.3.1","Ekko","Ekko","Ekko","P","Z-Drive Resonance","Z-Drive Resonance","Ekko_P.png","被动","无","否","魔法","伤害","无"
"16.3.1","Ekko","Ekko","Ekko","Q","Timewinder","Timewinder","EkkoQ","主动","{{ abilityresourcename }}","否","魔法","控制 | 伤害","减速"
"16.3.1","Ekko","Ekko","Ekko","W","Parallel Convergence","Parallel Convergence","EkkoW","主动","{{ abilityresourcename }}","否","魔法","护盾 | 控制 | 伤害 | 斩杀/缺失生命值联动 | 治疗/回复 | 自我增益","减速 | 眩晕"
"16.3.1","Ekko","Ekko","Ekko","E","Phase Dive","Phase Dive","EkkoE","主动","{{ abilityresourcename }}","否","魔法","伤害 | 位移 | 自我增益","无"
"16.3.1","Ekko","Ekko","Ekko","R","Chronobreak","Chronobreak","EkkoR","主动","{{ abilityresourcename }}","否","魔法","不可选取/无敌/霸体 | 伤害 | 位移 | 治疗/回复","无"
"16.3.1","Elise","Elise","Elise","P","Spider Queen","Spider Queen","ElisePassive.png","被动","无","否","魔法","伤害 | 治疗/回复 | 自我增益","无"
"16.3.1","Elise","Elise","Elise","Q","Neurotoxin / Venomous Bite","Neurotoxin / Venomous Bite","EliseHumanQ","主动","{{ abilityresourcename }}","否","魔法","伤害 | 位移 | 治疗/回复","无"
"16.3.1","Elise","Elise","Elise","W","Volatile Spiderling / Skittering Frenzy","Volatile Spiderling / Skittering Frenzy","EliseHumanW","主动","{{ abilityresourcename }}","否","魔法","伤害 | 召唤/部署 | 自我增益","无"
"16.3.1","Elise","Elise","Elise","E","Cocoon / Rappel","Cocoon / Rappel","EliseHumanE","主动","{{ abilityresourcename }}","否","无/未标注","控制 | 伤害 | 隐身/伪装 | 治疗/回复","眩晕"
"16.3.1","Elise","Elise","Elise","R","Spider Form","Spider Form","EliseR","主动","No Cost","否","无/未标注","二段/形态切换 | 召唤/部署","无"
"16.3.1","Evelynn","Evelynn","Evelynn","P","Demon Shade","Demon Shade","Evelynn_Passive.png","被动","无","否","无/未标注","隐身/伪装 | 治疗/回复","无"
"16.3.1","Evelynn","Evelynn","Evelynn","Q","Hate Spike","Hate Spike","EvelynnQ","主动","{{ abilityresourcename }}","否","魔法","二段/形态切换 | 伤害","无"
"16.3.1","Evelynn","Evelynn","Evelynn","W","Allure","Allure","EvelynnW","主动","{{ abilityresourcename }}","否","魔法","敌方减益 | 控制 | 伤害 | 自我增益","减速 | 魅惑"
"16.3.1","Evelynn","Evelynn","Evelynn","E","Whiplash","Whiplash","EvelynnE","主动","{{ abilityresourcename }}","否","魔法","伤害 | 位移 | 治疗/回复 | 自我增益","无"
"16.3.1","Evelynn","Evelynn","Evelynn","R","Last Caress","Last Caress","EvelynnR","主动","{{ abilityresourcename }}","否","魔法","不可选取/无敌/霸体 | 二段/形态切换 | 伤害 | 位移 | 斩杀/缺失生命值联动 | 治疗/回复 | 资源交互 | 自我增益","无"
"16.3.1","Ezreal","Ezreal","Ezreal","P","Rising Spell Force","Rising Spell Force","Ezreal_RisingSpellForce.png","被动","无","否","无/未标注","自我增益","无"
"16.3.1","Ezreal","Ezreal","Ezreal","Q","Mystic Shot","Mystic Shot","EzrealQ","主动","{{ abilityresourcename }}","否","物理","敌方减益 | 伤害 | 资源交互","无"
"16.3.1","Ezreal","Ezreal","Ezreal","W","Essence Flux","Essence Flux","EzrealW","主动","{{ abilityresourcename }}","否","魔法","伤害 | 资源交互","无"
"16.3.1","Ezreal","Ezreal","Ezreal","E","Arcane Shift","Arcane Shift","EzrealE","主动","{{ abilityresourcename }}","否","魔法","伤害 | 位移","无"
"16.3.1","Ezreal","Ezreal","Ezreal","R","Trueshot Barrage","Trueshot Barrage","EzrealR","主动","{{ abilityresourcename }}","否","魔法","敌方减益 | 伤害 | 资源交互","无"
"16.3.1","Fiddlesticks","Fiddlesticks","Fiddlesticks","P","A Harmless Scarecrow","A Harmless Scarecrow","FiddlesticksP.png","被动","无","否","无/未标注","无","无"
"16.3.1","Fiddlesticks","Fiddlesticks","Fiddlesticks","Q","Terrify","Terrify","FiddleSticksQ","主动","{{ abilityresourcename }}","否","魔法","控制 | 伤害 | 治疗/回复","恐惧"
"16.3.1","Fiddlesticks","Fiddlesticks","Fiddlesticks","W","Bountiful Harvest","Bountiful Harvest","FiddleSticksW","主动","{{ abilityresourcename }}","否","魔法","敌方减益 | 伤害 | 斩杀/缺失生命值联动 | 治疗/回复","无"
"16.3.1","Fiddlesticks","Fiddlesticks","Fiddlesticks","E","Reap","Reap","FiddleSticksE","主动","{{ abilityresourcename }}","否","魔法","控制 | 伤害","沉默 | 减速"
"16.3.1","Fiddlesticks","Fiddlesticks","Fiddlesticks","R","Crowstorm","Crowstorm","FiddleSticksR","主动","{{ abilityresourcename }}","否","魔法","伤害 | 位移","无"
"16.3.1","Fiora","Fiora","Fiora","P","Duelist's Dance","Duelist's Dance","Fiora_P.png","被动","无","否","无/未标注","治疗/回复 | 自我增益","无"
"16.3.1","Fiora","Fiora","Fiora","Q","Lunge","Lunge","FioraQ","主动","{{ abilityresourcename }}","否","物理","敌方减益 | 伤害 | 位移","无"
"16.3.1","Fiora","Fiora","Fiora","W","Riposte","Riposte","FioraW","主动","{{ abilityresourcename }}","否","魔法","控制 | 伤害 | 自我增益","减速 | 眩晕"
"16.3.1","Fiora","Fiora","Fiora","E","Bladework","Bladework","FioraE","主动","{{ abilityresourcename }}","否","无/未标注","控制 | 伤害 | 自我增益","减速"
"16.3.1","Fiora","Fiora","Fiora","R","Grand Challenge","Grand Challenge","FioraR","主动","{{ abilityresourcename }}","否","真实","伤害 | 治疗/回复 | 自我增益","无"
"16.3.1","Fizz","Fizz","Fizz","P","Nimble Fighter","Nimble Fighter","Fizz_P.png","被动","无","否","无/未标注","敌方减益 | 伤害","无"
"16.3.1","Fizz","Fizz","Fizz","Q","Urchin Strike","Urchin Strike","FizzQ","主动","{{ abilityresourcename }}","否","混合(物理+魔法)","伤害 | 位移","无"
"16.3.1","Fizz","Fizz","Fizz","W","Seastone Trident","Seastone Trident","FizzW","主动","{{ abilityresourcename }}","否","魔法","敌方减益 | 伤害 | 资源交互 | 自我增益","无"
"16.3.1","Fizz","Fizz","Fizz","E","Playful / Trickster","Playful / Trickster","FizzE","主动","{{ abilityresourcename }}","否","魔法","不可选取/无敌/霸体 | 二段/形态切换 | 控制 | 伤害 | 位移","减速"
"16.3.1","Fizz","Fizz","Fizz","R","Chum the Waters","Chum the Waters","FizzR","主动","{{ abilityresourcename }}","否","魔法","控制 | 伤害","减速"
"16.3.1","Galio","Galio","Galio","P","Colossal Smash","Colossal Smash","Galio_Passive.png","被动","无","否","魔法","伤害","无"
"16.3.1","Galio","Galio","Galio","Q","Winds of War","Winds of War","GalioQ","主动","{{ abilityresourcename }}","否","魔法","伤害 | 治疗/回复","无"
"16.3.1","Galio","Galio","Galio","W","Shield of Durand","Shield of Durand","GalioW","主动","{{ abilityresourcename }}","否","混合(物理+魔法)","敌方减益 | 二段/形态切换 | 护盾 | 控制 | 伤害 | 自我增益","嘲讽 | 减速"
"16.3.1","Galio","Galio","Galio","E","Justice Punch","Justice Punch","GalioE","主动","{{ abilityresourcename }}","否","魔法","伤害 | 位移","无"
"16.3.1","Galio","Galio","Galio","R","Hero's Entrance","Hero's Entrance","GalioR","主动","{{ abilityresourcename }}","否","魔法","护盾 | 伤害","无"
"16.3.1","Gangplank","Gangplank","Gangplank","P","Trial by Fire","Trial by Fire","Gangplank_Passive.png","被动","无","否","无/未标注","伤害","无"
"16.3.1","Gangplank","Gangplank","Gangplank","Q","Parrrley","Parrrley","GangplankQWrapper","主动","{{ abilityresourcename }}","否","无/未标注","无","无"
"16.3.1","Gangplank","Gangplank","Gangplank","W","Remove Scurvy","Remove Scurvy","GangplankW","主动","{{ abilityresourcename }}","否","无/未标注","斩杀/缺失生命值联动 | 治疗/回复","无"
"16.3.1","Gangplank","Gangplank","Gangplank","E","Powder Keg","Powder Keg","GangplankE","主动","No Cost","是","物理","充能技能 | 控制 | 伤害 | 治疗/回复","减速"
"16.3.1","Gangplank","Gangplank","Gangplank","R","Cannon Barrage","Cannon Barrage","GangplankR","主动","{{ abilityresourcename }}","否","混合(魔法+真实)","复活/免死相关 | 控制 | 伤害 | 资源交互","减速"
"16.3.1","Garen","Garen","Garen","P","Perseverance","Perseverance","Garen_Passive.png","被动","无","否","无/未标注","伤害 | 治疗/回复","无"
"16.3.1","Garen","Garen","Garen","Q","Decisive Strike","Decisive Strike","GarenQ","主动","No Cost","否","物理","控制 | 伤害 | 自我增益","沉默 | 减速"
"16.3.1","Garen","Garen","Garen","W","Courage","Courage","GarenW","主动","No Cost","否","无/未标注","护盾 | 伤害 | 资源交互 | 自我增益","无"
"16.3.1","Garen","Garen","Garen","E","Judgment","Judgment","GarenE","主动","No Cost","否","物理","二段/形态切换 | 伤害","无"
"16.3.1","Garen","Garen","Garen","R","Demacian Justice","Demacian Justice","GarenR","主动","No Cost","否","真实","伤害 | 斩杀/缺失生命值联动 | 治疗/回复","无"
"16.3.1","Gnar","Gnar","Gnar","P","Rage Gene","Rage Gene","Gnar_Passive.png","被动","无","否","无/未标注","二段/形态切换 | 资源交互","无"
"16.3.1","Gnar","Gnar","Gnar","Q","Boomerang Throw / Boulder Toss","Boomerang Throw / Boulder Toss","GnarQ","主动","No Cost","否","物理","敌方减益 | 控制 | 伤害","减速"
"16.3.1","Gnar","Gnar","Gnar","W","Hyper / Wallop","Hyper / Wallop","GnarW","主动","No Cost","否","魔法","控制 | 伤害 | 治疗/回复 | 资源交互","眩晕"
"16.3.1","Gnar","Gnar","Gnar","E","Hop / Crunch","Hop / Crunch","GnarE","主动","No Cost","否","物理","控制 | 伤害 | 位移 | 自我增益","减速"
"16.3.1","Gnar","Gnar","Gnar","R","GNAR!","GNAR!","GnarR","主动","No Cost","否","物理","控制 | 伤害","减速 | 眩晕"
"16.3.1","Gragas","Gragas","Gragas","P","Happy Hour","Happy Hour","GragasPassiveHeal.png","被动","无","否","无/未标注","治疗/回复","无"
"16.3.1","Gragas","Gragas","Gragas","Q","Barrel Roll","Barrel Roll","GragasQ","主动","{{ abilityresourcename }}","否","魔法","二段/形态切换 | 控制 | 伤害","减速"
"16.3.1","Gragas","Gragas","Gragas","W","Drunken Rage","Drunken Rage","GragasW","主动","{{ abilityresourcename }}","否","魔法","伤害 | 治疗/回复 | 自我增益","无"
"16.3.1","Gragas","Gragas","Gragas","E","Body Slam","Body Slam","GragasE","主动","{{ abilityresourcename }}","否","魔法","敌方减益 | 控制 | 伤害","眩晕"
"16.3.1","Gragas","Gragas","Gragas","R","Explosive Cask","Explosive Cask","GragasR","主动","{{ abilityresourcename }}","否","魔法","伤害","无"
"16.3.1","Graves","Graves","Graves","P","New Destiny","New Destiny","GravesTrueGrit.png","被动","无","否","无/未标注","控制 | 伤害","击退"
"16.3.1","Graves","Graves","Graves","Q","End of the Line","End of the Line","GravesQLineSpell","主动","{{ abilityresourcename }}","否","物理","伤害","无"
"16.3.1","Graves","Graves","Graves","W","Smoke Screen","Smoke Screen","GravesSmokeGrenade","主动","{{ abilityresourcename }}","否","魔法","敌方减益 | 控制 | 伤害 | 召唤/部署","减速"
"16.3.1","Graves","Graves","Graves","E","Quickdraw","Quickdraw","GravesMove","主动","{{ abilityresourcename }}","否","无/未标注","敌方减益 | 二段/形态切换 | 伤害 | 位移 | 自我增益","无"
"16.3.1","Graves","Graves","Graves","R","Collateral Damage","Collateral Damage","GravesChargeShot","主动","{{ abilityresourcename }}","否","物理","伤害","无"
"16.3.1","Gwen","Gwen","Gwen","P","A Thousand Cuts","A Thousand Cuts","Gwen_Passive.png","被动","无","否","魔法","伤害 | 治疗/回复","无"
"16.3.1","Gwen","Gwen","Gwen","Q","Snip Snip!","Snip Snip!","GwenQ","主动","{{ abilityresourcename }}","否","混合(魔法+真实)","敌方减益 | 伤害 | 斩杀/缺失生命值联动 | 治疗/回复 | 自我增益","无"
"16.3.1","Gwen","Gwen","Gwen","W","Hallowed Mist","Hallowed Mist","GwenW","主动","{{ abilityresourcename }}","否","无/未标注","不可选取/无敌/霸体 | 二段/形态切换 | 召唤/部署 | 自我增益","无"
"16.3.1","Gwen","Gwen","Gwen","E","Skip 'n Slash","Skip 'n Slash","GwenE","主动","{{ abilityresourcename }}","否","魔法","二段/形态切换 | 伤害 | 位移 | 自我增益","无"
"16.3.1","Gwen","Gwen","Gwen","R","Needlework","Needlework","GwenR","主动","{{ abilityresourcename }}","否","魔法","二段/形态切换 | 控制 | 伤害","减速"
"16.3.1","Hecarim","Hecarim","Hecarim","P","Warpath","Warpath","Hecarim_Passive.png","被动","无","否","无/未标注","伤害 | 自我增益","无"
"16.3.1","Hecarim","Hecarim","Hecarim","Q","Rampage","Rampage","HecarimRapidSlash","主动","{{ abilityresourcename }}","否","物理","伤害 | 自我增益","无"
"16.3.1","Hecarim","Hecarim","Hecarim","W","Spirit of Dread","Spirit of Dread","HecarimW","主动","{{ abilityresourcename }}","否","魔法","伤害 | 治疗/回复 | 自我增益","无"
"16.3.1","Hecarim","Hecarim","Hecarim","E","Devastating Charge","Devastating Charge","HecarimRamp","主动","{{ abilityresourcename }}","否","物理","二段/形态切换 | 控制 | 伤害 | 自我增益","击退"
"16.3.1","Hecarim","Hecarim","Hecarim","R","Onslaught of Shadows","Onslaught of Shadows","HecarimUlt","主动","{{ abilityresourcename }}","否","魔法","二段/形态切换 | 控制 | 伤害 | 召唤/部署","恐惧"
"16.3.1","Heimerdinger","Heimerdinger","Heimerdinger","P","Hextech Affinity","Hextech Affinity","Heimerdinger_Passive.png","被动","无","否","无/未标注","召唤/部署","无"
"16.3.1","Heimerdinger","Heimerdinger","Heimerdinger","Q","H-28 G Evolution Turret","H-28 G Evolution Turret","HeimerdingerQ","主动","Turret Kit & {{ cost }} Mana","是","无/未标注","充能技能 | 控制 | 伤害 | 召唤/部署","减速"
"16.3.1","Heimerdinger","Heimerdinger","Heimerdinger","W","Hextech Micro-Rockets","Hextech Micro-Rockets","HeimerdingerW","主动","{{ abilityresourcename }}","否","魔法","敌方减益 | 伤害 | 召唤/部署 | 资源交互","无"
"16.3.1","Heimerdinger","Heimerdinger","Heimerdinger","E","CH-2 Electron Storm Grenade","CH-2 Electron Storm Grenade","HeimerdingerE","主动","{{ abilityresourcename }}","否","魔法","控制 | 伤害 | 召唤/部署","减速 | 眩晕"
"16.3.1","Heimerdinger","Heimerdinger","Heimerdinger","R","UPGRADE!!!","UPGRADE!!!","HeimerdingerR","主动","{{ abilityresourcename }}","否","魔法","敌方减益 | 二段/形态切换 | 控制 | 伤害 | 召唤/部署","减速 | 眩晕"
"16.3.1","Hwei","Hwei","Hwei","P","Signature of the Visionary","Signature of the Visionary","HweiPassive.png","被动","无","否","魔法","伤害","无"
"16.3.1","Hwei","Hwei","Hwei","Q","Subject: Disaster","Subject: Disaster","HweiQ","主动","{{ abilityresourcename }}","否","魔法","二段/形态切换 | 控制 | 伤害 | 斩杀/缺失生命值联动 | 治疗/回复","减速"
"16.3.1","Hwei","Hwei","Hwei","W","Subject: Serenity","Subject: Serenity","HweiW","主动","{{ abilityresourcename }}","否","魔法","敌方减益 | 护盾 | 控制 | 伤害 | 资源交互 | 自我增益","恐惧"
"16.3.1","Hwei","Hwei","Hwei","E","Subject: Torment","Subject: Torment","HweiE","主动","{{ abilityresourcename }}","否","魔法","控制 | 伤害","减速 | 禁锢 | 恐惧"
"16.3.1","Hwei","Hwei","Hwei","R","Spiraling Despair","Spiraling Despair","HweiR","主动","{{ abilityresourcename }}","否","魔法","控制 | 伤害","减速"
"16.3.1","Illaoi","Illaoi","Illaoi","P","Prophet of an Elder God","Prophet of an Elder God","Illaoi_P.png","被动","无","否","物理","伤害 | 召唤/部署 | 治疗/回复","无"
"16.3.1","Illaoi","Illaoi","Illaoi","Q","Tentacle Smash","Tentacle Smash","IllaoiQ","主动","{{ abilityresourcename }}","否","物理","伤害","无"
"16.3.1","Illaoi","Illaoi","Illaoi","W","Harsh Lesson","Harsh Lesson","IllaoiW","主动","{{ abilityresourcename }}","否","物理","伤害 | 位移 | 治疗/回复","无"
"16.3.1","Illaoi","Illaoi","Illaoi","E","Test of Spirit","Test of Spirit","IllaoiE","主动","{{ abilityresourcename }}","否","无/未标注","控制 | 伤害 | 召唤/部署","减速"
"16.3.1","Illaoi","Illaoi","Illaoi","R","Leap of Faith","Leap of Faith","IllaoiR","主动","{{ abilityresourcename }}","否","物理","不可选取/无敌/霸体 | 伤害 | 召唤/部署","无"
"16.3.1","Irelia","Irelia","Irelia","P","Ionian Fervor","Ionian Fervor","Irelia_Passive.png","被动","无","否","无/未标注","伤害 | 自我增益","无"
"16.3.1","Irelia","Irelia","Irelia","Q","Bladesurge","Bladesurge","IreliaQ","主动","{{ abilityresourcename }}","否","物理","伤害 | 位移 | 治疗/回复","无"
"16.3.1","Irelia","Irelia","Irelia","W","Defiant Dance","Defiant Dance","IreliaW","主动","{{ abilityresourcename }}","否","混合(物理+魔法)","敌方减益 | 二段/形态切换 | 伤害","无"
"16.3.1","Irelia","Irelia","Irelia","E","Flawless Duet","Flawless Duet","IreliaE","主动","{{ abilityresourcename }}","否","魔法","二段/形态切换 | 控制 | 伤害","眩晕"
"16.3.1","Irelia","Irelia","Irelia","R","Vanguard's Edge","Vanguard's Edge","IreliaR","主动","{{ abilityresourcename }}","否","魔法","控制 | 伤害 | 资源交互","减速"
"16.3.1","Ivern","Ivern","Ivern","P","Friend of the Forest","Friend of the Forest","IvernP.png","被动","无","否","无/未标注","无","无"
"16.3.1","Ivern","Ivern","Ivern","Q","Rootcaller","Rootcaller","IvernQ","主动","{{ abilityresourcename }}","否","魔法","敌方减益 | 二段/形态切换 | 控制 | 伤害 | 位移","禁锢"
"16.3.1","Ivern","Ivern","Ivern","W","Brushmaker","Brushmaker","IvernW","主动","{{ abilityresourcename }}","是","魔法","充能技能 | 伤害","无"
"16.3.1","Ivern","Ivern","Ivern","E","Triggerseed","Triggerseed","IvernE","主动","{{ abilityresourcename }}","否","魔法","护盾 | 控制 | 伤害 | 召唤/部署","减速"
"16.3.1","Ivern","Ivern","Ivern","R","Daisy!","Daisy!","IvernR","主动","{{ abilityresourcename }}","否","魔法","二段/形态切换 | 伤害 | 位移 | 召唤/部署","无"
"16.3.1","Janna","Janna","Janna","P","Tailwind","Tailwind","JannaP.png","被动","无","否","魔法","伤害","无"
"16.3.1","Janna","Janna","Janna","Q","Howling Gale","Howling Gale","HowlingGale","主动","{{ abilityresourcename }}","否","魔法","二段/形态切换 | 控制 | 伤害 | 召唤/部署","击飞"
"16.3.1","Janna","Janna","Janna","W","Zephyr","Zephyr","SowTheWind","主动","{{ abilityresourcename }}","否","魔法","控制 | 伤害 | 召唤/部署 | 自我增益","减速"
"16.3.1","Janna","Janna","Janna","E","Eye Of The Storm","Eye Of The Storm","EyeOfTheStorm","主动","{{ abilityresourcename }}","否","无/未标注","护盾 | 伤害 | 召唤/部署","无"
"16.3.1","Janna","Janna","Janna","R","Monsoon","Monsoon","ReapTheWhirlwind","主动","{{ abilityresourcename }}","否","无/未标注","召唤/部署 | 治疗/回复","无"
"16.3.1","JarvanIV","Jarvan IV","Jarvan IV","P","Martial Cadence","Martial Cadence","JarvanIVP.png","被动","无","否","物理","伤害 | 治疗/回复","无"
"16.3.1","JarvanIV","Jarvan IV","Jarvan IV","Q","Dragon Strike","Dragon Strike","JarvanIVDragonStrike","主动","{{ abilityresourcename }}","否","物理","伤害","无"
"16.3.1","JarvanIV","Jarvan IV","Jarvan IV","W","Golden Aegis","Golden Aegis","JarvanIVGoldenAegis","主动","{{ abilityresourcename }}","否","无/未标注","护盾 | 控制 | 召唤/部署","减速"
"16.3.1","JarvanIV","Jarvan IV","Jarvan IV","E","Demacian Standard","Demacian Standard","JarvanIVDemacianStandard","主动","{{ abilityresourcename }}","否","魔法","伤害 | 自我增益","无"
"16.3.1","JarvanIV","Jarvan IV","Jarvan IV","R","Cataclysm","Cataclysm","JarvanIVCataclysm","主动","{{ abilityresourcename }}","否","物理","二段/形态切换 | 伤害 | 位移","无"
"16.3.1","Jax","Jax","Jax","P","Relentless Assault","Relentless Assault","Armsmaster_MasterOfArms.png","被动","无","否","无/未标注","自我增益","无"
"16.3.1","Jax","Jax","Jax","Q","Leap Strike","Leap Strike","JaxQ","主动","{{ abilityresourcename }}","否","物理","伤害 | 位移","无"
"16.3.1","Jax","Jax","Jax","W","Empower","Empower","JaxW","主动","{{ abilityresourcename }}","否","魔法","伤害 | 位移 | 资源交互","无"
"16.3.1","Jax","Jax","Jax","E","Counter Strike","Counter Strike","JaxE","主动","{{ abilityresourcename }}","否","魔法","二段/形态切换 | 控制 | 伤害 | 治疗/回复","眩晕"
"16.3.1","Jax","Jax","Jax","R","Grandmaster-at-Arms","Grandmaster-at-Arms","JaxR","主动","{{ abilityresourcename }}","否","魔法","伤害 | 自我增益","无"
"16.3.1","Jayce","Jayce","Jayce","P","Hextech Capacitor","Hextech Capacitor","Jayce_Passive.png","被动","无","否","无/未标注","自我增益","无"
"16.3.1","Jayce","Jayce","Jayce","Q","To the Skies! / Shock Blast","To the Skies! / Shock Blast","JayceToTheSkies","主动","{{ abilityresourcename }}","否","物理","二段/形态切换 | 控制 | 伤害 | 位移","减速"
"16.3.1","Jayce","Jayce","Jayce","W","Lightning Field / Hyper Charge","Lightning Field / Hyper Charge","JayceStaticField","主动","{{ abilityresourcename }}","否","魔法","二段/形态切换 | 伤害 | 召唤/部署 | 资源交互 | 自我增益","无"
"16.3.1","Jayce","Jayce","Jayce","E","Thundering Blow / Acceleration Gate","Thundering Blow / Acceleration Gate","JayceThunderingBlow","主动","{{ abilityresourcename }}","否","魔法","二段/形态切换 | 伤害 | 治疗/回复","无"
"16.3.1","Jayce","Jayce","Jayce","R","Mercury Cannon / Mercury Hammer","Mercury Cannon / Mercury Hammer","JayceStanceHtG","主动","No Cost","否","魔法","敌方减益 | 二段/形态切换 | 伤害","无"
"16.3.1","Jhin","Jhin","Jhin","P","Whisper","Whisper","Jhin_P.png","被动","无","否","无/未标注","伤害 | 斩杀/缺失生命值联动","无"
"16.3.1","Jhin","Jhin","Jhin","Q","Dancing Grenade","Dancing Grenade","JhinQ","主动","{{ abilityresourcename }}","否","物理","伤害 | 自我增益","无"
"16.3.1","Jhin","Jhin","Jhin","W","Deadly Flourish","Deadly Flourish","JhinW","主动","{{ abilityresourcename }}","否","物理","控制 | 伤害 | 召唤/部署","禁锢"
"16.3.1","Jhin","Jhin","Jhin","E","Captive Audience","Captive Audience","JhinE","主动","{{ abilityresourcename }}","是","魔法","充能技能 | 复活/免死相关 | 控制 | 伤害 | 隐身/伪装 | 召唤/部署","减速"
"16.3.1","Jhin","Jhin","Jhin","R","Curtain Call","Curtain Call","JhinR","主动","{{ abilityresourcename }}","否","物理","二段/形态切换 | 控制 | 伤害 | 斩杀/缺失生命值联动 | 治疗/回复","减速"
"16.3.1","Jinx","Jinx","Jinx","P","Get Excited!","Get Excited!","Jinx_Passive.png","被动","无","否","无/未标注","自我增益","无"
"16.3.1","Jinx","Jinx","Jinx","Q","Switcheroo!","Switcheroo!","JinxQ","主动","Mana Per Rocket","否","物理","控制 | 伤害 | 资源交互 | 自我增益","减速"
"16.3.1","Jinx","Jinx","Jinx","W","Zap!","Zap!","JinxW","主动","{{ abilityresourcename }}","否","物理","控制 | 伤害","减速"
"16.3.1","Jinx","Jinx","Jinx","E","Flame Chompers!","Flame Chompers!","JinxE","主动","{{ abilityresourcename }}","否","魔法","控制 | 伤害","禁锢"
"16.3.1","Jinx","Jinx","Jinx","R","Super Mega Death Rocket!","Super Mega Death Rocket!","JinxR","主动","{{ abilityresourcename }}","否","物理","伤害 | 斩杀/缺失生命值联动 | 治疗/回复 | 自我增益","无"
"16.3.1","Kaisa","Kai'Sa","Kai'Sa","P","Second Skin","Second Skin","Kaisa_Passive.png","被动","无","否","魔法","伤害","无"
"16.3.1","Kaisa","Kai'Sa","Kai'Sa","Q","Icathian Rain","Icathian Rain","KaisaQ","主动","{{ abilityresourcename }}","否","物理","伤害","无"
"16.3.1","Kaisa","Kai'Sa","Kai'Sa","W","Void Seeker","Void Seeker","KaisaW","主动","{{ abilityresourcename }}","否","魔法","敌方减益 | 伤害","无"
"16.3.1","Kaisa","Kai'Sa","Kai'Sa","E","Supercharge","Supercharge","KaisaE","主动","{{ abilityresourcename }}","否","无/未标注","敌方减益 | 隐身/伪装 | 资源交互 | 自我增益","无"
"16.3.1","Kaisa","Kai'Sa","Kai'Sa","R","Killer Instinct","Killer Instinct","KaisaR","主动","{{ abilityresourcename }}","否","无/未标注","护盾 | 位移 | 自我增益","无"
"16.3.1","Kalista","Kalista","Kalista","P","Martial Poise","Martial Poise","Kalista_Passive.png","被动","无","否","无/未标注","二段/形态切换 | 位移","无"
"16.3.1","Kalista","Kalista","Kalista","Q","Pierce","Pierce","KalistaMysticShot","主动","{{ abilityresourcename }}","否","物理","伤害 | 位移","无"
"16.3.1","Kalista","Kalista","Kalista","W","Sentinel","Sentinel","KalistaW","主动","No Cost","是","魔法","充能技能 | 伤害 | 治疗/回复 | 自我增益","无"
"16.3.1","Kalista","Kalista","Kalista","E","Rend","Rend","KalistaExpungeWrapper","主动","{{ abilityresourcename }}","否","物理","控制 | 伤害 | 资源交互","减速"
"16.3.1","Kalista","Kalista","Kalista","R","Fate's Call","Fate's Call","KalistaRx","主动","{{ abilityresourcename }}","否","无/未标注","不可选取/无敌/霸体 | 位移","无"
"16.3.1","Karma","Karma","Karma","P","Gathering Fire","Gathering Fire","Karma_Passive.png","被动","无","否","无/未标注","敌方减益","无"
"16.3.1","Karma","Karma","Karma","Q","Inner Flame","Inner Flame","KarmaQ","主动","{{ abilityresourcename }}","否","魔法","控制 | 伤害 | 资源交互","减速"
"16.3.1","Karma","Karma","Karma","W","Focused Resolve","Focused Resolve","KarmaSpiritBind","主动","{{ abilityresourcename }}","否","魔法","控制 | 伤害 | 召唤/部署 | 治疗/回复","禁锢"
"16.3.1","Karma","Karma","Karma","E","Inspire","Inspire","KarmaSolKimShield","主动","{{ abilityresourcename }}","否","无/未标注","护盾 | 伤害 | 召唤/部署 | 资源交互","无"
"16.3.1","Karma","Karma","Karma","R","Mantra","Mantra","KarmaMantra","主动","No Cost","否","魔法","护盾 | 控制 | 伤害 | 斩杀/缺失生命值联动 | 治疗/回复 | 自我增益","减速 | 禁锢"
"16.3.1","Karthus","Karthus","Karthus","P","Death Defied","Death Defied","Karthus_Passive.png","被动","无","否","无/未标注","无","无"
"16.3.1","Karthus","Karthus","Karthus","Q","Lay Waste","Lay Waste","KarthusLayWasteA1","主动","{{ abilityresourcename }}","是","魔法","充能技能 | 伤害 | 召唤/部署","无"
"16.3.1","Karthus","Karthus","Karthus","W","Wall of Pain","Wall of Pain","KarthusWallOfPain","主动","{{ abilityresourcename }}","否","无/未标注","敌方减益 | 控制 | 召唤/部署 | 资源交互","减速"
"16.3.1","Karthus","Karthus","Karthus","E","Defile","Defile","KarthusDefile","主动","Mana per Second","否","魔法","伤害 | 召唤/部署 | 资源交互","无"
"16.3.1","Karthus","Karthus","Karthus","R","Requiem","Requiem","KarthusFallenOne","主动","{{ abilityresourcename }}","否","魔法","二段/形态切换 | 伤害","无"
"16.3.1","Kassadin","Kassadin","Kassadin","P","Void Stone","Void Stone","Kassadin_Passive.png","被动","无","否","魔法","敌方减益 | 伤害","无"
"16.3.1","Kassadin","Kassadin","Kassadin","Q","Null Sphere","Null Sphere","NullLance","主动","{{ abilityresourcename }}","否","魔法","护盾 | 伤害 | 资源交互 | 自我增益","无"
"16.3.1","Kassadin","Kassadin","Kassadin","W","Nether Blade","Nether Blade","NetherBlade","主动","{{ abilityresourcename }}","否","魔法","伤害 | 资源交互 | 自我增益","无"
"16.3.1","Kassadin","Kassadin","Kassadin","E","Force Pulse","Force Pulse","ForcePulse","主动","{{ abilityresourcename }}","否","魔法","敌方减益 | 控制 | 伤害 | 资源交互","减速"
"16.3.1","Kassadin","Kassadin","Kassadin","R","Riftwalk","Riftwalk","RiftWalk","主动","{{ abilityresourcename }}","否","魔法","伤害 | 位移 | 资源交互","无"
"16.3.1","Katarina","Katarina","Katarina","P","Voracity","Voracity","Katarina_Passive.png","被动","无","否","魔法","敌方减益 | 伤害","无"
"16.3.1","Katarina","Katarina","Katarina","Q","Bouncing Blade","Bouncing Blade","KatarinaQ","主动","No Cost","否","魔法","伤害","无"
"16.3.1","Katarina","Katarina","Katarina","W","Preparation","Preparation","KatarinaW","主动","No Cost","否","无/未标注","自我增益","无"
"16.3.1","Katarina","Katarina","Katarina","E","Shunpo","Shunpo","KatarinaEWrapper","主动","No Cost","否","魔法","敌方减益 | 伤害 | 位移","无"
"16.3.1","Katarina","Katarina","Katarina","R","Death Lotus","Death Lotus","KatarinaR","主动","No Cost","否","混合(物理+魔法)","敌方减益 | 伤害","无"
"16.3.1","Kayle","Kayle","Kayle","P","Divine Ascent","Divine Ascent","Kayle_P.png","被动","无","否","无/未标注","自我增益","无"
"16.3.1","Kayle","Kayle","Kayle","Q","Radiant Blast","Radiant Blast","KayleQ","主动","{{ abilityresourcename }}","否","魔法","二段/形态切换 | 控制 | 伤害 | 召唤/部署","减速"
"16.3.1","Kayle","Kayle","Kayle","W","Celestial Blessing","Celestial Blessing","KayleW","主动","{{ abilityresourcename }}","否","无/未标注","治疗/回复","无"
"16.3.1","Kayle","Kayle","Kayle","E","Starfire Spellblade","Starfire Spellblade","KayleE","主动","No Cost","否","魔法","伤害 | 斩杀/缺失生命值联动 | 治疗/回复","无"
"16.3.1","Kayle","Kayle","Kayle","R","Divine Judgment","Divine Judgment","KayleR","主动","{{ abilityresourcename }}","否","魔法","不可选取/无敌/霸体 | 敌方减益 | 伤害","无"
"16.3.1","Kayn","Kayn","Kayn","P","The Darkin Scythe","The Darkin Scythe","Kayn_Passive_Primary.png","被动","无","否","无/未标注","伤害 | 治疗/回复","无"
"16.3.1","Kayn","Kayn","Kayn","Q","Reaping Slash","Reaping Slash","KaynQ","主动","{{ abilityresourcename }}","否","物理","伤害 | 位移 | 治疗/回复","无"
"16.3.1","Kayn","Kayn","Kayn","W","Blade's Reach","Blade's Reach","KaynW","主动","{{ abilityresourcename }}","否","物理","控制 | 伤害","减速"
"16.3.1","Kayn","Kayn","Kayn","E","Shadow Step","Shadow Step","KaynE","主动","{{ abilityresourcename }}","否","无/未标注","敌方减益 | 控制 | 治疗/回复 | 自我增益","减速"
"16.3.1","Kayn","Kayn","Kayn","R","Umbral Trespass","Umbral Trespass","KaynR","主动","{{ abilityresourcename }}","否","物理","不可选取/无敌/霸体 | 二段/形态切换 | 伤害 | 治疗/回复","无"
"16.3.1","Kennen","Kennen","Kennen","P","Mark of the Storm","Mark of the Storm","Kennen_Passive.png","被动","无","否","无/未标注","控制","眩晕"
"16.3.1","Kennen","Kennen","Kennen","Q","Thundering Shuriken","Thundering Shuriken","KennenShurikenHurlMissile1","主动","{{ abilityresourcename }}","否","魔法","伤害","无"
"16.3.1","Kennen","Kennen","Kennen","W","Electrical Surge","Electrical Surge","KennenBringTheLight","主动","{{ abilityresourcename }}","否","魔法","伤害","无"
"16.3.1","Kennen","Kennen","Kennen","E","Lightning Rush","Lightning Rush","KennenLightningRush","主动","{{ abilityresourcename }}","否","魔法","二段/形态切换 | 伤害 | 资源交互 | 自我增益","无"
"16.3.1","Kennen","Kennen","Kennen","R","Slicing Maelstrom","Slicing Maelstrom","KennenShurikenStorm","主动","No Cost","否","魔法","伤害 | 召唤/部署","无"
"16.3.1","Khazix","Kha'Zix","Kha'Zix","P","Unseen Threat","Unseen Threat","Khazix_P.png","被动","无","否","魔法","控制 | 伤害 | 自我增益","减速"
"16.3.1","Khazix","Kha'Zix","Kha'Zix","Q","Taste Their Fear","Taste Their Fear","KhazixQ","主动","{{ abilityresourcename }}","否","物理","控制 | 伤害 | 自我增益","恐惧"
"16.3.1","Khazix","Kha'Zix","Kha'Zix","W","Void Spike","Void Spike","KhazixW","主动","{{ abilityresourcename }}","否","物理","控制 | 伤害 | 治疗/回复","减速"
"16.3.1","Khazix","Kha'Zix","Kha'Zix","E","Leap","Leap","KhazixE","主动","{{ abilityresourcename }}","否","物理","伤害 | 位移","无"
"16.3.1","Khazix","Kha'Zix","Kha'Zix","R","Void Assault","Void Assault","KhazixR","主动","{{ abilityresourcename }}","否","无/未标注","二段/形态切换 | 控制 | 位移 | 隐身/伪装 | 自我增益","减速 | 恐惧"
"16.3.1","Kindred","Kindred","Kindred","P","Mark of the Kindred","Mark of the Kindred","Kindred_Passive.png","被动","无","否","无/未标注","自我增益","无"
"16.3.1","Kindred","Kindred","Kindred","Q","Dance of Arrows","Dance of Arrows","KindredQ","主动","{{ abilityresourcename }}","否","物理","敌方减益 | 伤害 | 位移 | 自我增益","无"
"16.3.1","Kindred","Kindred","Kindred","W","Wolf's Frenzy","Wolf's Frenzy","KindredW","主动","{{ abilityresourcename }}","否","魔法","伤害 | 斩杀/缺失生命值联动 | 治疗/回复 | 资源交互 | 自我增益","无"
"16.3.1","Kindred","Kindred","Kindred","E","Mounting Dread","Mounting Dread","KindredEWrapper","主动","{{ abilityresourcename }}","否","物理","控制 | 伤害 | 斩杀/缺失生命值联动 | 治疗/回复 | 自我增益","减速"
"16.3.1","Kindred","Kindred","Kindred","R","Lamb's Respite","Lamb's Respite","KindredR","主动","{{ abilityresourcename }}","否","无/未标注","复活/免死相关 | 伤害 | 治疗/回复","无"
"16.3.1","Kled","Kled","Kled","P","Skaarl, the Cowardly Lizard","Skaarl, the Cowardly Lizard","Kled_P.png","被动","无","否","无/未标注","伤害 | 治疗/回复 | 资源交互","无"
"16.3.1","Kled","Kled","Kled","Q","Bear Trap on a Rope","Bear Trap on a Rope","KledQ","主动","No Cost","否","物理","控制 | 伤害 | 召唤/部署 | 资源交互","减速"
"16.3.1","Kled","Kled","Kled","W","Violent Tendencies","Violent Tendencies","KledW","主动","No Cost","否","物理","伤害 | 治疗/回复 | 自我增益","无"
"16.3.1","Kled","Kled","Kled","E","Jousting","Jousting","KledE","主动","No Cost","否","物理","二段/形态切换 | 伤害 | 位移 | 自我增益","无"
"16.3.1","Kled","Kled","Kled","R","Chaaaaaaaarge!!!","Chaaaaaaaarge!!!","KledR","主动","No Cost","否","魔法","二段/形态切换 | 护盾 | 伤害 | 治疗/回复 | 自我增益","无"
"16.3.1","KogMaw","Kog'Maw","Kog'Maw","P","Icathian Surprise","Icathian Surprise","KogMaw_IcathianSurprise.png","被动","无","否","真实","伤害","无"
"16.3.1","KogMaw","Kog'Maw","Kog'Maw","Q","Caustic Spittle","Caustic Spittle","KogMawQ","主动","{{ abilityresourcename }}","否","魔法","敌方减益 | 伤害 | 自我增益","无"
"16.3.1","KogMaw","Kog'Maw","Kog'Maw","W","Bio-Arcane Barrage","Bio-Arcane Barrage","KogMawBioArcaneBarrage","主动","{{ abilityresourcename }}","否","魔法","伤害 | 治疗/回复 | 自我增益","无"
"16.3.1","KogMaw","Kog'Maw","Kog'Maw","E","Void Ooze","Void Ooze","KogMawVoidOoze","主动","{{ abilityresourcename }}","否","魔法","控制 | 伤害","减速"
"16.3.1","KogMaw","Kog'Maw","Kog'Maw","R","Living Artillery","Living Artillery","KogMawLivingArtillery","主动","{{ abilityresourcename }}","否","魔法","二段/形态切换 | 伤害 | 隐身/伪装 | 斩杀/缺失生命值联动 | 治疗/回复 | 资源交互","无"
"16.3.1","KSante","K'Sante","K'Sante","P","Dauntless Instinct","Dauntless Instinct","Icons_KSante_P.png","被动","无","否","无/未标注","伤害","无"
"16.3.1","KSante","K'Sante","K'Sante","Q","Ntofo Strikes","Ntofo Strikes","KSanteQ","主动","{{ abilityresourcename }}","否","物理","敌方减益 | 控制 | 伤害 | 自我增益","减速 | 眩晕"
"16.3.1","KSante","K'Sante","K'Sante","W","Path Maker","Path Maker","KSanteW","主动","{{ abilityresourcename }}","否","混合(物理+真实)","不可选取/无敌/霸体 | 敌方减益 | 控制 | 伤害 | 位移 | 治疗/回复","击退 | 眩晕"
"16.3.1","KSante","K'Sante","K'Sante","E","Footwork","Footwork","KSanteE","主动","{{ abilityresourcename }}","否","无/未标注","敌方减益 | 二段/形态切换 | 护盾 | 位移 | 自我增益","无"
"16.3.1","KSante","K'Sante","K'Sante","R","All Out","All Out","KSanteR","主动","{{ abilityresourcename }}","否","物理","敌方减益 | 二段/形态切换 | 控制 | 伤害 | 位移 | 治疗/回复 | 自我增益","击退"
"16.3.1","Leblanc","LeBlanc","LeBlanc","P","Mirror Image","Mirror Image","LeblancP.Leblanc_Rework.png","被动","无","否","无/未标注","伤害 | 隐身/伪装 | 斩杀/缺失生命值联动 | 召唤/部署 | 治疗/回复","无"
"16.3.1","Leblanc","LeBlanc","LeBlanc","Q","Sigil of Malice","Sigil of Malice","LeblancQ","主动","{{ abilityresourcename }}","否","魔法","伤害 | 资源交互","无"
"16.3.1","Leblanc","LeBlanc","LeBlanc","W","Distortion","Distortion","LeblancW","主动","{{ abilityresourcename }}","否","魔法","二段/形态切换 | 伤害 | 位移","无"
"16.3.1","Leblanc","LeBlanc","LeBlanc","E","Ethereal Chains","Ethereal Chains","LeblancE","主动","{{ abilityresourcename }}","否","魔法","控制 | 伤害","禁锢"
"16.3.1","Leblanc","LeBlanc","LeBlanc","R","Mimic","Mimic","LeblancR","主动","No Cost","是","魔法","充能技能 | 控制 | 伤害","禁锢"
"16.3.1","LeeSin","Lee Sin","Lee Sin","P","Flurry","Flurry","LeeSinPassive.png","被动","无","否","无/未标注","资源交互 | 自我增益","无"
"16.3.1","LeeSin","Lee Sin","Lee Sin","Q","Sonic Wave / Resonating Strike","Sonic Wave / Resonating Strike","LeeSinQOne","主动","{{ abilityresourcename }}","否","物理","二段/形态切换 | 伤害 | 位移 | 斩杀/缺失生命值联动 | 治疗/回复","无"
"16.3.1","LeeSin","Lee Sin","Lee Sin","W","Safeguard / Iron Will","Safeguard / Iron Will","LeeSinWOne","主动","{{ abilityresourcename }}","否","无/未标注","敌方减益 | 二段/形态切换 | 护盾 | 伤害 | 位移 | 自我增益","无"
"16.3.1","LeeSin","Lee Sin","Lee Sin","E","Tempest / Cripple","Tempest / Cripple","LeeSinEOne","主动","{{ abilityresourcename }}","否","魔法","二段/形态切换 | 控制 | 伤害","减速"
"16.3.1","LeeSin","Lee Sin","Lee Sin","R","Dragon's Rage","Dragon's Rage","LeeSinR","主动","No Cost","否","物理","控制 | 伤害 | 治疗/回复","击飞"
"16.3.1","Leona","Leona","Leona","P","Sunlight","Sunlight","LeonaSunlight.png","被动","无","否","魔法","伤害","无"
"16.3.1","Leona","Leona","Leona","Q","Shield of Daybreak","Shield of Daybreak","LeonaShieldOfDaybreak","主动","{{ abilityresourcename }}","否","魔法","护盾 | 控制 | 伤害","眩晕"
"16.3.1","Leona","Leona","Leona","W","Eclipse","Eclipse","LeonaSolarBarrier","主动","{{ abilityresourcename }}","否","魔法","护盾 | 伤害","无"
"16.3.1","Leona","Leona","Leona","E","Zenith Blade","Zenith Blade","LeonaZenithBlade","主动","{{ abilityresourcename }}","否","魔法","控制 | 伤害 | 位移","禁锢"
"16.3.1","Leona","Leona","Leona","R","Solar Flare","Solar Flare","LeonaSolarFlare","主动","{{ abilityresourcename }}","否","魔法","控制 | 伤害 | 资源交互","减速 | 眩晕"
"16.3.1","Lillia","Lillia","Lillia","P","Dream-Laden Bough","Dream-Laden Bough","Lillia_Icon_Passive.png","被动","无","否","无/未标注","伤害 | 治疗/回复","无"
"16.3.1","Lillia","Lillia","Lillia","Q","Blooming Blows","Blooming Blows","LilliaQ","主动","{{ abilityresourcename }}","否","混合(魔法+真实)","伤害 | 自我增益","无"
"16.3.1","Lillia","Lillia","Lillia","W","Watch Out! Eep!","Watch Out! Eep!","LilliaW","主动","{{ abilityresourcename }}","否","魔法","伤害","无"
"16.3.1","Lillia","Lillia","Lillia","E","Swirlseed","Swirlseed","LilliaE","主动","{{ abilityresourcename }}","否","魔法","控制 | 伤害","减速"
"16.3.1","Lillia","Lillia","Lillia","R","Lilting Lullaby","Lilting Lullaby","LilliaR","主动","{{ abilityresourcename }}","否","魔法","控制 | 伤害","睡眠"
"16.3.1","Lissandra","Lissandra","Lissandra","P","Iceborn Subjugation","Iceborn Subjugation","Lissandra_Passive.png","被动","无","否","魔法","控制 | 伤害","减速"
"16.3.1","Lissandra","Lissandra","Lissandra","Q","Ice Shard","Ice Shard","LissandraQ","主动","{{ abilityresourcename }}","否","魔法","控制 | 伤害","减速"
"16.3.1","Lissandra","Lissandra","Lissandra","W","Ring of Frost","Ring of Frost","LissandraW","主动","{{ abilityresourcename }}","否","魔法","控制 | 伤害 | 召唤/部署","禁锢"
"16.3.1","Lissandra","Lissandra","Lissandra","E","Glacial Path","Glacial Path","LissandraE","主动","{{ abilityresourcename }}","否","魔法","二段/形态切换 | 伤害 | 位移 | 召唤/部署","无"
"16.3.1","Lissandra","Lissandra","Lissandra","R","Frozen Tomb","Frozen Tomb","LissandraR","主动","{{ abilityresourcename }}","否","魔法","不可选取/无敌/霸体 | 敌方减益 | 控制 | 伤害 | 斩杀/缺失生命值联动 | 治疗/回复 | 资源交互","减速 | 眩晕"
"16.3.1","Lucian","Lucian","Lucian","P","Lightslinger","Lightslinger","Lucian_Passive.png","被动","无","否","魔法","护盾 | 伤害 | 治疗/回复","无"
"16.3.1","Lucian","Lucian","Lucian","Q","Piercing Light","Piercing Light","LucianQ","主动","{{ abilityresourcename }}","否","物理","伤害","无"
"16.3.1","Lucian","Lucian","Lucian","W","Ardent Blaze","Ardent Blaze","LucianW","主动","{{ abilityresourcename }}","否","魔法","伤害 | 自我增益","无"
"16.3.1","Lucian","Lucian","Lucian","E","Relentless Pursuit","Relentless Pursuit","LucianE","主动","{{ abilityresourcename }}","否","无/未标注","敌方减益 | 二段/形态切换 | 位移","无"
"16.3.1","Lucian","Lucian","Lucian","R","The Culling","The Culling","LucianR","主动","{{ abilityresourcename }}","否","物理","二段/形态切换 | 伤害","无"
"16.3.1","Lulu","Lulu","Lulu","P","Pix, Faerie Companion","Pix, Faerie Companion","Lulu_PixFaerieCompanion.png","被动","无","否","无/未标注","资源交互","无"
"16.3.1","Lulu","Lulu","Lulu","Q","Glitterlance","Glitterlance","LuluQ","主动","{{ abilityresourcename }}","否","魔法","控制 | 伤害 | 资源交互","减速"
"16.3.1","Lulu","Lulu","Lulu","W","Whimsy","Whimsy","LuluW","主动","{{ abilityresourcename }}","否","无/未标注","控制 | 自我增益","变形"
"16.3.1","Lulu","Lulu","Lulu","E","Help, Pix!","Help, Pix!","LuluE","主动","{{ abilityresourcename }}","否","魔法","护盾 | 伤害 | 位移","无"
"16.3.1","Lulu","Lulu","Lulu","R","Wild Growth","Wild Growth","LuluR","主动","{{ abilityresourcename }}","否","无/未标注","控制 | 治疗/回复 | 自我增益","减速"
"16.3.1","Lux","Lux","Lux","P","Illumination","Illumination","LuxIlluminatingFraulein.png","被动","无","否","魔法","伤害 | 资源交互","无"
"16.3.1","Lux","Lux","Lux","Q","Light Binding","Light Binding","LuxLightBinding","主动","{{ abilityresourcename }}","否","魔法","控制 | 伤害","禁锢"
"16.3.1","Lux","Lux","Lux","W","Prismatic Barrier","Prismatic Barrier","LuxPrismaticWave","主动","{{ abilityresourcename }}","否","无/未标注","护盾 | 伤害","无"
"16.3.1","Lux","Lux","Lux","E","Lucent Singularity","Lucent Singularity","LuxLightStrikeKugel","主动","{{ abilityresourcename }}","否","魔法","二段/形态切换 | 控制 | 伤害 | 召唤/部署","减速"
"16.3.1","Lux","Lux","Lux","R","Final Spark","Final Spark","LuxR","主动","{{ abilityresourcename }}","否","魔法","伤害 | 资源交互","无"
"16.3.1","Malphite","Malphite","Malphite","P","Granite Shield","Granite Shield","Malphite_GraniteShield.png","被动","无","否","无/未标注","护盾 | 伤害 | 治疗/回复","无"
"16.3.1","Malphite","Malphite","Malphite","Q","Seismic Shard","Seismic Shard","SeismicShard","主动","{{ abilityresourcename }}","否","魔法","控制 | 伤害","减速"
"16.3.1","Malphite","Malphite","Malphite","W","Thunderclap","Thunderclap","Obduracy","主动","{{ abilityresourcename }}","否","物理","护盾 | 伤害 | 召唤/部署 | 自我增益","无"
"16.3.1","Malphite","Malphite","Malphite","E","Ground Slam","Ground Slam","Landslide","主动","{{ abilityresourcename }}","否","魔法","敌方减益 | 伤害 | 自我增益","无"
"16.3.1","Malphite","Malphite","Malphite","R","Unstoppable Force","Unstoppable Force","UFSlash","主动","{{ abilityresourcename }}","否","魔法","伤害 | 位移","无"
"16.3.1","Malzahar","Malzahar","Malzahar","P","Void Shift","Void Shift","Malzahar_Passive.png","被动","无","否","无/未标注","伤害 | 自我增益","无"
"16.3.1","Malzahar","Malzahar","Malzahar","Q","Call of the Void","Call of the Void","MalzaharQ","主动","{{ abilityresourcename }}","否","魔法","控制 | 伤害","沉默"
"16.3.1","Malzahar","Malzahar","Malzahar","W","Void Swarm","Void Swarm","MalzaharW","主动","{{ abilityresourcename }}","否","魔法","伤害 | 召唤/部署","无"
"16.3.1","Malzahar","Malzahar","Malzahar","E","Malefic Visions","Malefic Visions","MalzaharE","主动","{{ abilityresourcename }}","否","魔法","伤害 | 斩杀/缺失生命值联动 | 治疗/回复 | 资源交互 | 自我增益","无"
"16.3.1","Malzahar","Malzahar","Malzahar","R","Nether Grasp","Nether Grasp","MalzaharR","主动","{{ abilityresourcename }}","否","魔法","控制 | 伤害 | 治疗/回复 | 资源交互","压制"
"16.3.1","Maokai","Maokai","Maokai","P","Sap Magic","Sap Magic","Maokai_Passive.png","被动","无","否","无/未标注","敌方减益 | 伤害 | 治疗/回复","无"
"16.3.1","Maokai","Maokai","Maokai","Q","Bramble Smash","Bramble Smash","MaokaiQ","主动","{{ abilityresourcename }}","否","魔法","控制 | 伤害 | 治疗/回复","击退 | 减速"
"16.3.1","Maokai","Maokai","Maokai","W","Twisted Advance","Twisted Advance","MaokaiW","主动","{{ abilityresourcename }}","否","魔法","不可选取/无敌/霸体 | 二段/形态切换 | 控制 | 伤害 | 位移","禁锢"
"16.3.1","Maokai","Maokai","Maokai","E","Sapling Toss","Sapling Toss","MaokaiE","主动","{{ abilityresourcename }}","否","魔法","敌方减益 | 控制 | 伤害","减速"
"16.3.1","Maokai","Maokai","Maokai","R","Nature's Grasp","Nature's Grasp","MaokaiR","主动","{{ abilityresourcename }}","否","魔法","二段/形态切换 | 控制 | 伤害 | 召唤/部署","减速 | 禁锢"
"16.3.1","MasterYi","Master Yi","Master Yi","P","Double Strike","Double Strike","MasterYi_Passive1.png","被动","无","否","无/未标注","伤害","无"
"16.3.1","MasterYi","Master Yi","Master Yi","Q","Alpha Strike","Alpha Strike","AlphaStrike","主动","{{ abilityresourcename }}","否","物理","不可选取/无敌/霸体 | 敌方减益 | 控制 | 伤害 | 位移","致盲"
"16.3.1","MasterYi","Master Yi","Master Yi","W","Meditate","Meditate","Meditate","主动","Mana (+{{ percentmanacostpersecond*100 }}% Max Mana per second)","否","无/未标注","敌方减益 | 伤害 | 斩杀/缺失生命值联动 | 治疗/回复","无"
"16.3.1","MasterYi","Master Yi","Master Yi","E","Wuju Style","Wuju Style","WujuStyle","主动","No Cost","否","真实","伤害","无"
"16.3.1","MasterYi","Master Yi","Master Yi","R","Highlander","Highlander","Highlander","主动","{{ abilityresourcename }}","否","无/未标注","敌方减益 | 控制 | 自我增益","减速"
"16.3.1","Mel","Mel","Mel","P","Searing Brilliance","Searing Brilliance","Mel_Passive.png","被动","无","否","无/未标注","伤害 | 斩杀/缺失生命值联动 | 自我增益","无"
"16.3.1","Mel","Mel","Mel","Q","Radiant Volley","Radiant Volley","MelQ","主动","{{ abilityresourcename }}","否","魔法","伤害 | 资源交互","无"
"16.3.1","Mel","Mel","Mel","W","Rebuttal","Rebuttal","MelW","主动","{{ abilityresourcename }}","否","魔法","护盾 | 伤害 | 自我增益","无"
"16.3.1","Mel","Mel","Mel","E","Solar Snare","Solar Snare","MelE","主动","{{ abilityresourcename }}","否","魔法","控制 | 伤害","减速 | 禁锢"
"16.3.1","Mel","Mel","Mel","R","Golden Eclipse","Golden Eclipse","MelR","主动","{{ abilityresourcename }}","否","魔法","二段/形态切换 | 伤害","无"
"16.3.1","Milio","Milio","Milio","P","Fired Up!","Fired Up!","Milio_P.png","被动","无","否","无/未标注","伤害","无"
"16.3.1","Milio","Milio","Milio","Q","Ultra Mega Fire Kick","Ultra Mega Fire Kick","MilioQ","主动","{{ abilityresourcename }}","否","魔法","控制 | 伤害 | 资源交互","减速"
"16.3.1","Milio","Milio","Milio","W","Cozy Campfire","Cozy Campfire","MilioW","主动","{{ abilityresourcename }}","否","无/未标注","二段/形态切换 | 召唤/部署 | 治疗/回复 | 自我增益","无"
"16.3.1","Milio","Milio","Milio","E","Warm Hugs","Warm Hugs","MilioE","主动","{{ abilityresourcename }}","是","无/未标注","充能技能 | 护盾 | 自我增益","无"
"16.3.1","Milio","Milio","Milio","R","Breath of Life","Breath of Life","MilioR","主动","{{ abilityresourcename }}","否","无/未标注","治疗/回复 | 自我增益","无"
"16.3.1","MissFortune","Miss Fortune","Miss Fortune","P","Love Tap","Love Tap","MissFortune_W.png","被动","无","否","物理","伤害","无"
"16.3.1","MissFortune","Miss Fortune","Miss Fortune","Q","Double Up","Double Up","MissFortuneRicochetShot","主动","{{ abilityresourcename }}","否","物理","伤害","无"
"16.3.1","MissFortune","Miss Fortune","Miss Fortune","W","Strut","Strut","MissFortuneViciousStrikes","主动","{{ abilityresourcename }}","否","无/未标注","敌方减益 | 伤害 | 自我增益","无"
"16.3.1","MissFortune","Miss Fortune","Miss Fortune","E","Make It Rain","Make It Rain","MissFortuneScattershot","主动","{{ abilityresourcename }}","否","魔法","控制 | 伤害","减速"
"16.3.1","MissFortune","Miss Fortune","Miss Fortune","R","Bullet Time","Bullet Time","MissFortuneBulletTime","主动","{{ abilityresourcename }}","否","物理","伤害 | 资源交互","无"
"16.3.1","MonkeyKing","Wukong","Wukong","P","Stone Skin","Stone Skin","MonkeyKingStoneSkin.png","被动","无","否","无/未标注","治疗/回复 | 自我增益","无"
"16.3.1","MonkeyKing","Wukong","Wukong","Q","Crushing Blow","Crushing Blow","MonkeyKingDoubleAttack","主动","{{ abilityresourcename }}","否","物理","敌方减益 | 伤害 | 召唤/部署 | 自我增益","无"
"16.3.1","MonkeyKing","Wukong","Wukong","W","Warrior Trickster","Warrior Trickster","MonkeyKingDecoy","主动","{{ abilityresourcename }}","否","无/未标注","伤害 | 位移 | 隐身/伪装 | 召唤/部署","无"
"16.3.1","MonkeyKing","Wukong","Wukong","E","Nimbus Strike","Nimbus Strike","MonkeyKingNimbus","主动","{{ abilityresourcename }}","否","魔法","伤害 | 位移 | 召唤/部署 | 自我增益","无"
"16.3.1","MonkeyKing","Wukong","Wukong","R","Cyclone","Cyclone","MonkeyKingSpinToWin","主动","{{ abilityresourcename }}","否","物理","控制 | 伤害 | 治疗/回复 | 自我增益","击飞"
"16.3.1","Mordekaiser","Mordekaiser","Mordekaiser","P","Darkness Rise","Darkness Rise","MordekaiserPassive.png","被动","无","否","无/未标注","伤害 | 自我增益","无"
"16.3.1","Mordekaiser","Mordekaiser","Mordekaiser","Q","Obliterate","Obliterate","MordekaiserQ","主动","No Cost","否","魔法","伤害","无"
"16.3.1","Mordekaiser","Mordekaiser","Mordekaiser","W","Indestructible","Indestructible","MordekaiserW","主动","No Cost","否","无/未标注","二段/形态切换 | 护盾 | 伤害 | 治疗/回复 | 自我增益","无"
"16.3.1","Mordekaiser","Mordekaiser","Mordekaiser","E","Death's Grasp","Death's Grasp","MordekaiserE","主动","No Cost","否","魔法","伤害 | 自我增益","无"
"16.3.1","Mordekaiser","Mordekaiser","Mordekaiser","R","Realm of Death","Realm of Death","MordekaiserR","主动","No Cost","否","无/未标注","复活/免死相关 | 召唤/部署","无"
"16.3.1","Morgana","Morgana","Morgana","P","Soul Siphon","Soul Siphon","FallenAngel_Empathize.png","被动","无","否","无/未标注","伤害 | 治疗/回复","无"
"16.3.1","Morgana","Morgana","Morgana","Q","Dark Binding","Dark Binding","MorganaQ","主动","{{ abilityresourcename }}","否","魔法","控制 | 伤害","禁锢"
"16.3.1","Morgana","Morgana","Morgana","W","Tormented Shadow","Tormented Shadow","MorganaW","主动","{{ abilityresourcename }}","否","魔法","敌方减益 | 伤害 | 斩杀/缺失生命值联动 | 治疗/回复","无"
"16.3.1","Morgana","Morgana","Morgana","E","Black Shield","Black Shield","MorganaE","主动","{{ abilityresourcename }}","否","无/未标注","护盾 | 伤害","无"
"16.3.1","Morgana","Morgana","Morgana","R","Soul Shackles","Soul Shackles","MorganaR","主动","{{ abilityresourcename }}","否","魔法","控制 | 伤害 | 自我增益","减速 | 眩晕"
"16.3.1","Naafiri","Naafiri","Naafiri","P","We Are More","We Are More","Icons_Naafiri_P.png","被动","无","否","无/未标注","召唤/部署","无"
"16.3.1","Naafiri","Naafiri","Naafiri","Q","Darkin Daggers","Darkin Daggers","NaafiriQ","主动","{{ abilityresourcename }}","否","物理","二段/形态切换 | 伤害 | 位移 | 斩杀/缺失生命值联动 | 治疗/回复","无"
"16.3.1","Naafiri","Naafiri","Naafiri","W","The Call of the Pack","The Call of the Pack","NaafiriR","主动","{{ abilityresourcename }}","否","无/未标注","不可选取/无敌/霸体 | 伤害 | 召唤/部署 | 自我增益","无"
"16.3.1","Naafiri","Naafiri","Naafiri","E","Eviscerate","Eviscerate","NaafiriE","主动","{{ abilityresourcename }}","否","物理","不可选取/无敌/霸体 | 伤害 | 位移 | 治疗/回复","无"
"16.3.1","Naafiri","Naafiri","Naafiri","R","Hounds' Pursuit","Hounds' Pursuit","NaafiriW","主动","{{ abilityresourcename }}","否","物理","不可选取/无敌/霸体 | 二段/形态切换 | 护盾 | 控制 | 伤害 | 位移","减速"
"16.3.1","Nami","Nami","Nami","P","Surging Tides","Surging Tides","NamiPassive.png","被动","无","否","无/未标注","无","无"
"16.3.1","Nami","Nami","Nami","Q","Aqua Prison","Aqua Prison","NamiQ","主动","{{ abilityresourcename }}","否","魔法","控制 | 伤害","眩晕"
"16.3.1","Nami","Nami","Nami","W","Ebb and Flow","Ebb and Flow","NamiW","主动","{{ abilityresourcename }}","否","魔法","伤害 | 治疗/回复","无"
"16.3.1","Nami","Nami","Nami","E","Tidecaller's Blessing","Tidecaller's Blessing","NamiE","主动","{{ abilityresourcename }}","否","魔法","控制 | 伤害 | 自我增益","减速"
"16.3.1","Nami","Nami","Nami","R","Tidal Wave","Tidal Wave","NamiR","主动","{{ abilityresourcename }}","否","魔法","二段/形态切换 | 控制 | 伤害 | 召唤/部署","减速"
"16.3.1","Nasus","Nasus","Nasus","P","Soul Eater","Soul Eater","Nasus_Passive.png","被动","无","否","无/未标注","资源交互","无"
"16.3.1","Nasus","Nasus","Nasus","Q","Siphoning Strike","Siphoning Strike","NasusQ","主动","{{ abilityresourcename }}","否","物理","伤害 | 自我增益","无"
"16.3.1","Nasus","Nasus","Nasus","W","Wither","Wither","NasusW","主动","{{ abilityresourcename }}","否","无/未标注","敌方减益 | 控制 | 自我增益","减速"
"16.3.1","Nasus","Nasus","Nasus","E","Spirit Fire","Spirit Fire","NasusE","主动","{{ abilityresourcename }}","否","魔法","伤害","无"
"16.3.1","Nasus","Nasus","Nasus","R","Fury of the Sands","Fury of the Sands","NasusR","主动","{{ abilityresourcename }}","否","魔法","敌方减益 | 二段/形态切换 | 伤害 | 治疗/回复 | 资源交互 | 自我增益","无"
"16.3.1","Nautilus","Nautilus","Nautilus","P","Staggering Blow","Staggering Blow","Nautilus_StaggeringBlow.png","被动","无","否","物理","控制 | 伤害 | 自我增益","禁锢"
"16.3.1","Nautilus","Nautilus","Nautilus","Q","Dredge Line","Dredge Line","NautilusAnchorDrag","主动","{{ abilityresourcename }}","否","魔法","控制 | 伤害","眩晕"
"16.3.1","Nautilus","Nautilus","Nautilus","W","Titan's Wrath","Titan's Wrath","NautilusPiercingGaze","主动","{{ abilityresourcename }}","否","魔法","护盾 | 伤害 | 自我增益","无"
"16.3.1","Nautilus","Nautilus","Nautilus","E","Riptide","Riptide","NautilusSplashZone","主动","{{ abilityresourcename }}","否","魔法","控制 | 伤害","减速"
"16.3.1","Nautilus","Nautilus","Nautilus","R","Depth Charge","Depth Charge","NautilusGrandLine","主动","{{ abilityresourcename }}","否","魔法","控制 | 伤害","击飞 | 眩晕"
"16.3.1","Neeko","Neeko","Neeko","P","Inherent Glamour","Inherent Glamour","Neeko_P.png","被动","无","否","无/未标注","伤害 | 治疗/回复","无"
"16.3.1","Neeko","Neeko","Neeko","Q","Blooming Burst","Blooming Burst","NeekoQ","主动","{{ abilityresourcename }}","否","魔法","伤害","无"
"16.3.1","Neeko","Neeko","Neeko","W","Shapesplitter","Shapesplitter","NeekoW","主动","No Cost","否","魔法","二段/形态切换 | 伤害 | 隐身/伪装 | 召唤/部署","无"
"16.3.1","Neeko","Neeko","Neeko","E","Tangle-Barbs","Tangle-Barbs","NeekoE","主动","{{ abilityresourcename }}","否","魔法","控制 | 伤害 | 自我增益","禁锢"
"16.3.1","Neeko","Neeko","Neeko","R","Pop Blossom","Pop Blossom","NeekoR","主动","{{ abilityresourcename }}","否","魔法","控制 | 伤害 | 位移 | 隐身/伪装","眩晕"
"16.3.1","Nidalee","Nidalee","Nidalee","P","Prowl","Prowl","Nidalee_Passive.png","被动","无","否","无/未标注","自我增益","无"
"16.3.1","Nidalee","Nidalee","Nidalee","Q","Javelin Toss / Takedown","Javelin Toss / Takedown","JavelinToss","主动","{{ abilityresourcename }}","否","魔法","二段/形态切换 | 伤害 | 自我增益","无"
"16.3.1","Nidalee","Nidalee","Nidalee","W","Bushwhack / Pounce","Bushwhack / Pounce","Bushwhack","主动","{{ abilityresourcename }}","否","魔法","伤害 | 位移 | 隐身/伪装 | 召唤/部署","无"
"16.3.1","Nidalee","Nidalee","Nidalee","E","Primal Surge / Swipe","Primal Surge / Swipe","PrimalSurge","主动","{{ abilityresourcename }}","否","无/未标注","伤害 | 斩杀/缺失生命值联动 | 治疗/回复 | 自我增益","无"
"16.3.1","Nidalee","Nidalee","Nidalee","R","Aspect Of The Cougar","Aspect Of The Cougar","AspectOfTheCougar","主动","No Cost","否","无/未标注","二段/形态切换","无"
"16.3.1","Nilah","Nilah","Nilah","P","Joy Unending","Joy Unending","NIlahP.png","被动","无","否","无/未标注","护盾 | 治疗/回复 | 自我增益","无"
"16.3.1","Nilah","Nilah","Nilah","Q","Formless Blade","Formless Blade","NilahQ","主动","{{ abilityresourcename }}","否","物理","护盾 | 伤害 | 治疗/回复 | 自我增益","无"
"16.3.1","Nilah","Nilah","Nilah","W","Jubilant Veil","Jubilant Veil","NilahW","主动","{{ abilityresourcename }}","否","魔法","伤害 | 自我增益","无"
"16.3.1","Nilah","Nilah","Nilah","E","Slipstream","Slipstream","NilahE","主动","{{ abilityresourcename }}","是","物理","充能技能 | 伤害 | 位移","无"
"16.3.1","Nilah","Nilah","Nilah","R","Apotheosis","Apotheosis","NilahR","主动","{{ abilityresourcename }}","否","物理","护盾 | 伤害 | 治疗/回复","无"
"16.3.1","Nocturne","Nocturne","Nocturne","P","Umbra Blades","Umbra Blades","Nocturne_UmbraBlades.png","被动","无","否","物理","敌方减益 | 伤害 | 治疗/回复","无"
"16.3.1","Nocturne","Nocturne","Nocturne","Q","Duskbringer","Duskbringer","NocturneDuskbringer","主动","{{ abilityresourcename }}","否","物理","伤害 | 自我增益","无"
"16.3.1","Nocturne","Nocturne","Nocturne","W","Shroud of Darkness","Shroud of Darkness","NocturneShroudofDarkness","主动","{{ abilityresourcename }}","否","无/未标注","护盾 | 召唤/部署 | 自我增益","无"
"16.3.1","Nocturne","Nocturne","Nocturne","E","Unspeakable Horror","Unspeakable Horror","NocturneUnspeakableHorror","主动","{{ abilityresourcename }}","否","魔法","控制 | 伤害 | 自我增益","恐惧"
"16.3.1","Nocturne","Nocturne","Nocturne","R","Paranoia","Paranoia","NocturneParanoia","主动","{{ abilityresourcename }}","否","物理","敌方减益 | 二段/形态切换 | 伤害","无"
"16.3.1","Nunu","Nunu & Willump","Nunu & Willump","P","Call of the Freljord","Call of the Freljord","NunuPassive.png","被动","无","否","无/未标注","伤害 | 自我增益","无"
"16.3.1","Nunu","Nunu & Willump","Nunu & Willump","Q","Consume","Consume","NunuQ","主动","Mana","否","混合(魔法+真实)","伤害 | 斩杀/缺失生命值联动 | 治疗/回复 | 自我增益","无"
"16.3.1","Nunu","Nunu & Willump","Nunu & Willump","W","Biggest Snowball Ever!","Biggest Snowball Ever!","NunuW","主动","{{ abilityresourcename }}","否","魔法","二段/形态切换 | 控制 | 伤害 | 召唤/部署","减速"
"16.3.1","Nunu","Nunu & Willump","Nunu & Willump","E","Snowball Barrage","Snowball Barrage","NunuE","主动","{{ abilityresourcename }}","否","魔法","二段/形态切换 | 控制 | 伤害","减速 | 禁锢"
"16.3.1","Nunu","Nunu & Willump","Nunu & Willump","R","Absolute Zero","Absolute Zero","NunuR","主动","{{ abilityresourcename }}","否","魔法","二段/形态切换 | 护盾 | 控制 | 伤害","减速"
"16.3.1","Olaf","Olaf","Olaf","P","Berserker Rage","Berserker Rage","Olaf_Passive.png","被动","无","否","无/未标注","斩杀/缺失生命值联动 | 治疗/回复 | 自我增益","无"
"16.3.1","Olaf","Olaf","Olaf","Q","Undertow","Undertow","OlafAxeThrowCast","主动","{{ abilityresourcename }}","否","物理","敌方减益 | 二段/形态切换 | 控制 | 伤害","减速"
"16.3.1","Olaf","Olaf","Olaf","W","Tough It Out","Tough It Out","OlafFrenziedStrikes","主动","{{ abilityresourcename }}","否","无/未标注","护盾 | 斩杀/缺失生命值联动 | 治疗/回复 | 自我增益","无"
"16.3.1","Olaf","Olaf","Olaf","E","Reckless Swing","Reckless Swing","OlafRecklessStrike","主动","Health","否","真实","伤害 | 治疗/回复","无"
"16.3.1","Olaf","Olaf","Olaf","R","Ragnarok","Ragnarok","OlafRagnarok","主动","{{ abilityresourcename }}","否","无/未标注","伤害 | 自我增益","无"
"16.3.1","Orianna","Orianna","Orianna","P","Clockwork Windup","Clockwork Windup","OriannaPassive.png","被动","无","否","魔法","伤害","无"
"16.3.1","Orianna","Orianna","Orianna","Q","Command: Attack","Command: Attack","OrianaIzunaCommand","主动","{{ abilityresourcename }}","否","魔法","伤害","无"
"16.3.1","Orianna","Orianna","Orianna","W","Command: Dissonance","Command: Dissonance","OrianaDissonanceCommand","主动","{{ abilityresourcename }}","否","魔法","控制 | 伤害 | 资源交互","减速"
"16.3.1","Orianna","Orianna","Orianna","E","Command: Protect","Command: Protect","OrianaRedactCommand","主动","{{ abilityresourcename }}","否","魔法","护盾 | 伤害","无"
"16.3.1","Orianna","Orianna","Orianna","R","Command: Shockwave","Command: Shockwave","OrianaDetonateCommand","主动","{{ abilityresourcename }}","否","魔法","伤害","无"
"16.3.1","Ornn","Ornn","Ornn","P","Living Forge","Living Forge","OrnnP.png","被动","无","否","无/未标注","自我增益","无"
"16.3.1","Ornn","Ornn","Ornn","Q","Volcanic Rupture","Volcanic Rupture","OrnnQ","主动","{{ abilityresourcename }}","否","物理","控制 | 伤害","减速"
"16.3.1","Ornn","Ornn","Ornn","W","Bellows Breath","Bellows Breath","OrnnW","主动","{{ abilityresourcename }}","否","魔法","伤害 | 治疗/回复 | 自我增益","无"
"16.3.1","Ornn","Ornn","Ornn","E","Searing Charge","Searing Charge","OrnnE","主动","{{ abilityresourcename }}","否","物理","伤害 | 召唤/部署","无"
"16.3.1","Ornn","Ornn","Ornn","R","Call of the Forge God","Call of the Forge God","OrnnR","主动","{{ abilityresourcename }}","否","魔法","二段/形态切换 | 控制 | 伤害 | 位移 | 召唤/部署 | 自我增益","击飞 | 减速"
"16.3.1","Pantheon","Pantheon","Pantheon","P","Mortal Will","Mortal Will","Pantheon_Passive.png","被动","无","否","无/未标注","自我增益","无"
"16.3.1","Pantheon","Pantheon","Pantheon","Q","Comet Spear","Comet Spear","PantheonQ","主动","{{ abilityresourcename }}","否","物理","伤害 | 斩杀/缺失生命值联动 | 治疗/回复 | 自我增益","无"
"16.3.1","Pantheon","Pantheon","Pantheon","W","Shield Vault","Shield Vault","PantheonW","主动","{{ abilityresourcename }}","否","物理","控制 | 伤害 | 位移 | 治疗/回复","眩晕"
"16.3.1","Pantheon","Pantheon","Pantheon","E","Aegis Assault","Aegis Assault","PantheonE","主动","{{ abilityresourcename }}","否","物理","不可选取/无敌/霸体 | 敌方减益 | 护盾 | 伤害 | 自我增益","无"
"16.3.1","Pantheon","Pantheon","Pantheon","R","Grand Starfall","Grand Starfall","PantheonR","主动","{{ abilityresourcename }}","否","混合(物理+魔法)","控制 | 伤害 | 位移 | 自我增益","减速"
"16.3.1","Poppy","Poppy","Poppy","P","Iron Ambassador","Iron Ambassador","Poppy_Passive.png","被动","无","否","无/未标注","护盾","无"
"16.3.1","Poppy","Poppy","Poppy","Q","Hammer Shock","Hammer Shock","PoppyQ","主动","{{ abilityresourcename }}","否","物理","控制 | 伤害 | 治疗/回复","减速"
"16.3.1","Poppy","Poppy","Poppy","W","Steadfast Presence","Steadfast Presence","PoppyW","主动","{{ abilityresourcename }}","否","魔法","控制 | 伤害 | 位移 | 斩杀/缺失生命值联动 | 治疗/回复 | 自我增益","缚地 | 减速"
"16.3.1","Poppy","Poppy","Poppy","E","Heroic Charge","Heroic Charge","PoppyE","主动","{{ abilityresourcename }}","否","物理","控制 | 伤害 | 位移","眩晕"
"16.3.1","Poppy","Poppy","Poppy","R","Keeper's Verdict","Keeper's Verdict","PoppyR","主动","{{ abilityresourcename }}","否","物理","不可选取/无敌/霸体 | 二段/形态切换 | 控制 | 伤害","击退 | 减速"
"16.3.1","Pyke","Pyke","Pyke","P","Gift of the Drowned Ones","Gift of the Drowned Ones","PykePassive.png","被动","无","否","无/未标注","伤害 | 隐身/伪装 | 治疗/回复 | 自我增益","无"
"16.3.1","Pyke","Pyke","Pyke","Q","Bone Skewer","Bone Skewer","PykeQ","主动","{{ abilityresourcename }}","否","物理","控制 | 伤害 | 资源交互","减速"
"16.3.1","Pyke","Pyke","Pyke","W","Ghostwater Dive","Ghostwater Dive","PykeW","主动","{{ abilityresourcename }}","否","无/未标注","隐身/伪装 | 自我增益","无"
"16.3.1","Pyke","Pyke","Pyke","E","Phantom Undertow","Phantom Undertow","PykeE","主动","{{ abilityresourcename }}","否","物理","控制 | 伤害 | 位移","眩晕"
"16.3.1","Pyke","Pyke","Pyke","R","Death From Below","Death From Below","PykeR","主动","{{ abilityresourcename }}","否","物理","二段/形态切换 | 伤害 | 位移 | 斩杀/缺失生命值联动 | 治疗/回复","无"
"16.3.1","Qiyana","Qiyana","Qiyana","P","Royal Privilege","Royal Privilege","Qiyana_Passive.png","被动","无","否","无/未标注","伤害 | 自我增益","无"
"16.3.1","Qiyana","Qiyana","Qiyana","Q","Elemental Wrath / Edge of Ixtal","Elemental Wrath / Edge of Ixtal","QiyanaQ","主动","{{ abilityresourcename }}","否","物理","控制 | 伤害 | 隐身/伪装 | 斩杀/缺失生命值联动 | 治疗/回复 | 自我增益","减速 | 禁锢"
"16.3.1","Qiyana","Qiyana","Qiyana","W","Terrashape","Terrashape","QiyanaW","主动","{{ abilityresourcename }}","否","魔法","伤害 | 位移 | 自我增益","无"
"16.3.1","Qiyana","Qiyana","Qiyana","E","Audacity","Audacity","QiyanaE","主动","{{ abilityresourcename }}","否","物理","伤害 | 位移","无"
"16.3.1","Qiyana","Qiyana","Qiyana","R","Supreme Display of Talent","Supreme Display of Talent","QiyanaR","主动","{{ abilityresourcename }}","否","物理","二段/形态切换 | 控制 | 伤害 | 治疗/回复","眩晕"
"16.3.1","Quinn","Quinn","Quinn","P","Harrier","Harrier","Quinn_Passive.png","被动","无","否","物理","敌方减益 | 伤害 | 自我增益","无"
"16.3.1","Quinn","Quinn","Quinn","Q","Blinding Assault","Blinding Assault","QuinnQ","主动","{{ abilityresourcename }}","否","物理","敌方减益 | 控制 | 伤害","缴械"
"16.3.1","Quinn","Quinn","Quinn","W","Heightened Senses","Heightened Senses","QuinnW","主动","No Cost","否","无/未标注","敌方减益 | 自我增益","无"
"16.3.1","Quinn","Quinn","Quinn","E","Vault","Vault","QuinnE","主动","{{ abilityresourcename }}","否","物理","敌方减益 | 控制 | 伤害 | 位移","减速"
"16.3.1","Quinn","Quinn","Quinn","R","Behind Enemy Lines","Behind Enemy Lines","QuinnR","主动","{{ abilityresourcename }}","否","物理","敌方减益 | 二段/形态切换 | 控制 | 伤害 | 位移","致盲"
"16.3.1","Rakan","Rakan","Rakan","P","Fey Feathers","Fey Feathers","Rakan_P.png","被动","无","否","无/未标注","护盾 | 自我增益","无"
"16.3.1","Rakan","Rakan","Rakan","Q","Gleaming Quill","Gleaming Quill","RakanQ","主动","{{ abilityresourcename }}","否","魔法","伤害 | 治疗/回复","无"
"16.3.1","Rakan","Rakan","Rakan","W","Grand Entrance","Grand Entrance","RakanW","主动","{{ abilityresourcename }}","否","魔法","伤害 | 位移","无"
"16.3.1","Rakan","Rakan","Rakan","E","Battle Dance","Battle Dance","RakanE","主动","{{ abilityresourcename }}","否","无/未标注","二段/形态切换 | 护盾 | 位移","无"
"16.3.1","Rakan","Rakan","Rakan","R","The Quickness","The Quickness","RakanR","主动","{{ abilityresourcename }}","否","魔法","控制 | 伤害 | 自我增益","魅惑"
"16.3.1","Rammus","Rammus","Rammus","P","Spiked Shell","Spiked Shell","Armordillo_ScavengeArmor.png","被动","无","否","无/未标注","二段/形态切换 | 伤害 | 自我增益","无"
"16.3.1","Rammus","Rammus","Rammus","Q","Powerball","Powerball","PowerBall","主动","{{ abilityresourcename }}","否","魔法","二段/形态切换 | 控制 | 伤害","减速"
"16.3.1","Rammus","Rammus","Rammus","W","Defensive Ball Curl","Defensive Ball Curl","DefensiveBallCurl","主动","{{ abilityresourcename }}","否","魔法","二段/形态切换 | 伤害","无"
"16.3.1","Rammus","Rammus","Rammus","E","Frenzying Taunt","Frenzying Taunt","PuncturingTaunt","主动","{{ abilityresourcename }}","否","魔法","控制 | 伤害 | 自我增益","嘲讽"
"16.3.1","Rammus","Rammus","Rammus","R","Soaring Slam","Soaring Slam","Tremors2","主动","{{ abilityresourcename }}","否","魔法","控制 | 伤害 | 召唤/部署","击飞 | 减速"
"16.3.1","RekSai","Rek'Sai","Rek'Sai","P","Fury of the Xer'Sai","Fury of the Xer'Sai","RekSai_Passive.png","被动","无","否","无/未标注","治疗/回复 | 资源交互","无"
"16.3.1","RekSai","Rek'Sai","Rek'Sai","Q","Queen's Wrath / Prey Seeker","Queen's Wrath / Prey Seeker","RekSaiQ","主动","No Cost","否","物理","伤害 | 自我增益","无"
"16.3.1","RekSai","Rek'Sai","Rek'Sai","W","Burrow / Un-burrow","Burrow / Un-burrow","RekSaiW","主动","No Cost","否","无/未标注","敌方减益 | 控制 | 伤害 | 自我增益","击飞"
"16.3.1","RekSai","Rek'Sai","Rek'Sai","E","Furious Bite / Tunnel","Furious Bite / Tunnel","RekSaiE","主动","No Cost","否","混合(物理+真实)","伤害 | 召唤/部署 | 资源交互","无"
"16.3.1","RekSai","Rek'Sai","Rek'Sai","R","Void Rush","Void Rush","RekSaiR","主动","No Cost","否","物理","不可选取/无敌/霸体 | 伤害 | 位移 | 治疗/回复","无"
"16.3.1","Rell","Rell","Rell","P","Break the Mold","Break the Mold","RellP.png","被动","无","否","魔法","伤害","无"
"16.3.1","Rell","Rell","Rell","Q","Shattering Strike","Shattering Strike","RellQ","主动","{{ abilityresourcename }}","否","魔法","护盾 | 控制 | 伤害","眩晕"
"16.3.1","Rell","Rell","Rell","W","Ferromancy: Crash Down","Ferromancy: Crash Down","RellW_Dismount","主动","{{ abilityresourcename }}","否","魔法","护盾 | 控制 | 伤害 | 位移 | 自我增益","减速"
"16.3.1","Rell","Rell","Rell","E","Full Tilt","Full Tilt","RellE","主动","{{ abilityresourcename }}","否","魔法","伤害 | 治疗/回复 | 自我增益","无"
"16.3.1","Rell","Rell","Rell","R","Magnet Storm","Magnet Storm","RellR","主动","{{ abilityresourcename }}","否","魔法","伤害 | 资源交互","无"
"16.3.1","Renata","Renata Glasc","Renata Glasc","P","Leverage","Leverage","Renata_P.png","被动","无","否","无/未标注","伤害","无"
"16.3.1","Renata","Renata Glasc","Renata Glasc","Q","Handshake","Handshake","RenataQ","主动","{{ abilityresourcename }}","否","魔法","二段/形态切换 | 控制 | 伤害","禁锢 | 眩晕"
"16.3.1","Renata","Renata Glasc","Renata Glasc","W","Bailout","Bailout","RenataW","主动","{{ abilityresourcename }}","否","无/未标注","复活/免死相关 | 治疗/回复 | 自我增益","无"
"16.3.1","Renata","Renata Glasc","Renata Glasc","E","Loyalty Program","Loyalty Program","RenataE","主动","{{ abilityresourcename }}","否","魔法","护盾 | 控制 | 伤害","减速"
"16.3.1","Renata","Renata Glasc","Renata Glasc","R","Hostile Takeover","Hostile Takeover","RenataR","主动","{{ abilityresourcename }}","否","无/未标注","自我增益","无"
"16.3.1","Renekton","Renekton","Renekton","P","Reign of Anger","Reign of Anger","Renekton_Passive.png","被动","无","否","无/未标注","资源交互 | 自我增益","无"
"16.3.1","Renekton","Renekton","Renekton","Q","Cull the Meek","Cull the Meek","RenektonCleave","主动","No Cost","否","物理","伤害 | 治疗/回复 | 资源交互 | 自我增益","无"
"16.3.1","Renekton","Renekton","Renekton","W","Ruthless Predator","Ruthless Predator","RenektonPreExecute","主动","No Cost","否","物理","护盾 | 控制 | 伤害 | 资源交互","眩晕"
"16.3.1","Renekton","Renekton","Renekton","E","Slice and Dice","Slice and Dice","RenektonSliceAndDice","主动","No Cost","否","物理","敌方减益 | 二段/形态切换 | 伤害 | 位移 | 资源交互 | 自我增益","无"
"16.3.1","Renekton","Renekton","Renekton","R","Dominus","Dominus","RenektonReignOfTheTyrant","主动","No Cost","否","魔法","二段/形态切换 | 伤害 | 治疗/回复 | 资源交互 | 自我增益","无"
"16.3.1","Rengar","Rengar","Rengar","P","Unseen Predator","Unseen Predator","Rengar_P.png","被动","无","否","无/未标注","伤害 | 位移 | 自我增益","无"
"16.3.1","Rengar","Rengar","Rengar","Q","Savagery","Savagery","RengarQ","主动","Generates 1 Ferocity","是","物理","充能技能 | 伤害 | 自我增益","无"
"16.3.1","Rengar","Rengar","Rengar","W","Battle Roar","Battle Roar","RengarW","主动","Generates 1 Ferocity","是","魔法","充能技能 | 伤害 | 治疗/回复","无"
"16.3.1","Rengar","Rengar","Rengar","E","Bola Strike","Bola Strike","RengarE","主动","Generates 1 Ferocity","是","物理","充能技能 | 控制 | 伤害","减速 | 禁锢"
"16.3.1","Rengar","Rengar","Rengar","R","Thrill of the Hunt","Thrill of the Hunt","RengarR","主动","No Cost","否","物理","敌方减益 | 伤害 | 位移 | 隐身/伪装 | 自我增益","无"
"16.3.1","Riven","Riven","Riven","P","Runic Blade","Runic Blade","RivenRunicBlades.png","被动","无","否","无/未标注","伤害","无"
"16.3.1","Riven","Riven","Riven","Q","Broken Wings","Broken Wings","RivenTriCleave","主动","No Cost","否","物理","二段/形态切换 | 伤害 | 位移","无"
"16.3.1","Riven","Riven","Riven","W","Ki Burst","Ki Burst","RivenMartyr","主动","No Cost","否","物理","控制 | 伤害 | 资源交互","眩晕"
"16.3.1","Riven","Riven","Riven","E","Valor","Valor","RivenFeint","主动","No Cost","否","无/未标注","二段/形态切换 | 护盾 | 伤害 | 位移 | 自我增益","无"
"16.3.1","Riven","Riven","Riven","R","Blade of the Exile","Blade of the Exile","RivenFengShuiEngine","主动","No Cost","否","物理","二段/形态切换 | 伤害 | 斩杀/缺失生命值联动 | 治疗/回复 | 资源交互 | 自我增益","无"
"16.3.1","Rumble","Rumble","Rumble","P","Junkyard Titan","Junkyard Titan","Rumble_JunkyardTitan1.png","被动","无","否","无/未标注","伤害 | 资源交互 | 自我增益","无"
"16.3.1","Rumble","Rumble","Rumble","Q","Flamespitter","Flamespitter","RumbleFlameThrower","主动","Heat","否","魔法","敌方减益 | 伤害 | 治疗/回复 | 自我增益","无"
"16.3.1","Rumble","Rumble","Rumble","W","Scrap Shield","Scrap Shield","RumbleShield","主动","Heat","否","无/未标注","护盾 | 伤害","无"
"16.3.1","Rumble","Rumble","Rumble","E","Electro Harpoon","Electro Harpoon","RumbleGrenade","主动","Heat","是","魔法","充能技能 | 敌方减益 | 控制 | 伤害","减速"
"16.3.1","Rumble","Rumble","Rumble","R","The Equalizer","The Equalizer","RumbleCarpetBomb","主动","No Cost","否","魔法","控制 | 伤害","减速"
"16.3.1","Ryze","Ryze","Ryze","P","Arcane Mastery","Arcane Mastery","Ryze_P.png","被动","无","否","无/未标注","伤害 | 资源交互 | 自我增益","无"
"16.3.1","Ryze","Ryze","Ryze","Q","Overload","Overload","RyzeQWrapper","主动","{{ abilityresourcename }}","否","魔法","伤害 | 资源交互 | 自我增益","无"
"16.3.1","Ryze","Ryze","Ryze","W","Rune Prison","Rune Prison","RyzeW","主动","{{ abilityresourcename }}","否","魔法","控制 | 伤害 | 召唤/部署","减速 | 禁锢"
"16.3.1","Ryze","Ryze","Ryze","E","Spell Flux","Spell Flux","RyzeE","主动","{{ abilityresourcename }}","否","魔法","伤害 | 自我增益","无"
"16.3.1","Ryze","Ryze","Ryze","R","Realm Warp","Realm Warp","RyzeR","主动","{{ abilityresourcename }}","否","无/未标注","伤害 | 位移 | 召唤/部署 | 自我增益","无"
"16.3.1","Samira","Samira","Samira","P","Daredevil Impulse","Daredevil Impulse","SamiraP.png","被动","无","否","魔法","控制 | 伤害 | 位移 | 自我增益","击飞"
"16.3.1","Samira","Samira","Samira","Q","Flair","Flair","SamiraQ","主动","{{ abilityresourcename }}","否","物理","伤害","无"
"16.3.1","Samira","Samira","Samira","W","Blade Whirl","Blade Whirl","SamiraW","主动","{{ abilityresourcename }}","否","物理","伤害","无"
"16.3.1","Samira","Samira","Samira","E","Wild Rush","Wild Rush","SamiraE","主动","{{ abilityresourcename }}","否","魔法","伤害 | 位移 | 自我增益","无"
"16.3.1","Samira","Samira","Samira","R","Inferno Trigger","Inferno Trigger","SamiraR","主动","{{ abilityresourcename }}","否","物理","伤害","无"
"16.3.1","Sejuani","Sejuani","Sejuani","P","Fury of the North","Fury of the North","Sejuani_passive.png","被动","无","否","魔法","控制 | 伤害 | 自我增益","减速 | 眩晕"
"16.3.1","Sejuani","Sejuani","Sejuani","Q","Arctic Assault","Arctic Assault","SejuaniQ","主动","{{ abilityresourcename }}","否","魔法","伤害","无"
"16.3.1","Sejuani","Sejuani","Sejuani","W","Winter's Wrath","Winter's Wrath","SejuaniW","主动","{{ abilityresourcename }}","否","物理","控制 | 伤害","减速"
"16.3.1","Sejuani","Sejuani","Sejuani","E","Permafrost","Permafrost","SejuaniE","主动","{{ abilityresourcename }}","否","魔法","控制 | 伤害","眩晕"
"16.3.1","Sejuani","Sejuani","Sejuani","R","Glacial Prison","Glacial Prison","SejuaniR","主动","{{ abilityresourcename }}","否","魔法","控制 | 伤害 | 召唤/部署","减速 | 眩晕"
"16.3.1","Senna","Senna","Senna","P","Absolution","Absolution","Senna_Passive.png","被动","无","否","无/未标注","复活/免死相关 | 伤害 | 召唤/部署","无"
"16.3.1","Senna","Senna","Senna","Q","Piercing Darkness","Piercing Darkness","SennaQ","主动","{{ abilityresourcename }}","否","物理","敌方减益 | 控制 | 伤害 | 治疗/回复","减速"
"16.3.1","Senna","Senna","Senna","W","Last Embrace","Last Embrace","SennaW","主动","{{ abilityresourcename }}","否","物理","控制 | 伤害","禁锢"
"16.3.1","Senna","Senna","Senna","E","Curse of the Black Mist","Curse of the Black Mist","SennaE","主动","{{ abilityresourcename }}","否","无/未标注","隐身/伪装","无"
"16.3.1","Senna","Senna","Senna","R","Dawning Shadow","Dawning Shadow","SennaR","主动","{{ abilityresourcename }}","否","物理","护盾 | 伤害","无"
"16.3.1","Seraphine","Seraphine","Seraphine","P","Stage Presence","Stage Presence","Seraphine_Passive.png","被动","无","否","魔法","伤害","无"
"16.3.1","Seraphine","Seraphine","Seraphine","Q","High Note","High Note","SeraphineQ","主动","{{ abilityresourcename }}","否","魔法","伤害 | 斩杀/缺失生命值联动 | 治疗/回复 | 自我增益","无"
"16.3.1","Seraphine","Seraphine","Seraphine","W","Surround Sound","Surround Sound","SeraphineW","主动","{{ abilityresourcename }}","否","无/未标注","护盾 | 斩杀/缺失生命值联动 | 治疗/回复","无"
"16.3.1","Seraphine","Seraphine","Seraphine","E","Beat Drop","Beat Drop","SeraphineE","主动","{{ abilityresourcename }}","否","魔法","控制 | 伤害","减速 | 禁锢 | 眩晕"
"16.3.1","Seraphine","Seraphine","Seraphine","R","Encore","Encore","SeraphineR","主动","{{ abilityresourcename }}","否","魔法","控制 | 伤害","魅惑"
"16.3.1","Sett","Sett","Sett","P","Pit Grit","Pit Grit","Sett_P.png","被动","无","否","无/未标注","斩杀/缺失生命值联动 | 治疗/回复","无"
"16.3.1","Sett","Sett","Sett","Q","Knuckle Down","Knuckle Down","SettQ","主动","No Cost","否","物理","伤害 | 治疗/回复 | 自我增益","无"
"16.3.1","Sett","Sett","Sett","W","Haymaker","Haymaker","SettW","主动","No Cost","否","混合(物理+真实)","护盾 | 伤害","无"
"16.3.1","Sett","Sett","Sett","E","Facebreaker","Facebreaker","SettE","主动","No Cost","否","物理","控制 | 伤害","减速 | 眩晕"
"16.3.1","Sett","Sett","Sett","R","The Show Stopper","The Show Stopper","SettR","主动","No Cost","否","物理","控制 | 伤害 | 治疗/回复","减速 | 压制"
"16.3.1","Shaco","Shaco","Shaco","P","Backstab","Backstab","Jester_CarefulStrikes.png","被动","无","否","无/未标注","伤害","无"
"16.3.1","Shaco","Shaco","Shaco","Q","Deceive","Deceive","Deceive","主动","{{ abilityresourcename }}","否","物理","伤害 | 位移 | 隐身/伪装 | 自我增益","无"
"16.3.1","Shaco","Shaco","Shaco","W","Jack In The Box","Jack In The Box","JackInTheBox","主动","{{ abilityresourcename }}","否","魔法","控制 | 伤害 | 隐身/伪装 | 召唤/部署","恐惧"
"16.3.1","Shaco","Shaco","Shaco","E","Two-Shiv Poison","Two-Shiv Poison","TwoShivPoison","主动","{{ abilityresourcename }}","否","魔法","控制 | 伤害 | 斩杀/缺失生命值联动 | 治疗/回复","减速"
"16.3.1","Shaco","Shaco","Shaco","R","Hallucinate","Hallucinate","HallucinateFull","主动","{{ abilityresourcename }}","否","魔法","敌方减益 | 复活/免死相关 | 控制 | 伤害 | 召唤/部署","恐惧"
"16.3.1","Shen","Shen","Shen","P","Ki Barrier","Ki Barrier","Shen_Passive.png","被动","无","否","无/未标注","敌方减益 | 护盾","无"
"16.3.1","Shen","Shen","Shen","Q","Twilight Assault","Twilight Assault","ShenQ","主动","{{ abilityresourcename }}","否","魔法","控制 | 伤害 | 治疗/回复 | 自我增益","减速"
"16.3.1","Shen","Shen","Shen","W","Spirit's Refuge","Spirit's Refuge","ShenW","主动","{{ abilityresourcename }}","否","无/未标注","召唤/部署 | 自我增益","无"
"16.3.1","Shen","Shen","Shen","E","Shadow Dash","Shadow Dash","ShenE","主动","{{ abilityresourcename }}","否","物理","控制 | 伤害 | 位移 | 资源交互","嘲讽"
"16.3.1","Shen","Shen","Shen","R","Stand United","Stand United","ShenR","主动","No Cost","否","无/未标注","护盾 | 伤害 | 位移 | 斩杀/缺失生命值联动 | 治疗/回复","无"
"16.3.1","Shyvana","Shyvana","Shyvana","P","Fury of the Dragonborn","Fury of the Dragonborn","ShyvanaReinforcedScales.png","被动","无","否","无/未标注","二段/形态切换 | 伤害 | 自我增益","无"
"16.3.1","Shyvana","Shyvana","Shyvana","Q","Twin Bite","Twin Bite","ShyvanaDoubleAttack","主动","No Cost","否","物理","敌方减益 | 伤害 | 自我增益","无"
"16.3.1","Shyvana","Shyvana","Shyvana","W","Burnout","Burnout","ShyvanaImmolationAura","主动","No Cost","否","魔法","敌方减益 | 伤害 | 召唤/部署","无"
"16.3.1","Shyvana","Shyvana","Shyvana","E","Flame Breath","Flame Breath","ShyvanaFireball","主动","No Cost","否","魔法","伤害 | 治疗/回复 | 自我增益","无"
"16.3.1","Shyvana","Shyvana","Shyvana","R","Dragon's Descent","Dragon's Descent","ShyvanaTransformCast","主动","Fury a Second","否","魔法","二段/形态切换 | 伤害 | 治疗/回复 | 资源交互 | 自我增益","无"
"16.3.1","Singed","Singed","Singed","P","Noxious Slipstream","Noxious Slipstream","Singed_Passive.png","被动","无","否","无/未标注","无","无"
"16.3.1","Singed","Singed","Singed","Q","Poison Trail","Poison Trail","PoisonTrail","主动","Mana per Second","否","魔法","伤害","无"
"16.3.1","Singed","Singed","Singed","W","Mega Adhesive","Mega Adhesive","MegaAdhesive","主动","{{ abilityresourcename }}","否","无/未标注","控制","减速"
"16.3.1","Singed","Singed","Singed","E","Fling","Fling","Fling","主动","{{ abilityresourcename }}","否","魔法","控制 | 伤害 | 治疗/回复","禁锢"
"16.3.1","Singed","Singed","Singed","R","Insanity Potion","Insanity Potion","InsanityPotion","主动","{{ abilityresourcename }}","否","无/未标注","敌方减益 | 治疗/回复 | 资源交互","无"
"16.3.1","Sion","Sion","Sion","P","Glory in Death","Glory in Death","Sion_Passive1.png","被动","无","否","无/未标注","伤害 | 治疗/回复","无"
"16.3.1","Sion","Sion","Sion","Q","Decimating Smash","Decimating Smash","SionQ","主动","{{ abilityresourcename }}","否","物理","控制 | 伤害","击飞 | 减速 | 眩晕"
"16.3.1","Sion","Sion","Sion","W","Soul Furnace","Soul Furnace","SionW","主动","{{ abilityresourcename }}","否","魔法","二段/形态切换 | 护盾 | 伤害 | 治疗/回复 | 自我增益","无"
"16.3.1","Sion","Sion","Sion","E","Roar of the Slayer","Roar of the Slayer","SionE","主动","{{ abilityresourcename }}","否","魔法","敌方减益 | 控制 | 伤害","击退 | 减速"
"16.3.1","Sion","Sion","Sion","R","Unstoppable Onslaught","Unstoppable Onslaught","SionR","主动","{{ abilityresourcename }}","否","物理","二段/形态切换 | 控制 | 伤害","减速 | 眩晕"
"16.3.1","Sivir","Sivir","Sivir","P","Fleet of Foot","Fleet of Foot","Sivir_Passive.png","被动","无","否","无/未标注","自我增益","无"
"16.3.1","Sivir","Sivir","Sivir","Q","Boomerang Blade","Boomerang Blade","SivirQ","主动","{{ abilityresourcename }}","否","无/未标注","敌方减益 | 伤害","无"
"16.3.1","Sivir","Sivir","Sivir","W","Ricochet","Ricochet","SivirW","主动","{{ abilityresourcename }}","否","物理","敌方减益 | 伤害 | 自我增益","无"
"16.3.1","Sivir","Sivir","Sivir","E","Spell Shield","Spell Shield","SivirE","主动","{{ abilityresourcename }}","否","无/未标注","护盾 | 控制 | 召唤/部署 | 治疗/回复 | 自我增益","恐惧"
"16.3.1","Sivir","Sivir","Sivir","R","On The Hunt","On The Hunt","SivirR","主动","{{ abilityresourcename }}","否","无/未标注","敌方减益 | 伤害 | 自我增益","无"
"16.3.1","Skarner","Skarner","Skarner","P","Threads of Vibration","Threads of Vibration","Skarner_Passive.png","被动","无","否","魔法","伤害 | 治疗/回复","无"
"16.3.1","Skarner","Skarner","Skarner","Q","Shattered Earth / Upheaval","Shattered Earth / Upheaval","SkarnerQ","主动","{{ abilityresourcename }}","否","物理","二段/形态切换 | 控制 | 伤害 | 治疗/回复 | 自我增益","减速"
"16.3.1","Skarner","Skarner","Skarner","W","Seismic Bastion","Seismic Bastion","SkarnerW","主动","{{ abilityresourcename }}","否","魔法","护盾 | 控制 | 伤害 | 召唤/部署 | 自我增益","减速"
"16.3.1","Skarner","Skarner","Skarner","E","Ixtal's Impact","Ixtal's Impact","SkarnerE","主动","{{ abilityresourcename }}","否","物理","二段/形态切换 | 控制 | 伤害","眩晕"
"16.3.1","Skarner","Skarner","Skarner","R","Impale","Impale","SkarnerR","主动","{{ abilityresourcename }}","否","魔法","控制 | 伤害 | 自我增益","压制"
"16.3.1","Smolder","Smolder","Smolder","P","Dragon Practice","Dragon Practice","Icons_Smolder_Passive.png","被动","无","否","无/未标注","伤害","无"
"16.3.1","Smolder","Smolder","Smolder","Q","Super Scorcher Breath","Super Scorcher Breath","SmolderQ","主动","{{ abilityresourcename }}","否","混合(物理+魔法+真实)","伤害 | 斩杀/缺失生命值联动 | 治疗/回复 | 资源交互 | 自我增益","无"
"16.3.1","Smolder","Smolder","Smolder","W","Achooo!","Achooo!","SmolderW","主动","{{ abilityresourcename }}","否","混合(物理+魔法)","控制 | 伤害","减速"
"16.3.1","Smolder","Smolder","Smolder","E","Flap, Flap, Flap","Flap, Flap, Flap","SmolderE","主动","{{ abilityresourcename }}","否","混合(物理+魔法)","伤害 | 治疗/回复","无"
"16.3.1","Smolder","Smolder","Smolder","R","MMOOOMMMM!","MMOOOMMMM!","SmolderR","主动","{{ abilityresourcename }}","否","物理","控制 | 伤害 | 治疗/回复","减速"
"16.3.1","Sona","Sona","Sona","P","Power Chord","Power Chord","Sona_Passive_Charged.png","被动","无","否","魔法","敌方减益 | 伤害 | 自我增益","无"
"16.3.1","Sona","Sona","Sona","Q","Hymn of Valor","Hymn of Valor","SonaQ","主动","{{ abilityresourcename }}","否","魔法","伤害 | 自我增益","无"
"16.3.1","Sona","Sona","Sona","W","Aria of Perseverance","Aria of Perseverance","SonaW","主动","{{ abilityresourcename }}","否","魔法","敌方减益 | 护盾 | 伤害 | 治疗/回复 | 自我增益","无"
"16.3.1","Sona","Sona","Sona","E","Song of Celerity","Song of Celerity","SonaE","主动","{{ abilityresourcename }}","否","无/未标注","控制 | 伤害 | 自我增益","减速"
"16.3.1","Sona","Sona","Sona","R","Crescendo","Crescendo","SonaR","主动","{{ abilityresourcename }}","否","魔法","控制 | 伤害","眩晕"
"16.3.1","Soraka","Soraka","Soraka","P","Salvation","Salvation","Soraka_Passive.png","被动","无","否","无/未标注","治疗/回复","无"
"16.3.1","Soraka","Soraka","Soraka","Q","Starcall","Starcall","SorakaQ","主动","{{ abilityresourcename }}","否","魔法","控制 | 伤害 | 治疗/回复","减速"
"16.3.1","Soraka","Soraka","Soraka","W","Astral Infusion","Astral Infusion","SorakaW","主动","% Max Health, {{ cost }} Mana","否","无/未标注","敌方减益 | 治疗/回复","无"
"16.3.1","Soraka","Soraka","Soraka","E","Equinox","Equinox","SorakaE","主动","{{ abilityresourcename }}","否","魔法","控制 | 伤害 | 召唤/部署","沉默 | 禁锢"
"16.3.1","Soraka","Soraka","Soraka","R","Wish","Wish","SorakaR","主动","{{ abilityresourcename }}","否","无/未标注","二段/形态切换 | 斩杀/缺失生命值联动 | 治疗/回复","无"
"16.3.1","Swain","Swain","Swain","P","Ravenous Flock","Ravenous Flock","Swain_P.png","被动","无","否","无/未标注","治疗/回复","无"
"16.3.1","Swain","Swain","Swain","Q","Death's Hand","Death's Hand","SwainQ","主动","{{ abilityresourcename }}","否","魔法","伤害","无"
"16.3.1","Swain","Swain","Swain","W","Vision of Empire","Vision of Empire","SwainW","主动","{{ abilityresourcename }}","否","魔法","控制 | 伤害","减速"
"16.3.1","Swain","Swain","Swain","E","Nevermove","Nevermove","SwainE","主动","{{ abilityresourcename }}","否","魔法","控制 | 伤害","禁锢"
"16.3.1","Swain","Swain","Swain","R","Demonic Ascension","Demonic Ascension","SwainR","主动","{{ abilityresourcename }}","否","魔法","二段/形态切换 | 控制 | 伤害 | 治疗/回复 | 资源交互","减速"
"16.3.1","Sylas","Sylas","Sylas","P","Petricite Burst","Petricite Burst","SylasP.png","被动","无","否","魔法","伤害 | 召唤/部署 | 自我增益","无"
"16.3.1","Sylas","Sylas","Sylas","Q","Chain Lash","Chain Lash","SylasQ","主动","{{ abilityresourcename }}","否","魔法","控制 | 伤害 | 资源交互","减速"
"16.3.1","Sylas","Sylas","Sylas","W","Kingslayer","Kingslayer","SylasW","主动","{{ abilityresourcename }}","否","魔法","伤害 | 位移 | 斩杀/缺失生命值联动 | 治疗/回复 | 自我增益","无"
"16.3.1","Sylas","Sylas","Sylas","E","Abscond / Abduct","Abscond / Abduct","SylasE","主动","{{ abilityresourcename }}","否","魔法","二段/形态切换 | 伤害 | 位移","无"
"16.3.1","Sylas","Sylas","Sylas","R","Hijack","Hijack","SylasR","主动","{{ abilityresourcename }}","否","无/未标注","无","无"
"16.3.1","Syndra","Syndra","Syndra","P","Transcendent","Transcendent","SyndraPassive.png","被动","无","否","真实","控制 | 伤害 | 斩杀/缺失生命值联动 | 治疗/回复","减速"
"16.3.1","Syndra","Syndra","Syndra","Q","Dark Sphere","Dark Sphere","SyndraQ","主动","{{ abilityresourcename }}","否","魔法","伤害","无"
"16.3.1","Syndra","Syndra","Syndra","W","Force of Will","Force of Will","SyndraW","主动","{{ abilityresourcename }}","否","混合(魔法+真实)","二段/形态切换 | 控制 | 伤害","减速"
"16.3.1","Syndra","Syndra","Syndra","E","Scatter the Weak","Scatter the Weak","SyndraE","主动","{{ abilityresourcename }}","否","魔法","控制 | 伤害","减速 | 眩晕"
"16.3.1","Syndra","Syndra","Syndra","R","Unleashed Power","Unleashed Power","SyndraR","主动","{{ abilityresourcename }}","否","魔法","伤害 | 斩杀/缺失生命值联动 | 治疗/回复 | 自我增益","无"
"16.3.1","TahmKench","Tahm Kench","Tahm Kench","P","An Acquired Taste","An Acquired Taste","TahmKenchP.png","被动","无","否","无/未标注","伤害 | 治疗/回复","无"
"16.3.1","TahmKench","Tahm Kench","Tahm Kench","Q","Tongue Lash","Tongue Lash","TahmKenchQ","主动","{{ abilityresourcename }}","否","魔法","二段/形态切换 | 控制 | 伤害 | 斩杀/缺失生命值联动 | 治疗/回复","减速 | 眩晕"
"16.3.1","TahmKench","Tahm Kench","Tahm Kench","W","Abyssal Dive","Abyssal Dive","TahmKenchW","主动","{{ abilityresourcename }}","否","魔法","控制 | 伤害 | 资源交互","击飞"
"16.3.1","TahmKench","Tahm Kench","Tahm Kench","E","Thick Skin","Thick Skin","TahmKenchE","主动","{{ abilityresourcename }}","否","无/未标注","护盾 | 伤害 | 治疗/回复","无"
"16.3.1","TahmKench","Tahm Kench","Tahm Kench","R","Devour","Devour","TahmKenchRWrapper","主动","Mana","否","魔法","二段/形态切换 | 护盾 | 控制 | 伤害 | 治疗/回复 | 自我增益","缚地 | 减速"
"16.3.1","Taliyah","Taliyah","Taliyah","P","Rock Surfing","Rock Surfing","Taliyah_Passive.png","被动","无","否","无/未标注","自我增益","无"
"16.3.1","Taliyah","Taliyah","Taliyah","Q","Threaded Volley","Threaded Volley","TaliyahQ","主动","{{ abilityresourcename }}","否","魔法","控制 | 伤害 | 资源交互 | 自我增益","减速 | 眩晕"
"16.3.1","Taliyah","Taliyah","Taliyah","W","Seismic Shove","Seismic Shove","TaliyahWVC","主动","{{ abilityresourcename }}","否","无/未标注","无","无"
"16.3.1","Taliyah","Taliyah","Taliyah","E","Unraveled Earth","Unraveled Earth","TaliyahE","主动","{{ abilityresourcename }}","否","魔法","控制 | 伤害 | 位移 | 召唤/部署","减速 | 眩晕"
"16.3.1","Taliyah","Taliyah","Taliyah","R","Weaver's Wall","Weaver's Wall","TaliyahR","主动","{{ abilityresourcename }}","否","无/未标注","二段/形态切换 | 伤害 | 召唤/部署","无"
"16.3.1","Talon","Talon","Talon","P","Blade's End","Blade's End","TalonP.png","被动","无","否","无/未标注","伤害","无"
"16.3.1","Talon","Talon","Talon","Q","Noxian Diplomacy","Noxian Diplomacy","TalonQ","主动","{{ abilityresourcename }}","否","物理","伤害 | 位移 | 治疗/回复","无"
"16.3.1","Talon","Talon","Talon","W","Rake","Rake","TalonW","主动","{{ abilityresourcename }}","否","物理","控制 | 伤害","减速"
"16.3.1","Talon","Talon","Talon","E","Assassin's Path","Assassin's Path","TalonE","主动","No Cost","否","无/未标注","二段/形态切换 | 位移","无"
"16.3.1","Talon","Talon","Talon","R","Shadow Assault","Shadow Assault","TalonR","主动","{{ abilityresourcename }}","否","物理","伤害 | 隐身/伪装 | 自我增益","无"
"16.3.1","Taric","Taric","Taric","P","Bravado","Bravado","Taric_Passive.png","被动","无","否","魔法","敌方减益 | 伤害 | 自我增益","无"
"16.3.1","Taric","Taric","Taric","Q","Starlight's Touch","Starlight's Touch","TaricQ","主动","Mana, all Charges","否","无/未标注","治疗/回复 | 自我增益","无"
"16.3.1","Taric","Taric","Taric","W","Bastion","Bastion","TaricW","主动","{{ abilityresourcename }}","否","无/未标注","护盾 | 治疗/回复 | 自我增益","无"
"16.3.1","Taric","Taric","Taric","E","Dazzle","Dazzle","TaricE","主动","{{ abilityresourcename }}","否","魔法","控制 | 伤害","眩晕"
"16.3.1","Taric","Taric","Taric","R","Cosmic Radiance","Cosmic Radiance","TaricR","主动","{{ abilityresourcename }}","否","无/未标注","不可选取/无敌/霸体 | 敌方减益 | 资源交互","无"
"16.3.1","Teemo","Teemo","Teemo","P","Guerrilla Warfare","Guerrilla Warfare","TeemoPassive.ASU_Teemo.png","被动","无","否","无/未标注","隐身/伪装 | 自我增益","无"
"16.3.1","Teemo","Teemo","Teemo","Q","Blinding Dart","Blinding Dart","TeemoQ","主动","{{ abilityresourcename }}","否","魔法","控制 | 伤害","致盲"
"16.3.1","Teemo","Teemo","Teemo","W","Move Quick","Move Quick","TeemoW","主动","{{ abilityresourcename }}","否","无/未标注","伤害 | 召唤/部署 | 自我增益","无"
"16.3.1","Teemo","Teemo","Teemo","E","Toxic Shot","Toxic Shot","TeemoE","主动","Passive","否","魔法","伤害","无"
"16.3.1","Teemo","Teemo","Teemo","R","Noxious Trap","Noxious Trap","TeemoR","主动","{{ abilityresourcename }}","是","魔法","充能技能 | 控制 | 伤害 | 隐身/伪装 | 召唤/部署","减速"
"16.3.1","Thresh","Thresh","Thresh","P","Damnation","Damnation","Thresh_Passive.png","被动","无","否","无/未标注","无","无"
"16.3.1","Thresh","Thresh","Thresh","Q","Death Sentence","Death Sentence","ThreshQ","主动","{{ abilityresourcename }}","否","魔法","敌方减益 | 二段/形态切换 | 控制 | 伤害","眩晕"
"16.3.1","Thresh","Thresh","Thresh","W","Dark Passage","Dark Passage","ThreshW","主动","{{ abilityresourcename }}","否","无/未标注","护盾 | 伤害 | 位移","无"
"16.3.1","Thresh","Thresh","Thresh","E","Flay","Flay","ThreshE","主动","{{ abilityresourcename }}","否","魔法","控制 | 伤害","减速"
"16.3.1","Thresh","Thresh","Thresh","R","The Box","The Box","ThreshRPenta","主动","{{ abilityresourcename }}","否","魔法","控制 | 伤害 | 召唤/部署","减速"
"16.3.1","Tristana","Tristana","Tristana","P","Draw a Bead","Draw a Bead","Tristana_Passive.png","被动","无","否","无/未标注","无","无"
"16.3.1","Tristana","Tristana","Tristana","Q","Rapid Fire","Rapid Fire","TristanaQ","主动","{{ abilityresourcename }}","否","无/未标注","自我增益","无"
"16.3.1","Tristana","Tristana","Tristana","W","Rocket Jump","Rocket Jump","TristanaW","主动","{{ abilityresourcename }}","否","魔法","控制 | 伤害","减速"
"16.3.1","Tristana","Tristana","Tristana","E","Explosive Charge","Explosive Charge","TristanaE","主动","{{ abilityresourcename }}","否","混合(物理+魔法)","伤害 | 召唤/部署","无"
"16.3.1","Tristana","Tristana","Tristana","R","Buster Shot","Buster Shot","TristanaR","主动","{{ abilityresourcename }}","否","魔法","控制 | 伤害","眩晕"
"16.3.1","Trundle","Trundle","Trundle","P","King's Tribute","King's Tribute","Trundle_Passive.png","被动","无","否","无/未标注","治疗/回复","无"
"16.3.1","Trundle","Trundle","Trundle","Q","Chomp","Chomp","TrundleTrollSmash","主动","{{ abilityresourcename }}","否","物理","控制 | 伤害 | 自我增益","减速"
"16.3.1","Trundle","Trundle","Trundle","W","Frozen Domain","Frozen Domain","trundledesecrate","主动","{{ abilityresourcename }}","否","无/未标注","治疗/回复 | 自我增益","无"
"16.3.1","Trundle","Trundle","Trundle","E","Pillar of Ice","Pillar of Ice","TrundleCircle","主动","{{ abilityresourcename }}","否","无/未标注","控制 | 召唤/部署","减速"
"16.3.1","Trundle","Trundle","Trundle","R","Subjugate","Subjugate","TrundlePain","主动","{{ abilityresourcename }}","否","魔法","二段/形态切换 | 伤害 | 治疗/回复","无"
"16.3.1","Tryndamere","Tryndamere","Tryndamere","P","Battle Fury","Battle Fury","Tryndamere_Passive.png","被动","无","否","无/未标注","伤害 | 资源交互 | 自我增益","无"
"16.3.1","Tryndamere","Tryndamere","Tryndamere","Q","Bloodlust","Bloodlust","TryndamereQ","主动","No Cost","否","无/未标注","伤害 | 斩杀/缺失生命值联动 | 治疗/回复 | 资源交互","无"
"16.3.1","Tryndamere","Tryndamere","Tryndamere","W","Mocking Shout","Mocking Shout","TryndamereW","主动","No Cost","否","无/未标注","敌方减益 | 控制 | 伤害","减速"
"16.3.1","Tryndamere","Tryndamere","Tryndamere","E","Spinning Slash","Spinning Slash","TryndamereE","主动","No Cost","否","物理","敌方减益 | 伤害 | 资源交互 | 自我增益","无"
"16.3.1","Tryndamere","Tryndamere","Tryndamere","R","Undying Rage","Undying Rage","UndyingRage","主动","No Cost","否","无/未标注","敌方减益 | 复活/免死相关 | 治疗/回复 | 资源交互 | 自我增益","无"
"16.3.1","TwistedFate","Twisted Fate","Twisted Fate","P","Loaded Dice","Loaded Dice","Cardmaster_SealFate.png","被动","无","否","无/未标注","无","无"
"16.3.1","TwistedFate","Twisted Fate","Twisted Fate","Q","Wild Cards","Wild Cards","WildCards","主动","{{ abilityresourcename }}","否","魔法","伤害","无"
"16.3.1","TwistedFate","Twisted Fate","Twisted Fate","W","Pick a Card","Pick a Card","PickACard","主动","{{ abilityresourcename }}","否","魔法","二段/形态切换 | 控制 | 伤害 | 资源交互","减速 | 眩晕"
"16.3.1","TwistedFate","Twisted Fate","Twisted Fate","E","Stacked Deck","Stacked Deck","CardmasterStack","主动","Passive","否","魔法","伤害 | 自我增益","无"
"16.3.1","TwistedFate","Twisted Fate","Twisted Fate","R","Destiny","Destiny","Destiny","主动","{{ abilityresourcename }}","否","无/未标注","二段/形态切换 | 位移","无"
"16.3.1","Twitch","Twitch","Twitch","P","Deadly Venom","Deadly Venom","Twitch_Passive.png","被动","无","否","真实","伤害","无"
"16.3.1","Twitch","Twitch","Twitch","Q","Ambush","Ambush","TwitchHideInShadows","主动","{{ abilityresourcename }}","否","无/未标注","隐身/伪装 | 自我增益","无"
"16.3.1","Twitch","Twitch","Twitch","W","Venom Cask","Venom Cask","TwitchVenomCask","主动","{{ abilityresourcename }}","否","无/未标注","控制","减速"
"16.3.1","Twitch","Twitch","Twitch","E","Contaminate","Contaminate","TwitchExpunge","主动","{{ abilityresourcename }}","否","物理","伤害","无"
"16.3.1","Twitch","Twitch","Twitch","R","Spray and Pray","Spray and Pray","TwitchFullAutomatic","主动","{{ abilityresourcename }}","否","无/未标注","二段/形态切换 | 伤害","无"
"16.3.1","Udyr","Udyr","Udyr","P","Bridge Between","Bridge Between","Udyr_P.png","被动","无","否","无/未标注","二段/形态切换 | 自我增益","无"
"16.3.1","Udyr","Udyr","Udyr","Q","Wilding Claw","Wilding Claw","UdyrQ","主动","{{ abilityresourcename }}","否","混合(物理+魔法)","二段/形态切换 | 伤害 | 治疗/回复 | 自我增益","无"
"16.3.1","Udyr","Udyr","Udyr","W","Iron Mantle","Iron Mantle","UdyrW","主动","{{ abilityresourcename }}","否","无/未标注","二段/形态切换 | 护盾 | 治疗/回复 | 自我增益","无"
"16.3.1","Udyr","Udyr","Udyr","E","Blazing Stampede","Blazing Stampede","UdyrE","主动","{{ abilityresourcename }}","否","无/未标注","二段/形态切换 | 控制 | 位移 | 自我增益","眩晕"
"16.3.1","Udyr","Udyr","Udyr","R","Wingborne Storm","Wingborne Storm","UdyrR","主动","{{ abilityresourcename }}","否","魔法","二段/形态切换 | 控制 | 伤害 | 治疗/回复 | 自我增益","减速"
"16.3.1","Urgot","Urgot","Urgot","P","Echoing Flames","Echoing Flames","Urgot_Passive.png","被动","无","否","物理","伤害","无"
"16.3.1","Urgot","Urgot","Urgot","Q","Corrosive Charge","Corrosive Charge","UrgotQ","主动","{{ abilityresourcename }}","否","物理","控制 | 伤害","减速"
"16.3.1","Urgot","Urgot","Urgot","W","Purge","Purge","UrgotW","主动","{{ abilityresourcename }}","否","物理","二段/形态切换 | 控制 | 伤害","减速"
"16.3.1","Urgot","Urgot","Urgot","E","Disdain","Disdain","UrgotE","主动","{{ abilityresourcename }}","否","物理","护盾 | 控制 | 伤害","眩晕"
"16.3.1","Urgot","Urgot","Urgot","R","Fear Beyond Death","Fear Beyond Death","UrgotR","主动","{{ abilityresourcename }}","否","物理","二段/形态切换 | 控制 | 伤害 | 斩杀/缺失生命值联动 | 治疗/回复","减速 | 恐惧 | 压制"
"16.3.1","Varus","Varus","Varus","P","Living Vengeance","Living Vengeance","VarusPassive.png","被动","无","否","无/未标注","伤害 | 自我增益","无"
"16.3.1","Varus","Varus","Varus","Q","Piercing Arrow","Piercing Arrow","VarusQ","主动","{{ abilityresourcename }}","否","物理","敌方减益 | 控制 | 伤害 | 资源交互 | 自我增益","减速"
"16.3.1","Varus","Varus","Varus","W","Blighted Quiver","Blighted Quiver","VarusW","主动","No Cost","否","魔法","敌方减益 | 伤害 | 斩杀/缺失生命值联动 | 治疗/回复 | 自我增益","无"
"16.3.1","Varus","Varus","Varus","E","Hail of Arrows","Hail of Arrows","VarusE","主动","{{ abilityresourcename }}","否","物理","敌方减益 | 控制 | 伤害 | 治疗/回复","减速"
"16.3.1","Varus","Varus","Varus","R","Chain of Corruption","Chain of Corruption","VarusR","主动","{{ abilityresourcename }}","否","魔法","控制 | 伤害","禁锢"
"16.3.1","Vayne","Vayne","Vayne","P","Night Hunter","Night Hunter","Vayne_NightHunter.png","被动","无","否","无/未标注","无","无"
"16.3.1","Vayne","Vayne","Vayne","Q","Tumble","Tumble","VayneTumble","主动","{{ abilityresourcename }}","否","物理","二段/形态切换 | 伤害","无"
"16.3.1","Vayne","Vayne","Vayne","W","Silver Bolts","Silver Bolts","VayneSilveredBolts","主动","Passive","否","真实","伤害 | 治疗/回复 | 自我增益","无"
"16.3.1","Vayne","Vayne","Vayne","E","Condemn","Condemn","VayneCondemn","主动","{{ abilityresourcename }}","否","物理","控制 | 伤害","眩晕"
"16.3.1","Vayne","Vayne","Vayne","R","Final Hour","Final Hour","VayneInquisition","主动","{{ abilityresourcename }}","否","无/未标注","敌方减益 | 伤害 | 自我增益","无"
"16.3.1","Veigar","Veigar","Veigar","P","Phenomenal Evil Power","Phenomenal Evil Power","VeigarEntropy.png","被动","无","否","无/未标注","伤害","无"
"16.3.1","Veigar","Veigar","Veigar","Q","Baleful Strike","Baleful Strike","VeigarBalefulStrike","主动","{{ abilityresourcename }}","否","魔法","伤害 | 资源交互 | 自我增益","无"
"16.3.1","Veigar","Veigar","Veigar","W","Dark Matter","Dark Matter","VeigarDarkMatter","主动","{{ abilityresourcename }}","否","魔法","敌方减益 | 伤害 | 召唤/部署","无"
"16.3.1","Veigar","Veigar","Veigar","E","Event Horizon","Event Horizon","VeigarEventHorizon","主动","{{ abilityresourcename }}","否","无/未标注","控制","眩晕"
"16.3.1","Veigar","Veigar","Veigar","R","Primordial Burst","Primordial Burst","VeigarR","主动","{{ abilityresourcename }}","否","魔法","伤害 | 斩杀/缺失生命值联动 | 治疗/回复 | 自我增益","无"
"16.3.1","Velkoz","Vel'Koz","Vel'Koz","P","Organic Deconstruction","Organic Deconstruction","VelKoz_Passive.png","被动","无","否","真实","伤害","无"
"16.3.1","Velkoz","Vel'Koz","Vel'Koz","Q","Plasma Fission","Plasma Fission","VelkozQ","主动","{{ abilityresourcename }}","否","魔法","二段/形态切换 | 控制 | 伤害 | 资源交互","减速"
"16.3.1","Velkoz","Vel'Koz","Vel'Koz","W","Void Rift","Void Rift","VelkozW","主动","{{ abilityresourcename }}","是","魔法","充能技能 | 伤害","无"
"16.3.1","Velkoz","Vel'Koz","Vel'Koz","E","Tectonic Disruption","Tectonic Disruption","VelkozE","主动","{{ abilityresourcename }}","否","魔法","控制 | 伤害","击飞 | 击退"
"16.3.1","Velkoz","Vel'Koz","Vel'Koz","R","Life Form Disintegration Ray","Life Form Disintegration Ray","VelkozR","主动","{{ abilityresourcename }}","否","混合(魔法+真实)","控制 | 伤害 | 资源交互","减速"
"16.3.1","Vex","Vex","Vex","P","Doom 'n Gloom","Doom 'n Gloom","Icons_Vex_Passive.png","被动","无","否","无/未标注","敌方减益 | 控制 | 伤害 | 位移 | 自我增益","恐惧"
"16.3.1","Vex","Vex","Vex","Q","Mistral Bolt","Mistral Bolt","VexQ","主动","{{ abilityresourcename }}","否","魔法","伤害","无"
"16.3.1","Vex","Vex","Vex","W","Personal Space","Personal Space","VexW","主动","{{ abilityresourcename }}","否","魔法","护盾 | 伤害 | 自我增益","无"
"16.3.1","Vex","Vex","Vex","E","Looming Darkness","Looming Darkness","VexE","主动","{{ abilityresourcename }}","否","魔法","敌方减益 | 控制 | 伤害 | 召唤/部署","减速"
"16.3.1","Vex","Vex","Vex","R","Shadow Surge","Shadow Surge","VexR","主动","{{ abilityresourcename }}","否","魔法","二段/形态切换 | 伤害 | 位移","无"
"16.3.1","Vi","Vi","Vi","P","Blast Shield","Blast Shield","ViPassive.png","被动","无","否","无/未标注","护盾","无"
"16.3.1","Vi","Vi","Vi","Q","Vault Breaker","Vault Breaker","ViQ","主动","{{ abilityresourcename }}","否","物理","控制 | 伤害 | 位移","击退 | 减速"
"16.3.1","Vi","Vi","Vi","W","Denting Blows","Denting Blows","ViW","主动","Passive","否","物理","敌方减益 | 护盾 | 伤害 | 治疗/回复 | 自我增益","无"
"16.3.1","Vi","Vi","Vi","E","Relentless Force","Relentless Force","ViE","主动","{{ abilityresourcename }}","是","物理","充能技能 | 伤害","无"
"16.3.1","Vi","Vi","Vi","R","Cease and Desist","Cease and Desist","ViR","主动","{{ abilityresourcename }}","否","物理","控制 | 伤害 | 位移","眩晕"
"16.3.1","Viego","Viego","Viego","P","Sovereign's Domination","Sovereign's Domination","Viego_Passive.png","被动","无","否","无/未标注","治疗/回复","无"
"16.3.1","Viego","Viego","Viego","Q","Blade of the Ruined King","Blade of the Ruined King","ViegoQ","主动","No Cost","否","物理","伤害 | 治疗/回复 | 自我增益","无"
"16.3.1","Viego","Viego","Viego","W","Spectral Maw","Spectral Maw","ViegoW","主动","No Cost","否","魔法","控制 | 伤害 | 位移","减速 | 眩晕"
"16.3.1","Viego","Viego","Viego","E","Harrowed Path","Harrowed Path","ViegoE","主动","No Cost","否","无/未标注","隐身/伪装 | 自我增益","无"
"16.3.1","Viego","Viego","Viego","R","Heartbreaker","Heartbreaker","ViegoR","主动","No Cost","否","物理","控制 | 伤害 | 位移 | 斩杀/缺失生命值联动 | 治疗/回复","击退 | 减速"
"16.3.1","Viktor","Viktor","Viktor","P","Glorious Evolution","Glorious Evolution","Viktor_Passive.ViktorVGU.png","被动","无","否","无/未标注","自我增益","无"
"16.3.1","Viktor","Viktor","Viktor","Q","Siphon Power","Siphon Power","ViktorQ","主动","{{ abilityresourcename }}","否","魔法","护盾 | 伤害 | 自我增益","无"
"16.3.1","Viktor","Viktor","Viktor","W","Gravity Field","Gravity Field","ViktorW","主动","{{ abilityresourcename }}","否","无/未标注","控制","减速 | 眩晕"
"16.3.1","Viktor","Viktor","Viktor","E","Hextech Ray","Hextech Ray","ViktorE","主动","{{ abilityresourcename }}","否","魔法","伤害","无"
"16.3.1","Viktor","Viktor","Viktor","R","Arcane Storm","Arcane Storm","ViktorR","主动","{{ abilityresourcename }}","否","魔法","二段/形态切换 | 伤害","无"
"16.3.1","Vladimir","Vladimir","Vladimir","P","Crimson Pact","Crimson Pact","VladimirP.png","被动","无","否","无/未标注","治疗/回复","无"
"16.3.1","Vladimir","Vladimir","Vladimir","Q","Transfusion","Transfusion","VladimirQ","主动","No Cost","否","魔法","伤害 | 斩杀/缺失生命值联动 | 治疗/回复 | 资源交互 | 自我增益","无"
"16.3.1","Vladimir","Vladimir","Vladimir","W","Sanguine Pool","Sanguine Pool","VladimirSanguinePool","主动","% of current Health","否","魔法","不可选取/无敌/霸体 | 控制 | 伤害 | 治疗/回复","减速"
"16.3.1","Vladimir","Vladimir","Vladimir","E","Tides of Blood","Tides of Blood","VladimirE","主动","% of max Health ({{ chargehealthtooltip }})","否","魔法","控制 | 伤害 | 治疗/回复","减速"
"16.3.1","Vladimir","Vladimir","Vladimir","R","Hemoplague","Hemoplague","VladimirHemoplague","主动","No Cost","否","魔法","伤害 | 召唤/部署 | 治疗/回复","无"
"16.3.1","Volibear","Volibear","Volibear","P","The Relentless Storm","The Relentless Storm","Volibear_Icon_P.png","被动","无","否","魔法","伤害 | 自我增益","无"
"16.3.1","Volibear","Volibear","Volibear","Q","Thundering Smash","Thundering Smash","VolibearQ","主动","{{ abilityresourcename }}","否","物理","控制 | 伤害 | 资源交互 | 自我增益","眩晕"
"16.3.1","Volibear","Volibear","Volibear","W","Frenzied Maul","Frenzied Maul","VolibearW","主动","{{ abilityresourcename }}","否","物理","伤害 | 斩杀/缺失生命值联动 | 治疗/回复","无"
"16.3.1","Volibear","Volibear","Volibear","E","Sky Splitter","Sky Splitter","VolibearE","主动","{{ abilityresourcename }}","否","魔法","护盾 | 控制 | 伤害 | 召唤/部署 | 治疗/回复 | 自我增益","减速"
"16.3.1","Volibear","Volibear","Volibear","R","Stormbringer","Stormbringer","VolibearR","主动","{{ abilityresourcename }}","否","物理","二段/形态切换 | 控制 | 伤害 | 位移 | 治疗/回复","减速"
"16.3.1","Warwick","Warwick","Warwick","P","Eternal Hunger","Eternal Hunger","WarwickP.png","被动","无","否","魔法","伤害 | 斩杀/缺失生命值联动 | 治疗/回复","无"
"16.3.1","Warwick","Warwick","Warwick","Q","Jaws of the Beast","Jaws of the Beast","WarwickQ","主动","{{ abilityresourcename }}","否","魔法","伤害 | 位移 | 治疗/回复","无"
"16.3.1","Warwick","Warwick","Warwick","W","Blood Hunt","Blood Hunt","WarwickW","主动","{{ abilityresourcename }}","是","无/未标注","充能技能 | 敌方减益 | 斩杀/缺失生命值联动 | 治疗/回复 | 自我增益","无"
"16.3.1","Warwick","Warwick","Warwick","E","Primal Howl","Primal Howl","WarwickE","主动","{{ abilityresourcename }}","否","无/未标注","二段/形态切换 | 控制 | 伤害 | 自我增益","恐惧"
"16.3.1","Warwick","Warwick","Warwick","R","Infinite Duress","Infinite Duress","WarwickR","主动","{{ abilityresourcename }}","否","魔法","二段/形态切换 | 控制 | 伤害 | 位移 | 治疗/回复","压制"
"16.3.1","Xayah","Xayah","Xayah","P","Clean Cuts","Clean Cuts","XayahPassive.png","被动","无","否","无/未标注","无","无"
"16.3.1","Xayah","Xayah","Xayah","Q","Double Daggers","Double Daggers","XayahQ","主动","{{ abilityresourcename }}","否","物理","伤害","无"
"16.3.1","Xayah","Xayah","Xayah","W","Deadly Plumage","Deadly Plumage","XayahW","主动","{{ abilityresourcename }}","否","无/未标注","伤害 | 召唤/部署 | 自我增益","无"
"16.3.1","Xayah","Xayah","Xayah","E","Bladecaller","Bladecaller","XayahE","主动","{{ abilityresourcename }}","否","物理","控制 | 伤害","禁锢"
"16.3.1","Xayah","Xayah","Xayah","R","Featherstorm","Featherstorm","XayahR","主动","{{ abilityresourcename }}","否","物理","不可选取/无敌/霸体 | 伤害 | 位移","无"
"16.3.1","Xerath","Xerath","Xerath","P","Mana Surge","Mana Surge","Xerath_Passive1.png","被动","无","否","无/未标注","敌方减益 | 资源交互","无"
"16.3.1","Xerath","Xerath","Xerath","Q","Arcanopulse","Arcanopulse","XerathArcanopulseChargeUp","主动","{{ abilityresourcename }}","否","魔法","控制 | 伤害 | 资源交互","减速"
"16.3.1","Xerath","Xerath","Xerath","W","Eye of Destruction","Eye of Destruction","XerathArcaneBarrage2","主动","{{ abilityresourcename }}","否","魔法","控制 | 伤害 | 资源交互","减速"
"16.3.1","Xerath","Xerath","Xerath","E","Shocking Orb","Shocking Orb","XerathMageSpear","主动","{{ abilityresourcename }}","否","魔法","二段/形态切换 | 控制 | 伤害","眩晕"
"16.3.1","Xerath","Xerath","Xerath","R","Rite of the Arcane","Rite of the Arcane","XerathLocusOfPower2","主动","{{ abilityresourcename }}","否","魔法","二段/形态切换 | 伤害 | 资源交互 | 自我增益","无"
"16.3.1","XinZhao","Xin Zhao","Xin Zhao","P","Determination","Determination","XinZhaoReworkP.XinZhaoRework.png","被动","无","否","无/未标注","伤害 | 治疗/回复","无"
"16.3.1","XinZhao","Xin Zhao","Xin Zhao","Q","Three Talon Strike","Three Talon Strike","XinZhaoQ","主动","{{ abilityresourcename }}","否","物理","敌方减益 | 伤害","无"
"16.3.1","XinZhao","Xin Zhao","Xin Zhao","W","Wind Becomes Lightning","Wind Becomes Lightning","XinZhaoW","主动","{{ abilityresourcename }}","否","物理","控制 | 伤害 | 隐身/伪装","减速"
"16.3.1","XinZhao","Xin Zhao","Xin Zhao","E","Audacious Charge","Audacious Charge","XinZhaoE","主动","{{ abilityresourcename }}","否","魔法","控制 | 伤害 | 自我增益","减速"
"16.3.1","XinZhao","Xin Zhao","Xin Zhao","R","Crescent Guard","Crescent Guard","XinZhaoR","主动","{{ abilityresourcename }}","否","物理","伤害 | 治疗/回复","无"
"16.3.1","Yasuo","Yasuo","Yasuo","P","Way of the Wanderer","Way of the Wanderer","Yasuo_Passive.png","被动","无","否","无/未标注","护盾 | 伤害","无"
"16.3.1","Yasuo","Yasuo","Yasuo","Q","Steel Tempest","Steel Tempest","YasuoQ1Wrapper","主动","No Cost","否","物理","控制 | 伤害 | 位移 | 自我增益","击飞 | 腾空"
"16.3.1","Yasuo","Yasuo","Yasuo","W","Wind Wall","Wind Wall","YasuoW","主动","No Cost","否","无/未标注","召唤/部署","无"
"16.3.1","Yasuo","Yasuo","Yasuo","E","Sweeping Blade","Sweeping Blade","YasuoE","主动","No Cost","否","魔法","伤害 | 位移","无"
"16.3.1","Yasuo","Yasuo","Yasuo","R","Last Breath","Last Breath","YasuoR","主动","No Cost","否","物理","控制 | 伤害 | 位移 | 自我增益","击飞 | 腾空"
"16.3.1","Yone","Yone","Yone","P","Way of the Hunter","Way of the Hunter","YonePassive.png","被动","无","否","魔法","伤害","无"
"16.3.1","Yone","Yone","Yone","Q","Mortal Steel","Mortal Steel","YoneQ","主动","No Cost","否","物理","控制 | 伤害 | 位移","击飞 | 腾空"
"16.3.1","Yone","Yone","Yone","W","Spirit Cleave","Spirit Cleave","YoneW","主动","No Cost","否","混合(物理+魔法)","护盾 | 伤害 | 治疗/回复 | 自我增益","无"
"16.3.1","Yone","Yone","Yone","E","Soul Unbound","Soul Unbound","YoneE","主动","No Cost","否","无/未标注","二段/形态切换 | 伤害","无"
"16.3.1","Yone","Yone","Yone","R","Fate Sealed","Fate Sealed","YoneR","主动","No Cost","否","混合(物理+魔法)","伤害 | 位移","无"
"16.3.1","Yorick","Yorick","Yorick","P","Shepherd of Souls","Shepherd of Souls","Yorick_P.png","被动","无","否","无/未标注","召唤/部署","无"
"16.3.1","Yorick","Yorick","Yorick","Q","Last Rites","Last Rites","YorickQ","主动","{{ abilityresourcename }}","否","物理","敌方减益 | 二段/形态切换 | 伤害 | 斩杀/缺失生命值联动 | 召唤/部署 | 治疗/回复 | 自我增益","无"
"16.3.1","Yorick","Yorick","Yorick","W","Dark Procession","Dark Procession","YorickW","主动","{{ abilityresourcename }}","否","无/未标注","召唤/部署 | 治疗/回复","无"
"16.3.1","Yorick","Yorick","Yorick","E","Mourning Mist","Mourning Mist","YorickE","主动","{{ abilityresourcename }}","否","魔法","敌方减益 | 控制 | 伤害 | 位移 | 召唤/部署 | 治疗/回复","减速"
"16.3.1","Yorick","Yorick","Yorick","R","Eulogy of the Isles","Eulogy of the Isles","YorickR","主动","{{ abilityresourcename }}","否","魔法","二段/形态切换 | 复活/免死相关 | 伤害 | 召唤/部署 | 治疗/回复 | 自我增益","无"
"16.3.1","Yunara","Yunara","Yunara","P","Vow of the First Lands","Vow of the First Lands","Yunara_Passive.Yunara.png","被动","无","否","魔法","伤害","无"
"16.3.1","Yunara","Yunara","Yunara","Q","Cultivation of Spirit","Cultivation of Spirit","YunaraQ","主动","Mana","否","混合(物理+魔法)","伤害 | 自我增益","无"
"16.3.1","Yunara","Yunara","Yunara","W","Arc of Judgment | Arc of Ruin","Arc of Judgment | Arc of Ruin","YunaraW","主动","Mana","否","魔法","控制 | 伤害","减速"
"16.3.1","Yunara","Yunara","Yunara","E","Kanmei's Steps | Untouchable Shadow","Kanmei's Steps | Untouchable Shadow","YunaraE","主动","Mana","否","无/未标注","位移 | 自我增益","无"
"16.3.1","Yunara","Yunara","Yunara","R","Transcend One's Self","Transcend One's Self","YunaraR","主动","{{ abilityresourcename }}","否","无/未标注","无","无"
"16.3.1","Yuumi","Yuumi","Yuumi","P","Feline Friendship","Feline Friendship","YuumiP2.png","被动","无","否","无/未标注","伤害 | 治疗/回复","无"
"16.3.1","Yuumi","Yuumi","Yuumi","Q","Prowling Projectile","Prowling Projectile","YuumiQ","主动","{{ abilityresourcename }}","否","魔法","控制 | 伤害 | 召唤/部署","减速"
"16.3.1","Yuumi","Yuumi","Yuumi","W","You and Me!","You and Me!","YuumiW","主动","No Cost","否","无/未标注","不可选取/无敌/霸体 | 护盾 | 位移 | 召唤/部署 | 治疗/回复 | 自我增益","无"
"16.3.1","Yuumi","Yuumi","Yuumi","E","Zoomies","Zoomies","YuumiE","主动","{{ abilityresourcename }}","否","无/未标注","护盾 | 伤害 | 资源交互 | 自我增益","无"
"16.3.1","Yuumi","Yuumi","Yuumi","R","Final Chapter","Final Chapter","YuumiR","主动","{{ abilityresourcename }}","否","魔法","护盾 | 控制 | 伤害 | 治疗/回复","减速"
"16.3.1","Zaahen","Zaahen","Zaahen","P","Cultivation of War","Cultivation of War","ZaahenP.Zaahen.png","被动","无","否","无/未标注","复活/免死相关 | 伤害 | 自我增益","无"
"16.3.1","Zaahen","Zaahen","Zaahen","Q","The Darkin Glaive","The Darkin Glaive","ZaahenQ","主动","{{ abilityresourcename }}","否","物理","二段/形态切换 | 控制 | 伤害 | 治疗/回复","击飞"
"16.3.1","Zaahen","Zaahen","Zaahen","W","Dreaded Return","Dreaded Return","ZaahenW","主动","{{ abilityresourcename }}","否","物理","伤害","无"
"16.3.1","Zaahen","Zaahen","Zaahen","E","Aureate Rush","Aureate Rush","ZaahenE","主动","{{ abilityresourcename }}","否","混合(物理+魔法)","伤害 | 位移 | 治疗/回复","无"
"16.3.1","Zaahen","Zaahen","Zaahen","R","Grim Deliverance","Grim Deliverance","ZaahenR","主动","{{ abilityresourcename }}","否","物理","伤害 | 位移 | 治疗/回复 | 自我增益","无"
"16.3.1","Zac","Zac","Zac","P","Cell Division","Cell Division","ZacPassive.png","被动","无","否","无/未标注","二段/形态切换 | 复活/免死相关 | 伤害 | 治疗/回复","无"
"16.3.1","Zac","Zac","Zac","Q","Stretching Strikes","Stretching Strikes","ZacQ","主动","% of current Health ({{ healthcosttooltip }})","否","魔法","控制 | 伤害 | 自我增益","减速"
"16.3.1","Zac","Zac","Zac","W","Unstable Matter","Unstable Matter","ZacW","主动","% of current Health ({{ tooltiphealthcost }})","否","魔法","敌方减益 | 伤害 | 治疗/回复","无"
"16.3.1","Zac","Zac","Zac","E","Elastic Slingshot","Elastic Slingshot","ZacE","主动","% of current Health ({{ healthcosttooltip }})","否","魔法","伤害 | 位移 | 召唤/部署","无"
"16.3.1","Zac","Zac","Zac","R","Let's Bounce!","Let's Bounce!","ZacR","主动","No Cost","否","魔法","控制 | 伤害 | 自我增益","减速"
"16.3.1","Zed","Zed","Zed","P","Contempt for the Weak","Contempt for the Weak","ZedP.png","被动","无","否","魔法","伤害 | 治疗/回复 | 自我增益","无"
"16.3.1","Zed","Zed","Zed","Q","Razor Shuriken","Razor Shuriken","ZedQ","主动","{{ abilityresourcename }}","否","物理","伤害","无"
"16.3.1","Zed","Zed","Zed","W","Living Shadow","Living Shadow","ZedW","主动","{{ abilityresourcename }}","否","无/未标注","二段/形态切换 | 伤害 | 位移 | 资源交互 | 自我增益","无"
"16.3.1","Zed","Zed","Zed","E","Shadow Slash","Shadow Slash","ZedE","主动","{{ abilityresourcename }}","否","物理","敌方减益 | 控制 | 伤害","减速"
"16.3.1","Zed","Zed","Zed","R","Death Mark","Death Mark","ZedR","主动","No Cost","否","物理","不可选取/无敌/霸体 | 二段/形态切换 | 伤害 | 位移","无"
"16.3.1","Zeri","Zeri","Zeri","P","Living Battery","Living Battery","ZeriP.png","被动","无","否","魔法","伤害 | 资源交互","无"
"16.3.1","Zeri","Zeri","Zeri","Q","Burst Fire","Burst Fire","ZeriQ","主动","No Cost","否","物理","伤害","无"
"16.3.1","Zeri","Zeri","Zeri","W","Ultrashock Laser","Ultrashock Laser","ZeriW","主动","{{ abilityresourcename }}","否","物理","控制 | 伤害","减速"
"16.3.1","Zeri","Zeri","Zeri","E","Spark Surge","Spark Surge","ZeriE","主动","{{ abilityresourcename }}","否","魔法","敌方减益 | 二段/形态切换 | 伤害 | 位移","无"
"16.3.1","Zeri","Zeri","Zeri","R","Lightning Crash","Lightning Crash","ZeriR","主动","{{ abilityresourcename }}","否","混合(物理+魔法)","伤害 | 自我增益","无"
"16.3.1","Ziggs","Ziggs","Ziggs","P","Short Fuse","Short Fuse","ZiggsPassiveReady.png","被动","无","否","魔法","敌方减益 | 伤害","无"
"16.3.1","Ziggs","Ziggs","Ziggs","Q","Bouncing Bomb","Bouncing Bomb","ZiggsQ","主动","{{ abilityresourcename }}","否","魔法","伤害","无"
"16.3.1","Ziggs","Ziggs","Ziggs","W","Satchel Charge","Satchel Charge","ZiggsW","主动","{{ abilityresourcename }}","否","魔法","敌方减益 | 二段/形态切换 | 伤害 | 斩杀/缺失生命值联动 | 召唤/部署 | 治疗/回复","无"
"16.3.1","Ziggs","Ziggs","Ziggs","E","Hexplosive Minefield","Hexplosive Minefield","ZiggsE","主动","{{ abilityresourcename }}","否","魔法","敌方减益 | 控制 | 伤害","减速"
"16.3.1","Ziggs","Ziggs","Ziggs","R","Mega Inferno Bomb","Mega Inferno Bomb","ZiggsR","主动","{{ abilityresourcename }}","否","魔法","二段/形态切换 | 伤害","无"
"16.3.1","Zilean","Zilean","Zilean","P","Time In A Bottle","Time In A Bottle","Zilean_Passive.png","被动","无","否","无/未标注","无","无"
"16.3.1","Zilean","Zilean","Zilean","Q","Time Bomb","Time Bomb","ZileanQ","主动","{{ abilityresourcename }}","否","魔法","控制 | 伤害","眩晕"
"16.3.1","Zilean","Zilean","Zilean","W","Rewind","Rewind","ZileanW","主动","Mana","否","无/未标注","无","无"
"16.3.1","Zilean","Zilean","Zilean","E","Time Warp","Time Warp","TimeWarp","主动","{{ abilityresourcename }}","否","无/未标注","控制","减速"
"16.3.1","Zilean","Zilean","Zilean","R","Chronoshift","Chronoshift","ChronoShift","主动","{{ abilityresourcename }}","否","无/未标注","不可选取/无敌/霸体 | 伤害 | 位移 | 治疗/回复","无"
"16.3.1","Zoe","Zoe","Zoe","P","More Sparkles!","More Sparkles!","Zoe_P.png","被动","无","否","魔法","伤害","无"
"16.3.1","Zoe","Zoe","Zoe","Q","Paddle Star!","Paddle Star!","ZoeQ","主动","{{ abilityresourcename }}","否","魔法","二段/形态切换 | 伤害","无"
"16.3.1","Zoe","Zoe","Zoe","W","Spell Thief","Spell Thief","ZoeW","主动","No Cost","否","魔法","伤害 | 召唤/部署 | 自我增益","无"
"16.3.1","Zoe","Zoe","Zoe","E","Sleepy Trouble Bubble","Sleepy Trouble Bubble","ZoeE","主动","{{ abilityresourcename }}","否","混合(魔法+真实)","敌方减益 | 控制 | 伤害 | 召唤/部署","睡眠"
"16.3.1","Zoe","Zoe","Zoe","R","Portal Jump","Portal Jump","ZoeR","主动","{{ abilityresourcename }}","否","无/未标注","位移","无"
"16.3.1","Zyra","Zyra","Zyra","P","Garden of Thorns","Garden of Thorns","ZyraP.png","被动","无","否","无/未标注","控制 | 召唤/部署","禁锢"
"16.3.1","Zyra","Zyra","Zyra","Q","Deadly Spines","Deadly Spines","ZyraQ","主动","{{ abilityresourcename }}","否","魔法","伤害","无"
"16.3.1","Zyra","Zyra","Zyra","W","Rampant Growth","Rampant Growth","ZyraW","主动","1 Seed","是","无/未标注","充能技能 | 敌方减益 | 控制","禁锢"
"16.3.1","Zyra","Zyra","Zyra","E","Grasping Roots","Grasping Roots","ZyraE","主动","{{ abilityresourcename }}","否","魔法","敌方减益 | 控制 | 伤害","减速 | 禁锢"
"16.3.1","Zyra","Zyra","Zyra","R","Stranglethorns","Stranglethorns","ZyraR","主动","{{ abilityresourcename }}","否","魔法","控制 | 伤害 | 召唤/部署 | 治疗/回复 | 资源交互","击飞 | 腾空"
