"version","championKey","championNameZh","championNameEn","slot","skillNameZh","skillNameEn","skillId","skillType","resourceType","hasAmmo","damageType","effectTags","controlTags"
"16.3.1","Aatrox","æè£åé­","Aatrox","P","èµæ­»åæ°","Deathbringer Stance","Aatrox_Passive.png","被动","无","否","魔","二段/形态切换 | 复活/免死相关 | 伤害 | 治疗/回复","无"
"16.3.1","Aatrox","æè£åé­","Aatrox","Q","æè£å©å","The Darkin Blade","AatroxQ","主动","No Cost","是","物","充能技能 | 二段/形态切换 | 控制 | 伤害","击飞"
"16.3.1","Aatrox","æè£åé­","Aatrox","W","æ¶ç«æé¾","Infernal Chains","AatroxW","主动","No Cost","是","物","充能技能 | 控制 | 伤害","减速"
"16.3.1","Aatrox","æè£åé­","Aatrox","E","æå½±å²å³","Umbral Dash","AatroxE","主动","No Cost","是","无/未标注","充能技能 | 伤害 | 位移 | 治疗/回复","无"
"16.3.1","Aatrox","æè£åé­","Aatrox","R","å¤§ç­","World Ender","AatroxR","主动","No Cost","是","无/未标注","充能技能 | 控制 | 伤害 | 治疗/回复 | 自我增益","恐惧"
"16.3.1","Ahri","ä¹å°¾å¦ç","Ahri","P","æé­å¤ºé­","Essence Theft","Ahri_SoulEater2.png","被动","无","否","无/未标注","治疗/回复","无"
"16.3.1","Ahri","ä¹å°¾å¦ç","Ahri","Q","æ¬ºè¯å®ç ","Orb of Deception","AhriQ","主动","{{ abilityresourcename }}","是","混合(魔法+真实)","充能技能 | 伤害","无"
"16.3.1","Ahri","ä¹å°¾å¦ç","Ahri","W","å¦å¼çç«","Fox-Fire","AhriW","主动","{{ abilityresourcename }}","是","魔","充能技能 | 敌方减益 | 伤害 | 自我增益","无"
"16.3.1","Ahri","ä¹å°¾å¦ç","Ahri","E","é­æå¦æ¯","Charm","AhriE","主动","{{ abilityresourcename }}","是","魔","充能技能 | 控制 | 伤害","魅惑"
"16.3.1","Ahri","ä¹å°¾å¦ç","Ahri","R","çµé­çªè¢­","Spirit Rush","AhriR","主动","{{ abilityresourcename }}","是","魔","充能技能 | 二段/形态切换 | 伤害 | 位移 | 自我增益","无"
"16.3.1","Akali","ç¦»ç¾¤ä¹åº","Akali","P","ææµå¿æ³ï¼æ½é¾å°","Assassin's Mark","Akali_P.png","被动","无","否","无/未标注","伤害 | 召唤/部署 | 资源交互 | 自我增益","无"
"16.3.1","Akali","ç¦»ç¾¤ä¹åº","Akali","Q","ææµå¥¥ä¹ï¼å¯å½±","Five Point Strike","AkaliQ","主动","{{ abilityresourcename }}","是","魔","充能技能 | 控制 | 伤害","减速"
"16.3.1","Akali","ç¦»ç¾¤ä¹åº","Akali","W","ææµå¥¥ä¹ï¼ééµ","Twilight Shroud","AkaliW","主动","Energy","是","无/未标注","充能技能 | 隐身/伪装 | 资源交互 | 自我增益","无"
"16.3.1","Akali","ç¦»ç¾¤ä¹åº","Akali","E","ææµå¥¥ä¹ï¼é¼è","Shuriken Flip","AkaliE","主动","{{ abilityresourcename }}","是","魔","充能技能 | 二段/形态切换 | 伤害 | 位移","无"
"16.3.1","Akali","ç¦»ç¾¤ä¹åº","Akali","R","ææµç§å¥¥ä¹ï¼è¡¨éæç¼­ä¹±","Perfect Execution","AkaliR","主动","No Cost","是","魔","充能技能 | 二段/形态切换 | 伤害 | 位移 | 斩杀/缺失生命值联动 | 治疗/回复","无"
"16.3.1","Akshan","å½±å¨","Akshan","P","æ æä¸ç¨","Dirty Fighting","akshan_p.png","被动","无","否","无/未标注","敌方减益 | 护盾 | 伤害 | 自我增益","无"
"16.3.1","Akshan","å½±å¨","Akshan","Q","å»èå¤è¿","Avengerang","AkshanQ","主动","{{ abilityresourcename }}","是","物","充能技能 | 伤害","无"
"16.3.1","Akshan","å½±å¨","Akshan","W","èµ´é©å¤ºäºº","Going Rogue","AkshanW","主动","{{ abilityresourcename }}","是","无/未标注","充能技能 | 复活/免死相关 | 隐身/伪装 | 资源交互 | 自我增益","无"
"16.3.1","Akshan","å½±å¨","Akshan","E","éªè¡è¡å¯","Heroic Swing","AkshanE","主动","{{ abilityresourcename }}","是","物","充能技能 | 二段/形态切换 | 伤害 | 位移","无"
"16.3.1","Akshan","å½±å¨","Akshan","R","æ©æ¨ç¸æµ","Comeuppance","AkshanR","主动","{{ abilityresourcename }}","是","物","充能技能 | 二段/形态切换 | 伤害 | 斩杀/缺失生命值联动 | 治疗/回复","无"
"16.3.1","Alistar","çå¤´éé¿","Alistar","P","å¯ææå¼","Triumphant Roar","Alistar_E.png","被动","无","否","无/未标注","控制 | 治疗/回复","眩晕"
"16.3.1","Alistar","çå¤´éé¿","Alistar","Q","å¤§å°ç²ç¢","Pulverize","Pulverize","主动","{{ abilityresourcename }}","是","魔","充能技能 | 伤害","无"
"16.3.1","Alistar","çå¤´éé¿","Alistar","W","éè®å²æ","Headbutt","Headbutt","主动","{{ abilityresourcename }}","是","魔","充能技能 | 伤害","无"
"16.3.1","Alistar","çå¤´éé¿","Alistar","E","è·µè¸","Trample","AlistarE","主动","{{ abilityresourcename }}","是","魔","充能技能 | 控制 | 伤害 | 自我增益","眩晕"
"16.3.1","Alistar","çå¤´éé¿","Alistar","R","åå®æå¿","Unbreakable Will","FerociousHowl","主动","{{ abilityresourcename }}","是","无/未标注","充能技能 | 敌方减益 | 伤害","无"
"16.3.1","Ambessa","éè¡ç¼æ¯","Ambessa","P","é¾ç¬è¯¡æ­¥","Drakehound's Step","Icon_Ambessa_Passive.Domina.png","被动","无","否","无/未标注","二段/形态切换 | 伤害 | 位移 | 资源交互 | 自我增益","无"
"16.3.1","Ambessa","éè¡ç¼æ¯","Ambessa","Q","æè¢­ / è£æ©","Cunning Sweep / Sundering Slam","AmbessaQ","主动","{{ abilityresourcename }}","是","物","充能技能 | 二段/形态切换 | 伤害 | 治疗/回复 | 自我增益","无"
"16.3.1","Ambessa","éè¡ç¼æ¯","Ambessa","W","éä»¤","Repudiation","AmbessaW","主动","{{ abilityresourcename }}","是","物","充能技能 | 护盾 | 伤害 | 自我增益","无"
"16.3.1","Ambessa","éè¡ç¼æ¯","Ambessa","E","è¡æ®","Lacerate","AmbessaE","主动","{{ abilityresourcename }}","是","物","充能技能 | 控制 | 伤害 | 位移","减速"
"16.3.1","Ambessa","éè¡ç¼æ¯","Ambessa","R","å¬å¼å¤å","Public Execution","AmbessaR","主动","No cost","是","物","不可选取/无敌/霸体 | 充能技能 | 控制 | 伤害 | 位移 | 治疗/回复 | 自我增益","眩晕 | 压制"
"16.3.1","Amumu","æ®ä¹æ¨ä¹ä¼","Amumu","P","è¯åä¹è§¦","Cursed Touch","Amumu_Passive.png","被动","无","否","混合(魔法+真实)","伤害","无"
"16.3.1","Amumu","æ®ä¹æ¨ä¹ä¼","Amumu","Q","ç»·å¸¦çµå¼","Bandage Toss","BandageToss","主动","{{ abilityresourcename }}","是","魔","充能技能 | 控制 | 伤害","眩晕"
"16.3.1","Amumu","æ®ä¹æ¨ä¹ä¼","Amumu","W","ç»æåç¯","Despair","AuraofDespair","主动","{{ abilityresourcename }} per Second","是","魔","充能技能 | 伤害 | 治疗/回复","无"
"16.3.1","Amumu","æ®ä¹æ¨ä¹ä¼","Amumu","E","é¿æ¨æ¨çæ¤æ","Tantrum","Tantrum","主动","{{ abilityresourcename }}","是","混合(物理+魔法)","充能技能 | 敌方减益 | 伤害 | 资源交互","无"
"16.3.1","Amumu","æ®ä¹æ¨ä¹ä¼","Amumu","R","æ¨ä¹ä¼ä¹å","Curse of the Sad Mummy","CurseoftheSadMummy","主动","{{ abilityresourcename }}","是","魔","充能技能 | 控制 | 伤害","眩晕"
"16.3.1","Anivia","å°æ¶å¤å°","Anivia","P","å¯éæ¶æ§","Rebirth","Anivia_P.png","被动","无","否","无/未标注","复活/免死相关 | 伤害 | 治疗/回复","无"
"16.3.1","Anivia","å°æ¶å¤å°","Anivia","Q","å¯å°éªè","Flash Frost","FlashFrost","主动","{{ abilityresourcename }}","是","魔","充能技能 | 二段/形态切换 | 控制 | 伤害 | 召唤/部署","减速 | 眩晕"
"16.3.1","Anivia","å°æ¶å¤å°","Anivia","W","å¯å°å±é","Crystallize","Crystallize","主动","{{ abilityresourcename }}","是","无/未标注","充能技能 | 召唤/部署","无"
"16.3.1","Anivia","å°æ¶å¤å°","Anivia","E","éå¯åºéª¨","Frostbite","Frostbite","主动","{{ abilityresourcename }}","是","魔","充能技能 | 伤害 | 自我增益","无"
"16.3.1","Anivia","å°æ¶å¤å°","Anivia","R","å°å·é£æ´","Glacial Storm","GlacialStorm","主动","+ {{ manacostpersecond }} Mana per second","是","魔","充能技能 | 控制 | 伤害 | 召唤/部署","减速"
"16.3.1","Annie","é»æä¹å¥³","Annie","P","åç«","Pyromania","Annie_Passive.png","被动","无","否","无/未标注","控制 | 召唤/部署","眩晕"
"16.3.1","Annie","é»æä¹å¥³","Annie","Q","ç¢è£ä¹ç«","Disintegrate","AnnieQ","主动","{{ abilityresourcename }}","是","魔","充能技能 | 敌方减益 | 伤害 | 资源交互","无"
"16.3.1","Annie","é»æä¹å¥³","Annie","W","çç§","Incinerate","AnnieW","主动","{{ abilityresourcename }}","是","魔","充能技能 | 伤害","无"
"16.3.1","Annie","é»æä¹å¥³","Annie","E","çå²©æ¤ç¾","Molten Shield","AnnieE","主动","{{ abilityresourcename }}","是","魔","充能技能 | 护盾 | 伤害 | 召唤/部署 | 自我增益","无"
"16.3.1","Annie","é»æä¹å¥³","Annie","R","æä¼¯æ¯ä¹æ","Summon: Tibbers","AnnieR","主动","{{ abilityresourcename }}","是","魔","充能技能 | 二段/形态切换 | 控制 | 伤害 | 召唤/部署 | 资源交互 | 自我增益","眩晕"
"16.3.1","Aphelios","æ®æä¹è","Aphelios","P","ä¼ ç¥èä¸çç¥è","The Hitman and the Seer","ApheliosP.png","被动","无","否","无/未标注","召唤/部署","无"
"16.3.1","Aphelios","æ®æä¹è","Aphelios","Q","æ­¦å¨æè½","Weapon Abilites","ApheliosQ_ClientTooltipWrapper","主动","{{ abilityresourcename }}","是","无/未标注","充能技能 | 控制 | 伤害","减速 | 禁锢"
"16.3.1","Aphelios","æ®æä¹è","Aphelios","W","æç¸è½®è½¬","Phase","ApheliosW","主动","No Cost","是","无/未标注","充能技能","无"
"16.3.1","Aphelios","æ®æä¹è","Aphelios","E","æ­¦å¨éåç³»ç»","Weapon Queue System","ApheliosE_ClientTooltipWrapper","主动","{{ abilityresourcename }}","是","无/未标注","充能技能","无"
"16.3.1","Aphelios","æ®æä¹è","Aphelios","R","æ¸è¾å¤å","Moonlight Vigil","ApheliosR","主动","{{ abilityresourcename }}","是","物","充能技能 | 伤害","无"
"16.3.1","Ashe","å¯å°å°æ","Ashe","P","å°éå°å»","Frost Shot","Ashe_P.png","被动","无","否","无/未标注","控制 | 伤害 | 自我增益","减速"
"16.3.1","Ashe","å¯å°å°æ","Ashe","Q","å°æçä¸æ³¨","Ranger's Focus","AsheQ","主动","{{ abilityresourcename }}","是","无/未标注","充能技能 | 二段/形态切换 | 伤害 | 自我增益","无"
"16.3.1","Ashe","å¯å°å°æ","Ashe","W","ä¸ç®­é½å","Volley","Volley","主动","{{ abilityresourcename }}","是","物","充能技能 | 伤害","无"
"16.3.1","Ashe","å¯å°å°æ","Ashe","E","é¹°å»é¿ç©º","Hawkshot","AsheSpiritOfTheHawk","主动","No Cost","是","无/未标注","充能技能 | 伤害","无"
"16.3.1","Ashe","å¯å°å°æ","Ashe","R","é­æ³æ°´æ¶ç®­","Enchanted Crystal Arrow","EnchantedCrystalArrow","主动","{{ abilityresourcename }}","是","魔","充能技能 | 二段/形态切换 | 控制 | 伤害","减速 | 眩晕"
"16.3.1","AurelionSol","é¸æé¾ç","Aurelion Sol","P","ææµ·çç¶","Cosmic Creator","AurelionSolP.png","被动","无","否","无/未标注","无","无"
"16.3.1","AurelionSol","é¸æé¾ç","Aurelion Sol","Q","ææ²³å²è¡","Breath of Light","AurelionSolQ","主动","Mana per second","是","魔","充能技能 | 敌方减益 | 伤害 | 治疗/回复","无"
"16.3.1","AurelionSol","é¸æé¾ç","Aurelion Sol","W","æç©¹æµä¸½","Astral Flight","AurelionSolW","主动","{{ abilityresourcename }}","是","无/未标注","充能技能 | 敌方减益 | 二段/形态切换 | 伤害","无"
"16.3.1","AurelionSol","é¸æé¾ç","Aurelion Sol","E","æèåæ±","Singularity","AurelionSolE","主动","{{ abilityresourcename }}","是","魔","充能技能 | 控制 | 伤害 | 斩杀/缺失生命值联动 | 召唤/部署 | 治疗/回复","减速"
"16.3.1","AurelionSol","é¸æé¾ç","Aurelion Sol","R","æå¤©è½ç","Falling Star / The Skies Descend","AurelionSolR","主动","{{ abilityresourcename }}","是","魔","充能技能 | 二段/形态切换 | 控制 | 伤害 | 资源交互","减速 | 眩晕"
"16.3.1","Aurora","åççµå","Aurora","P","é©±çµå¥æ¯","Spirit Abjuration","AuroraPassive.Aurora.png","被动","无","否","无/未标注","伤害 | 治疗/回复","无"
"16.3.1","Aurora","åççµå","Aurora","Q","é£å»æ¥å","Twofold Hex","AuroraQ","主动","{{ abilityresourcename }}","是","魔","充能技能 | 敌方减益 | 二段/形态切换 | 伤害 | 斩杀/缺失生命值联动 | 治疗/回复 | 资源交互","无"
"16.3.1","Aurora","åççµå","Aurora","W","çµçº±æ´å¼","Across the Veil","AuroraW","主动","{{ abilityresourcename }}","是","无/未标注","充能技能 | 位移 | 隐身/伪装","无"
"16.3.1","Aurora","åççµå","Aurora","E","æªå¥å·æ¶","The Weirding","AuroraE","主动","{{ abilityresourcename }}","是","魔","充能技能 | 二段/形态切换 | 控制 | 伤害","减速"
"16.3.1","Aurora","åççµå","Aurora","R","åçåä¸","Between Worlds","AuroraR","主动","{{ abilityresourcename }}","是","魔","充能技能 | 二段/形态切换 | 控制 | 伤害 | 位移 | 召唤/部署 | 资源交互","减速"
"16.3.1","Azir","æ²æ¼ çå¸","Azir","P","æçççä¼ æ¿","Shurima's Legacy","Azir_Passive.png","被动","无","否","无/未标注","召唤/部署","无"
"16.3.1","Azir","æ²æ¼ çå¸","Azir","Q","çæ²çæ»","Conquering Sands","AzirQWrapper","主动","{{ abilityresourcename }}","是","魔","充能技能 | 控制 | 伤害 | 召唤/部署","减速"
"16.3.1","Azir","æ²æ¼ çå¸","Azir","W","æ²åµç°èº«","Arise!","AzirW","主动","{{ abilityresourcename }}","是","魔","充能技能 | 伤害 | 召唤/部署 | 自我增益","无"
"16.3.1","Azir","æ²æ¼ çå¸","Azir","E","æµæ²ç§»å½¢","Shifting Sands","AzirEWrapper","主动","{{ abilityresourcename }}","是","魔","充能技能 | 护盾 | 伤害 | 位移 | 召唤/部署 | 自我增益","无"
"16.3.1","Azir","æ²æ¼ çå¸","Azir","R","ç¦åä¹å¢","Emperor's Divide","AzirR","主动","{{ abilityresourcename }}","是","魔","充能技能 | 伤害 | 召唤/部署","无"
"16.3.1","Bard","æçæ¸¸ç¥","Bard","P","æèçå¬å¤","Traveler's Call","Bard_Passive.png","被动","无","否","魔","控制 | 伤害 | 资源交互","减速"
"16.3.1","Bard","æçæ¸¸ç¥","Bard","Q","æçæç¼","Cosmic Binding","BardQ","主动","{{ abilityresourcename }}","是","魔","充能技能 | 控制 | 伤害 | 资源交互","减速 | 眩晕"
"16.3.1","Bard","æçæ¸¸ç¥","Bard","W","æ¸¸ç¥å£å","Caretaker's Shrine","BardW","主动","{{ abilityresourcename }}","是","无/未标注","充能技能 | 召唤/部署 | 治疗/回复","无"
"16.3.1","Bard","æçæ¸¸ç¥","Bard","E","ç¥å¥æç¨","Magical Journey","BardE","主动","{{ abilityresourcename }}","是","无/未标注","充能技能","无"
"16.3.1","Bard","æçæ¸¸ç¥","Bard","R","è°åå½è¿","Tempered Fate","BardR","主动","{{ abilityresourcename }}","是","无/未标注","不可选取/无敌/霸体 | 充能技能 | 召唤/部署 | 资源交互","无"
"16.3.1","Belveth","èç©ºå¥³ç","Bel'Veth","P","æº¶çåç´« ","Death in Lavender ","Belveth_Passive.png","被动","无","否","无/未标注","复活/免死相关 | 自我增益","无"
"16.3.1","Belveth","èç©ºå¥³ç","Bel'Veth","Q","èç©ºæ¿æµ","Void Surge","BelvethQ","主动","No Cost","是","物","充能技能 | 伤害 | 位移 | 自我增益","无"
"16.3.1","Belveth","èç©ºå¥³ç","Bel'Veth","W","ä¸è§æ²æ¸","Above and Below","BelvethW","主动","No Cost","是","魔","充能技能 | 控制 | 伤害","减速"
"16.3.1","Belveth","èç©ºå¥³ç","Bel'Veth","E","æ é¢çé","Royal Maelstrom","BelvethE","主动","No Cost","是","物","充能技能 | 二段/形态切换 | 控制 | 伤害 | 斩杀/缺失生命值联动 | 治疗/回复 | 自我增益","禁锢"
"16.3.1","Belveth","èç©ºå¥³ç","Bel'Veth","R","ä¸è½½è±ªç­µ","Endless Banquet","BelvethR","主动","No Cost","是","真","充能技能 | 二段/形态切换 | 控制 | 伤害 | 召唤/部署 | 治疗/回复 | 自我增益","减速"
"16.3.1","Blitzcrank","è¸æ±½æºå¨äºº","Blitzcrank","P","æ³åå±é","Mana Barrier","Blitzcrank_ManaBarrier.png","被动","无","否","无/未标注","护盾 | 治疗/回复 | 资源交互 | 自我增益","无"
"16.3.1","Blitzcrank","è¸æ±½æºå¨äºº","Blitzcrank","Q","æºæ¢°é£çª","Rocket Grab","RocketGrab","主动","{{ abilityresourcename }}","是","魔","充能技能 | 伤害","无"
"16.3.1","Blitzcrank","è¸æ±½æºå¨äºº","Blitzcrank","W","è¿è½½è¿è½¬","Overdrive","Overdrive","主动","{{ abilityresourcename }}","是","无/未标注","充能技能 | 控制 | 自我增益","减速"
"16.3.1","Blitzcrank","è¸æ±½æºå¨äºº","Blitzcrank","E","è½ééæ³","Power Fist","PowerFist","主动","{{ abilityresourcename }}","是","物","充能技能 | 控制 | 伤害","击飞"
"16.3.1","Blitzcrank","è¸æ±½æºå¨äºº","Blitzcrank","R","éçµååº","Static Field","StaticField","主动","{{ abilityresourcename }}","是","魔","充能技能 | 护盾 | 控制 | 伤害","沉默"
"16.3.1","Brand","å¤ä»ç°é­","Brand","P","ç½ç­ä¹ç°","Blaze","BrandP.png","被动","无","否","无/未标注","伤害 | 资源交互 | 自我增益","无"
"16.3.1","Brand","å¤ä»ç°é­","Brand","Q","ç«ç°çå°","Sear","BrandQ","主动","{{ abilityresourcename }}","是","魔","充能技能 | 控制 | 伤害","眩晕"
"16.3.1","Brand","å¤ä»ç°é­","Brand","W","çç°ä¹æ±","Pillar of Flame","BrandW","主动","{{ abilityresourcename }}","是","魔","充能技能 | 伤害 | 召唤/部署","无"
"16.3.1","Brand","å¤ä»ç°é­","Brand","E","çç«çç§","Conflagration","BrandE","主动","{{ abilityresourcename }}","是","魔","充能技能 | 伤害","无"
"16.3.1","Brand","å¤ä»ç°é­","Brand","R","çç°é£æ´","Pyroclasm","BrandR","主动","{{ abilityresourcename }}","是","魔","充能技能 | 控制 | 伤害","减速"
"16.3.1","Braum","å¼é·å°åå¾·ä¹å¿","Braum","P","éè¡çå»","Concussive Blows","Braum_Passive.png","被动","无","否","魔","控制 | 伤害","眩晕"
"16.3.1","Braum","å¼é·å°åå¾·ä¹å¿","Braum","Q","å¯å¬ä¹å¬","Winter's Bite","BraumQ","主动","{{ abilityresourcename }}","是","魔","充能技能 | 护盾 | 控制 | 伤害","减速"
"16.3.1","Braum","å¼é·å°åå¾·ä¹å¿","Braum","W","æºèº«èåº","Stand Behind Me","BraumW","主动","{{ abilityresourcename }}","是","无/未标注","充能技能 | 位移","无"
"16.3.1","Braum","å¼é·å°åå¾·ä¹å¿","Braum","E","åä¸å¯æ§","Unbreakable","BraumE","主动","{{ abilityresourcename }}","是","无/未标注","充能技能 | 敌方减益 | 护盾 | 伤害 | 自我增益","无"
"16.3.1","Braum","å¼é·å°åå¾·ä¹å¿","Braum","R","å°å·è£é","Glacial Fissure","BraumRWrapper","主动","{{ abilityresourcename }}","是","魔","充能技能 | 二段/形态切换 | 控制 | 伤害 | 召唤/部署","击飞 | 减速"
"16.3.1","Briar","çåè·è","Briar","P","ç©çº¢è¯å","Crimson Curse","BriarP.png","被动","无","否","无/未标注","伤害 | 斩杀/缺失生命值联动 | 召唤/部署 | 治疗/回复 | 自我增益","无"
"16.3.1","Briar","çåè·è","Briar","Q","å²å¤´","Head Rush","BriarQ","主动","% of current Health","是","物","充能技能 | 控制 | 伤害 | 位移","眩晕"
"16.3.1","Briar","çåè·è","Briar","W","è¡è½ / å¬å»","Blood Frenzy / Snack Attack","BriarW","主动","% of current Health","是","物","充能技能 | 二段/形态切换 | 控制 | 伤害 | 位移 | 斩杀/缺失生命值联动 | 治疗/回复 | 自我增益","嘲讽"
"16.3.1","Briar","çåè·è","Briar","E","æå¼","Chilling Scream","BriarE","主动","% of current Health","是","魔","充能技能 | 敌方减益 | 控制 | 伤害 | 治疗/回复 | 资源交互","减速 | 眩晕"
"16.3.1","Briar","çåè·è","Briar","R","æ¯é¤","Certain Death","BriarR","主动","% of current Health","是","魔","充能技能 | 二段/形态切换 | 复活/免死相关 | 控制 | 伤害 | 自我增益","恐惧"
"16.3.1","Caitlyn","ç®åå¥³è­¦","Caitlyn","P","çå¤´","Headshot","Caitlyn_Headshot.png","被动","无","否","无/未标注","伤害 | 召唤/部署 | 自我增益","无"
"16.3.1","Caitlyn","ç®åå¥³è­¦","Caitlyn","Q","åå¹³ä½¿è","Piltover Peacemaker","CaitlynQ","主动","{{ abilityresourcename }}","是","物","充能技能 | 伤害 | 召唤/部署","无"
"16.3.1","Caitlyn","ç®åå¥³è­¦","Caitlyn","W","çº¦å¾·å°è¯±æå¨","Yordle Snap Trap","CaitlynW","主动","{{ abilityresourcename }}","是","物","充能技能 | 控制 | 伤害 | 召唤/部署 | 自我增益","禁锢"
"16.3.1","Caitlyn","ç®åå¥³è­¦","Caitlyn","E","90å£å¾ç»³ç½","90 Caliber Net","CaitlynE","主动","{{ abilityresourcename }}","是","魔","充能技能 | 控制 | 伤害","减速"
"16.3.1","Caitlyn","ç®åå¥³è­¦","Caitlyn","R","è®©å­å¼¹é£","Ace in the Hole","CaitlynR","主动","{{ abilityresourcename }}","是","物","充能技能 | 伤害","无"
"16.3.1","Camille","éé¢å½±","Camille","P","éåºæ§é²å¾¡","Adaptive Defenses","Camille_Passive.png","被动","无","否","无/未标注","护盾 | 伤害 | 治疗/回复 | 自我增益","无"
"16.3.1","Camille","éé¢å½±","Camille","Q","ç²¾åç¤¼ä»ª","Precision Protocol","CamilleQ","主动","{{ abilityresourcename }}","是","混合(物理+真实)","充能技能 | 二段/形态切换 | 伤害","无"
"16.3.1","Camille","éé¢å½±","Camille","W","ææ¯æ¨ªæ«","Tactical Sweep","CamilleW","主动","{{ abilityresourcename }}","是","物","充能技能 | 控制 | 伤害 | 治疗/回复","减速"
"16.3.1","Camille","éé¢å½±","Camille","E","é©ç´¢","Hookshot","CamilleE","主动","{{ abilityresourcename }}","是","物","充能技能 | 二段/形态切换 | 控制 | 伤害 | 位移 | 自我增益","眩晕"
"16.3.1","Camille","éé¢å½±","Camille","R","æµ·åæ¯æåéç","The Hextech Ultimatum","CamilleR","主动","{{ abilityresourcename }}","是","魔","不可选取/无敌/霸体 | 充能技能 | 伤害 | 位移 | 召唤/部署 | 治疗/回复 | 自我增益","无"
"16.3.1","Cassiopeia","é­èä¹æ¥","Cassiopeia","P","ä¼éèè¡","Serpentine Grace","Cassiopeia_Passive.png","被动","无","否","无/未标注","无","无"
"16.3.1","Cassiopeia","é­èä¹æ¥","Cassiopeia","Q","çæ¯çç¸","Noxious Blast","CassiopeiaQ","主动","{{ abilityresourcename }}","是","魔","充能技能 | 伤害","无"
"16.3.1","Cassiopeia","é­èä¹æ¥","Cassiopeia","W","å§æ¯è¿·é¾","Miasma","CassiopeiaW","主动","{{ abilityresourcename }}","是","魔","充能技能 | 控制 | 伤害","缚地 | 减速"
"16.3.1","Cassiopeia","é­èä¹æ¥","Cassiopeia","E","åçæ¯ç","Twin Fang","CassiopeiaE","主动","{{ abilityresourcename }}","是","魔","充能技能 | 敌方减益 | 伤害 | 治疗/回复 | 资源交互 | 自我增益","无"
"16.3.1","Cassiopeia","é­èä¹æ¥","Cassiopeia","R","ç³ååè§","Petrifying Gaze","CassiopeiaR","主动","{{ abilityresourcename }}","是","魔","充能技能 | 控制 | 伤害 | 召唤/部署 | 资源交互","减速 | 眩晕"
"16.3.1","Chogath","èç©ºææ§","Cho'Gath","P","èé£è","Carnivore","GreenTerror_TailSpike.png","被动","无","否","无/未标注","治疗/回复 | 资源交互","无"
"16.3.1","Chogath","èç©ºææ§","Cho'Gath","Q","ç ´è£","Rupture","Rupture","主动","{{ abilityresourcename }}","是","魔","充能技能 | 控制 | 伤害","减速"
"16.3.1","Chogath","èç©ºææ§","Cho'Gath","W","éæ§å°å«","Feral Scream","FeralScream","主动","{{ abilityresourcename }}","是","魔","充能技能 | 伤害","无"
"16.3.1","Chogath","èç©ºææ§","Cho'Gath","E","ææ§ä¹åº","Vorpal Spikes","VorpalSpikes","主动","{{ abilityresourcename }}","是","魔","充能技能 | 控制 | 伤害 | 治疗/回复","减速"
"16.3.1","Chogath","èç©ºææ§","Cho'Gath","R","çå®´","Feast","Feast","主动","{{ abilityresourcename }}","是","真","充能技能 | 伤害 | 治疗/回复 | 自我增益","无"
"16.3.1","Corki","è±åæå¼¹æ","Corki","P","æµ·åæ¯ç§æåå¤","Hextech Munitions","Corki_RapidReload.png","被动","无","否","真","伤害","无"
"16.3.1","Corki","è±åæå¼¹æ","Corki","Q","ç£·åç¸å¼¹","Phosphorus Bomb","PhosphorusBomb","主动","{{ abilityresourcename }}","是","魔","充能技能 | 伤害","无"
"16.3.1","Corki","è±åæå¼¹æ","Corki","W","ç¦å°åºéä¿¯å²","Valkyrie","CarpetBomb","主动","{{ abilityresourcename }}","是","魔","充能技能 | 二段/形态切换 | 伤害","无"
"16.3.1","Corki","è±åæå¼¹æ","Corki","E","æ ¼ææºæª","Gatling Gun","GGun","主动","{{ abilityresourcename }}","是","物","充能技能 | 敌方减益 | 伤害","无"
"16.3.1","Corki","è±åæå¼¹æ","Corki","R","ç«ç®­è½°å»","Missile Barrage","MissileBarrage","主动","{{ abilityresourcename }}","是","物","充能技能 | 敌方减益 | 伤害 | 资源交互 | 自我增益","无"
"16.3.1","Darius","è¯ºåè¨æ¯ä¹æ","Darius","P","åºè¡","Hemorrhage","Darius_Icon_Hemorrhage.png","被动","无","否","物","伤害 | 资源交互 | 自我增益","无"
"16.3.1","Darius","è¯ºåè¨æ¯ä¹æ","Darius","Q","å¤§æåæ¹","Decimate","DariusCleave","主动","{{ abilityresourcename }}","是","物","充能技能 | 伤害 | 斩杀/缺失生命值联动 | 治疗/回复","无"
"16.3.1","Darius","è¯ºåè¨æ¯ä¹æ","Darius","W","è´æ®æå»","Crippling Strike","DariusNoxianTacticsONH","主动","{{ abilityresourcename }}","是","物","充能技能 | 敌方减益 | 控制 | 伤害 | 资源交互","减速"
"16.3.1","Darius","è¯ºåè¨æ¯ä¹æ","Darius","E","æ æéæ","Apprehend","DariusAxeGrabCone","主动","{{ abilityresourcename }}","是","物","充能技能 | 控制 | 伤害 | 自我增益","减速"
"16.3.1","Darius","è¯ºåè¨æ¯ä¹æ","Darius","R","è¯ºåè¨æ¯æ­å¤´å°","Noxian Guillotine","DariusExecute","主动","{{ abilityresourcename }}","是","真","充能技能 | 二段/形态切换 | 伤害 | 位移 | 资源交互","无"
"16.3.1","Diana","çæå¥³ç¥","Diana","P","æé¶ä¹å","Moonsilver Blade","Diana_Passive_LunarBlade.png","被动","无","否","魔","伤害 | 自我增益","无"
"16.3.1","Diana","çæå¥³ç¥","Diana","Q","æ°ææå»","Crescent Strike","DianaQ","主动","{{ abilityresourcename }}","是","魔","充能技能 | 伤害 | 隐身/伪装 | 资源交互","无"
"16.3.1","Diana","çæå¥³ç¥","Diana","W","èç½ä¹ç","Pale Cascade","DianaOrbs","主动","{{ abilityresourcename }}","是","魔","充能技能 | 护盾 | 伤害 | 自我增益","无"
"16.3.1","Diana","çæå¥³ç¥","Diana","E","æç¥å²åº","Lunar Rush","DianaTeleport","主动","{{ abilityresourcename }}","是","魔","充能技能 | 伤害 | 位移","无"
"16.3.1","Diana","çæå¥³ç¥","Diana","R","æä¹éä¸´","Moonfall","DianaR","主动","{{ abilityresourcename }}","是","魔","充能技能 | 控制 | 伤害","减速"
"16.3.1","Draven","è£èè¡åå®","Draven","P","å¾·è±æèç","League of Draven","Draven_passive.png","被动","无","否","无/未标注","自我增益","无"
"16.3.1","Draven","è£èè¡åå®","Draven","Q","æè½¬é£æ§","Spinning Axe","DravenSpinning","主动","{{ abilityresourcename }}","是","物","充能技能 | 伤害","无"
"16.3.1","Draven","è£èè¡åå®","Draven","W","è¡æ§å²åº","Blood Rush","DravenFury","主动","{{ abilityresourcename }}","是","无/未标注","充能技能 | 自我增益","无"
"16.3.1","Draven","è£èè¡åå®","Draven","E","å¼éå©æ§","Stand Aside","DravenDoubleShot","主动","{{ abilityresourcename }}","是","物","充能技能 | 控制 | 伤害","减速"
"16.3.1","Draven","è£èè¡åå®","Draven","R","å·è¡è¿½å½","Whirling Death","DravenRCast","主动","{{ abilityresourcename }}","是","物","充能技能 | 二段/形态切换 | 复活/免死相关 | 控制 | 伤害 | 斩杀/缺失生命值联动 | 治疗/回复","减速"
"16.3.1","DrMundo","ç¥å®çäºº","Dr. Mundo","P","æ³å»åªå°±å»åª","Goes Where He Pleases","DrMundo_P.png","被动","无","否","无/未标注","治疗/回复","无"
"16.3.1","DrMundo","ç¥å®çäºº","Dr. Mundo","Q","çæ¯å± å","Infected Bonesaw","DrMundoQ","主动","Health","是","魔","充能技能 | 控制 | 伤害 | 治疗/回复","减速"
"16.3.1","DrMundo","ç¥å®çäºº","Dr. Mundo","W","çµå»çæ³","Heart Zapper","DrMundoW","主动","% Current Health","是","魔","充能技能 | 二段/形态切换 | 伤害 | 治疗/回复","无"
"16.3.1","DrMundo","ç¥å®çäºº","Dr. Mundo","E","å¤§åè¡å»","Blunt Force Trauma","DrMundoE","主动","Health","是","物","充能技能 | 伤害 | 斩杀/缺失生命值联动 | 治疗/回复 | 自我增益","无"
"16.3.1","DrMundo","ç¥å®çäºº","Dr. Mundo","R","æéåé","Maximum Dosage","DrMundoR","主动","No Cost","是","无/未标注","充能技能 | 斩杀/缺失生命值联动 | 治疗/回复 | 自我增益","无"
"16.3.1","Ekko","æ¶é´åºå®¢","Ekko","P","Zåé©±å¨å±æ¯","Z-Drive Resonance","Ekko_P.png","被动","无","否","魔","伤害","无"
"16.3.1","Ekko","æ¶é´åºå®¢","Ekko","Q","æ¶é´å·æ²å¨","Timewinder","EkkoQ","主动","{{ abilityresourcename }}","是","魔","充能技能 | 控制 | 伤害","减速"
"16.3.1","Ekko","æ¶é´åºå®¢","Ekko","W","æ¶åäº¤é","Parallel Convergence","EkkoW","主动","{{ abilityresourcename }}","是","魔","充能技能 | 护盾 | 控制 | 伤害 | 斩杀/缺失生命值联动 | 治疗/回复 | 自我增益","减速 | 眩晕"
"16.3.1","Ekko","æ¶é´åºå®¢","Ekko","E","ç¸ä½ä¿¯å²","Phase Dive","EkkoE","主动","{{ abilityresourcename }}","是","魔","充能技能 | 伤害 | 位移 | 自我增益","无"
"16.3.1","Ekko","æ¶é´åºå®¢","Ekko","R","æ¶ç©ºæ­è£","Chronobreak","EkkoR","主动","{{ abilityresourcename }}","是","魔","不可选取/无敌/霸体 | 充能技能 | 伤害 | 位移 | 治疗/回复","无"
"16.3.1","Elise","èèå¥³ç","Elise","P","èèå¥³ç","Spider Queen","ElisePassive.png","被动","无","否","魔","伤害 | 治疗/回复 | 自我增益","无"
"16.3.1","Elise","èèå¥³ç","Elise","Q","ç¥ç»æ¯ç´  / å§æ¯ä¹è","Neurotoxin / Venomous Bite","EliseHumanQ","主动","{{ abilityresourcename }}","是","魔","充能技能 | 伤害 | 位移 | 治疗/回复","无"
"16.3.1","Elise","èèå¥³ç","Elise","W","èªçèè / æ è¡çæ´","Volatile Spiderling / Skittering Frenzy","EliseHumanW","主动","{{ abilityresourcename }}","是","魔","充能技能 | 伤害 | 召唤/部署 | 自我增益","无"
"16.3.1","Elise","èèå¥³ç","Elise","E","ç»è§ / çä¸","Cocoon / Rappel","EliseHumanE","主动","{{ abilityresourcename }}","是","无/未标注","充能技能 | 控制 | 伤害 | 隐身/伪装 | 治疗/回复","眩晕"
"16.3.1","Elise","èèå¥³ç","Elise","R","èèå½¢æ","Spider Form","EliseR","主动","No Cost","是","无/未标注","充能技能 | 二段/形态切换 | 召唤/部署","无"
"16.3.1","Evelynn","çè¦ä¹æ¥","Evelynn","P","æ¶é­é­å½±","Demon Shade","Evelynn_Passive.png","被动","无","否","无/未标注","隐身/伪装 | 治疗/回复","无"
"16.3.1","Evelynn","çè¦ä¹æ¥","Evelynn","Q","ææ¨ä¹åº","Hate Spike","EvelynnQ","主动","{{ abilityresourcename }}","是","魔","充能技能 | 二段/形态切换 | 伤害","无"
"16.3.1","Evelynn","çè¦ä¹æ¥","Evelynn","W","å¼è¯±","Allure","EvelynnW","主动","{{ abilityresourcename }}","是","魔","充能技能 | 敌方减益 | 控制 | 伤害 | 自我增益","减速 | 魅惑"
"16.3.1","Evelynn","çè¦ä¹æ¥","Evelynn","E","é­ç¬","Whiplash","EvelynnE","主动","{{ abilityresourcename }}","是","魔","充能技能 | 伤害 | 位移 | 治疗/回复 | 自我增益","无"
"16.3.1","Evelynn","çè¦ä¹æ¥","Evelynn","R","æç»ææ°","Last Caress","EvelynnR","主动","{{ abilityresourcename }}","是","魔","不可选取/无敌/霸体 | 充能技能 | 二段/形态切换 | 伤害 | 位移 | 斩杀/缺失生命值联动 | 治疗/回复 | 资源交互 | 自我增益","无"
"16.3.1","Ezreal","æ¢é©å®¶","Ezreal","P","åè½é«æ¶¨","Rising Spell Force","Ezreal_RisingSpellForce.png","被动","无","否","无/未标注","自我增益","无"
"16.3.1","Ezreal","æ¢é©å®¶","Ezreal","Q","ç§æ¯å°å»","Mystic Shot","EzrealQ","主动","{{ abilityresourcename }}","是","物","充能技能 | 敌方减益 | 伤害 | 资源交互","无"
"16.3.1","Ezreal","æ¢é©å®¶","Ezreal","W","ç²¾åè·å¨","Essence Flux","EzrealW","主动","{{ abilityresourcename }}","是","魔","充能技能 | 伤害 | 资源交互","无"
"16.3.1","Ezreal","æ¢é©å®¶","Ezreal","E","å¥¥æ¯è·è¿","Arcane Shift","EzrealE","主动","{{ abilityresourcename }}","是","魔","充能技能 | 伤害 | 位移","无"
"16.3.1","Ezreal","æ¢é©å®¶","Ezreal","R","ç²¾åå¼¹å¹","Trueshot Barrage","EzrealR","主动","{{ abilityresourcename }}","是","魔","充能技能 | 敌方减益 | 伤害 | 资源交互","无"
"16.3.1","Fiddlesticks","è¿å¤ææ§","Fiddlesticks","P","å·«éªèäºº","A Harmless Scarecrow","FiddlesticksP.png","被动","无","否","无/未标注","无","无"
"16.3.1","Fiddlesticks","è¿å¤ææ§","Fiddlesticks","Q","ææ§","Terrify","FiddleSticksQ","主动","{{ abilityresourcename }}","是","魔","充能技能 | 控制 | 伤害 | 治疗/回复","恐惧"
"16.3.1","Fiddlesticks","è¿å¤ææ§","Fiddlesticks","W","äºéª¨ä¸°ç»","Bountiful Harvest","FiddleSticksW","主动","{{ abilityresourcename }}","是","魔","充能技能 | 敌方减益 | 伤害 | 斩杀/缺失生命值联动 | 治疗/回复","无"
"16.3.1","Fiddlesticks","è¿å¤ææ§","Fiddlesticks","E","å¤å²","Reap","FiddleSticksE","主动","{{ abilityresourcename }}","是","魔","充能技能 | 控制 | 伤害","沉默 | 减速"
"16.3.1","Fiddlesticks","è¿å¤ææ§","Fiddlesticks","R","ç¾¤é¸¦é£æ´","Crowstorm","FiddleSticksR","主动","{{ abilityresourcename }}","是","魔","充能技能 | 伤害 | 位移","无"
"16.3.1","Fiora","æ ååå§¬","Fiora","P","å³æä¹è","Duelist's Dance","Fiora_P.png","被动","无","否","无/未标注","治疗/回复 | 自我增益","无"
"16.3.1","Fiora","æ ååå§¬","Fiora","Q","ç ´ç©ºæ©","Lunge","FioraQ","主动","{{ abilityresourcename }}","是","物","充能技能 | 敌方减益 | 伤害 | 位移","无"
"16.3.1","Fiora","æ ååå§¬","Fiora","W","å³ä¼¦ç¹å¿ç¼å","Riposte","FioraW","主动","{{ abilityresourcename }}","是","魔","充能技能 | 控制 | 伤害 | 自我增益","减速 | 眩晕"
"16.3.1","Fiora","æ ååå§¬","Fiora","E","å¤ºå½è¿åº","Bladework","FioraE","主动","{{ abilityresourcename }}","是","无/未标注","充能技能 | 控制 | 伤害 | 自我增益","减速"
"16.3.1","Fiora","æ ååå§¬","Fiora","R","æ åææ","Grand Challenge","FioraR","主动","{{ abilityresourcename }}","是","真","充能技能 | 伤害 | 治疗/回复 | 自我增益","无"
"16.3.1","Fizz","æ½®æ±æµ·çµ","Fizz","P","ä¼¶ä¿æå£«","Nimble Fighter","Fizz_P.png","被动","无","否","无/未标注","敌方减益 | 伤害","无"
"16.3.1","Fizz","æ½®æ±æµ·çµ","Fizz","Q","æ·æ°æå»","Urchin Strike","FizzQ","主动","{{ abilityresourcename }}","是","混合(物理+魔法)","充能技能 | 伤害 | 位移","无"
"16.3.1","Fizz","æ½®æ±æµ·çµ","Fizz","W","æµ·ç³ä¸åæ","Seastone Trident","FizzW","主动","{{ abilityresourcename }}","是","魔","充能技能 | 敌方减益 | 伤害 | 资源交互 | 自我增益","无"
"16.3.1","Fizz","æ½®æ±æµ·çµ","Fizz","E","å¤çµ/ç²¾æª","Playful / Trickster","FizzE","主动","{{ abilityresourcename }}","是","魔","不可选取/无敌/霸体 | 充能技能 | 二段/形态切换 | 控制 | 伤害 | 位移","减速"
"16.3.1","Fizz","æ½®æ±æµ·çµ","Fizz","R","å·¨é²¨å¼ºè¢­","Chum the Waters","FizzR","主动","{{ abilityresourcename }}","是","魔","充能技能 | 控制 | 伤害","减速"
"16.3.1","Galio","æ­£ä¹å·¨å","Galio","P","å·¨åéå»","Colossal Smash","Galio_Passive.png","被动","无","否","魔","伤害","无"
"16.3.1","Galio","æ­£ä¹å·¨å","Galio","Q","æäºç½¡é£","Winds of War","GalioQ","主动","{{ abilityresourcename }}","是","魔","充能技能 | 伤害 | 治疗/回复","无"
"16.3.1","Galio","æ­£ä¹å·¨å","Galio","W","æææ¤ç¾","Shield of Durand","GalioW","主动","{{ abilityresourcename }}","是","混合(物理+魔法)","充能技能 | 敌方减益 | 二段/形态切换 | 护盾 | 控制 | 伤害 | 自我增益","嘲讽 | 减速"
"16.3.1","Galio","æ­£ä¹å·¨å","Galio","E","æ­£ä¹å²æ³","Justice Punch","GalioE","主动","{{ abilityresourcename }}","是","魔","充能技能 | 伤害 | 位移","无"
"16.3.1","Galio","æ­£ä¹å·¨å","Galio","R","è±éç»åº","Hero's Entrance","GalioR","主动","{{ abilityresourcename }}","是","魔","充能技能 | 护盾 | 伤害","无"
"16.3.1","Gangplank","æµ·æ´ä¹ç¾","Gangplank","P","çç«å®¡è®¯","Trial by Fire","Gangplank_Passive.png","被动","无","否","无/未标注","伤害","无"
"16.3.1","Gangplank","æµ·æ´ä¹ç¾","Gangplank","Q","æªç«è°å¤","Parrrley","GangplankQWrapper","主动","{{ abilityresourcename }}","是","无/未标注","充能技能","无"
"16.3.1","Gangplank","æµ·æ´ä¹ç¾","Gangplank","W","åè¡ççæ³","Remove Scurvy","GangplankW","主动","{{ abilityresourcename }}","是","无/未标注","充能技能 | 斩杀/缺失生命值联动 | 治疗/回复","无"
"16.3.1","Gangplank","æµ·æ´ä¹ç¾","Gangplank","E","ç«è¯æ¡¶","Powder Keg","GangplankE","主动","No Cost","是","物","充能技能 | 控制 | 伤害 | 治疗/回复","减速"
"16.3.1","Gangplank","æµ·æ´ä¹ç¾","Gangplank","R","å åç®å¹","Cannon Barrage","GangplankR","主动","{{ abilityresourcename }}","是","混合(魔法+真实)","充能技能 | 复活/免死相关 | 控制 | 伤害 | 资源交互","减速"
"16.3.1","Garen","å¾·çè¥¿äºä¹å","Garen","P","åé§","Perseverance","Garen_Passive.png","被动","无","否","无/未标注","伤害 | 治疗/回复","无"
"16.3.1","Garen","å¾·çè¥¿äºä¹å","Garen","Q","è´å½æå»","Decisive Strike","GarenQ","主动","No Cost","是","物","充能技能 | 控制 | 伤害 | 自我增益","沉默 | 减速"
"16.3.1","Garen","å¾·çè¥¿äºä¹å","Garen","W","åæ°","Courage","GarenW","主动","No Cost","是","无/未标注","充能技能 | 护盾 | 伤害 | 资源交互 | 自我增益","无"
"16.3.1","Garen","å¾·çè¥¿äºä¹å","Garen","E","å®¡å¤","Judgment","GarenE","主动","No Cost","是","物","充能技能 | 二段/形态切换 | 伤害","无"
"16.3.1","Garen","å¾·çè¥¿äºä¹å","Garen","R","å¾·çè¥¿äºæ­£ä¹","Demacian Justice","GarenR","主动","No Cost","是","真","充能技能 | 伤害 | 斩杀/缺失生命值联动 | 治疗/回复","无"
"16.3.1","Gnar","è¿·å¤±ä¹ç","Gnar","P","çæåºå ","Rage Gene","Gnar_Passive.png","被动","无","否","无/未标注","二段/形态切换 | 资源交互","无"
"16.3.1","Gnar","è¿·å¤±ä¹ç","Gnar","Q","ææ·ååæ  / ææ·é¡½ç³","Boomerang Throw / Boulder Toss","GnarQ","主动","No Cost","是","物","充能技能 | 敌方减益 | 控制 | 伤害","减速"
"16.3.1","Gnar","è¿·å¤±ä¹ç","Gnar","W","äº¢å¥ /  çæ®´","Hyper / Wallop","GnarW","主动","No Cost","是","魔","充能技能 | 控制 | 伤害 | 治疗/回复 | 资源交互","眩晕"
"16.3.1","Gnar","è¿·å¤±ä¹ç","Gnar","E","è½»è·³ / çè¸","Hop / Crunch","GnarE","主动","No Cost","是","物","充能技能 | 控制 | 伤害 | 位移 | 自我增益","减速"
"16.3.1","Gnar","è¿·å¤±ä¹ç","Gnar","R","ååï¼","GNAR!","GnarR","主动","No Cost","是","物","充能技能 | 控制 | 伤害","减速 | 眩晕"
"16.3.1","Gragas","éæ¡¶","Gragas","P","æ¬¢ä¹æ¶å","Happy Hour","GragasPassiveHeal.png","被动","无","否","无/未标注","治疗/回复","无"
"16.3.1","Gragas","éæ¡¶","Gragas","Q","æ»å¨éæ¡¶","Barrel Roll","GragasQ","主动","{{ abilityresourcename }}","是","魔","充能技能 | 二段/形态切换 | 控制 | 伤害","减速"
"16.3.1","Gragas","éæ¡¶","Gragas","W","ééçæ´","Drunken Rage","GragasW","主动","{{ abilityresourcename }}","是","魔","充能技能 | 伤害 | 治疗/回复 | 资源交互 | 自我增益","无"
"16.3.1","Gragas","éæ¡¶","Gragas","E","èå¼¹å²å»","Body Slam","GragasE","主动","{{ abilityresourcename }}","是","魔","充能技能 | 敌方减益 | 控制 | 伤害","眩晕"
"16.3.1","Gragas","éæ¡¶","Gragas","R","çç ´éæ¡¶","Explosive Cask","GragasR","主动","{{ abilityresourcename }}","是","魔","充能技能 | 伤害","无"
"16.3.1","Graves","æ³å¤çå¾","Graves","P","æ°å½è¿","New Destiny","GravesTrueGrit.png","被动","无","否","无/未标注","控制 | 伤害","击退"
"16.3.1","Graves","æ³å¤çå¾","Graves","Q","ç©·éæ«è·¯","End of the Line","GravesQLineSpell","主动","{{ abilityresourcename }}","是","物","充能技能 | 伤害","无"
"16.3.1","Graves","æ³å¤çå¾","Graves","W","çå¹å¼¹","Smoke Screen","GravesSmokeGrenade","主动","{{ abilityresourcename }}","是","魔","充能技能 | 敌方减益 | 控制 | 伤害 | 召唤/部署","减速"
"16.3.1","Graves","æ³å¤çå¾","Graves","E","å¿«éææª","Quickdraw","GravesMove","主动","{{ abilityresourcename }}","是","无/未标注","充能技能 | 敌方减益 | 二段/形态切换 | 伤害 | 位移 | 自我增益","无"
"16.3.1","Graves","æ³å¤çå¾","Graves","R","ç»æçå¼¹","Collateral Damage","GravesChargeShot","主动","{{ abilityresourcename }}","是","物","充能技能 | 伤害","无"
"16.3.1","Gwen","çµç½å¨å¨","Gwen","P","åç©¿ç¾å­","A Thousand Cuts","Gwen_Passive.png","被动","无","否","魔","伤害 | 治疗/回复","无"
"16.3.1","Gwen","çµç½å¨å¨","Gwen","Q","å¿«ååªä¹±","Snip Snip!","GwenQ","主动","{{ abilityresourcename }}","是","混合(魔法+真实)","充能技能 | 敌方减益 | 伤害 | 斩杀/缺失生命值联动 | 治疗/回复 | 自我增益","无"
"16.3.1","Gwen","çµç½å¨å¨","Gwen","W","ä¸ç¼ç¼ æµ","Hallowed Mist","GwenW","主动","{{ abilityresourcename }}","是","无/未标注","不可选取/无敌/霸体 | 充能技能 | 二段/形态切换 | 召唤/部署 | 自我增益","无"
"16.3.1","Gwen","çµç½å¨å¨","Gwen","E","æ­ç»­ç¾èµ°","Skip 'n Slash","GwenE","主动","{{ abilityresourcename }}","是","魔","充能技能 | 二段/形态切换 | 伤害 | 位移 | 自我增益","无"
"16.3.1","Gwen","çµç½å¨å¨","Gwen","R","å¼éç°å°","Needlework","GwenR","主动","{{ abilityresourcename }}","是","魔","充能技能 | 二段/形态切换 | 控制 | 伤害","减速"
"16.3.1","Hecarim","æäºä¹å½±","Hecarim","P","å¾æä¹è·¯","Warpath","Hecarim_Passive.png","被动","无","否","无/未标注","伤害 | 自我增益","无"
"16.3.1","Hecarim","æäºä¹å½±","Hecarim","Q","æ´èµ°","Rampage","HecarimRapidSlash","主动","{{ abilityresourcename }}","是","物","充能技能 | 伤害 | 自我增益","无"
"16.3.1","Hecarim","æäºä¹å½±","Hecarim","W","ææ§ä¹çµ","Spirit of Dread","HecarimW","主动","{{ abilityresourcename }}","是","魔","充能技能 | 伤害 | 治疗/回复 | 自我增益","无"
"16.3.1","Hecarim","æäºä¹å½±","Hecarim","E","æ¯ç­å²é","Devastating Charge","HecarimRamp","主动","{{ abilityresourcename }}","是","物","充能技能 | 二段/形态切换 | 控制 | 伤害 | 自我增益","击退"
"16.3.1","Hecarim","æäºä¹å½±","Hecarim","R","æå½±å²å»","Onslaught of Shadows","HecarimUlt","主动","{{ abilityresourcename }}","是","魔","充能技能 | 二段/形态切换 | 控制 | 伤害 | 召唤/部署","恐惧"
"16.3.1","Heimerdinger","å¤§åæå®¶","Heimerdinger","P","æµ·åæ¯ç§æäº²å","Hextech Affinity","Heimerdinger_Passive.png","被动","无","否","无/未标注","召唤/部署","无"
"16.3.1","Heimerdinger","å¤§åæå®¶","Heimerdinger","Q","H-28 G è¿åç®å°","H-28 G Evolution Turret","HeimerdingerQ","主动","Turret Kit & {{ cost }} Mana","是","无/未标注","充能技能 | 控制 | 伤害 | 召唤/部署","减速"
"16.3.1","Heimerdinger","å¤§åæå®¶","Heimerdinger","W","æµ·åæ¯ç§æå¾®åå¯¼å¼¹","Hextech Micro-Rockets","HeimerdingerW","主动","{{ abilityresourcename }}","是","魔","充能技能 | 敌方减益 | 伤害 | 召唤/部署 | 资源交互","无"
"16.3.1","Heimerdinger","å¤§åæå®¶","Heimerdinger","E","CH-2çµå­é£æ´æé·","CH-2 Electron Storm Grenade","HeimerdingerE","主动","{{ abilityresourcename }}","是","魔","充能技能 | 控制 | 伤害 | 召唤/部署","减速 | 眩晕"
"16.3.1","Heimerdinger","å¤§åæå®¶","Heimerdinger","R","åçº§ï¼ï¼ï¼","UPGRADE!!!","HeimerdingerR","主动","{{ abilityresourcename }}","是","魔","充能技能 | 敌方减益 | 二段/形态切换 | 控制 | 伤害 | 召唤/部署","减速 | 眩晕"
"16.3.1","Hwei","å¼ç»å¸","Hwei","P","è½æ¬¾","Signature of the Visionary","HweiPassive.png","被动","无","否","魔","伤害","无"
"16.3.1","Hwei","å¼ç»å¸","Hwei","Q","ä¸»é¢ï¼ç¾","Subject: Disaster","HweiQ","主动","{{ abilityresourcename }}","是","魔","充能技能 | 二段/形态切换 | 控制 | 伤害 | 斩杀/缺失生命值联动 | 治疗/回复","减速"
"16.3.1","Hwei","å¼ç»å¸","Hwei","W","ä¸»é¢ï¼é","Subject: Serenity","HweiW","主动","{{ abilityresourcename }}","是","魔","充能技能 | 敌方减益 | 护盾 | 控制 | 伤害 | 资源交互 | 自我增益","恐惧"
"16.3.1","Hwei","å¼ç»å¸","Hwei","E","ä¸»é¢ï¼æ","Subject: Torment","HweiE","主动","{{ abilityresourcename }}","是","魔","充能技能 | 控制 | 伤害","减速 | 禁锢 | 恐惧"
"16.3.1","Hwei","å¼ç»å¸","Hwei","R","çå¿ç»åç»","Spiraling Despair","HweiR","主动","{{ abilityresourcename }}","是","魔","充能技能 | 控制 | 伤害","减速"
"16.3.1","Illaoi","æµ·å½ç¥­å¸","Illaoi","P","å¤ç¥åç¥","Prophet of an Elder God","Illaoi_P.png","被动","无","否","物","伤害 | 召唤/部署 | 治疗/回复","无"
"16.3.1","Illaoi","æµ·å½ç¥­å¸","Illaoi","Q","è§¦æçå»","Tentacle Smash","IllaoiQ","主动","{{ abilityresourcename }}","是","物","充能技能 | 伤害","无"
"16.3.1","Illaoi","æµ·å½ç¥­å¸","Illaoi","W","ä¸¥é·è®­è¯«","Harsh Lesson","IllaoiW","主动","{{ abilityresourcename }}","是","物","充能技能 | 伤害 | 位移 | 治疗/回复","无"
"16.3.1","Illaoi","æµ·å½ç¥­å¸","Illaoi","E","çµé­è¯ç¼","Test of Spirit","IllaoiE","主动","{{ abilityresourcename }}","是","无/未标注","充能技能 | 控制 | 伤害 | 召唤/部署","减速"
"16.3.1","Illaoi","æµ·å½ç¥­å¸","Illaoi","R","è¿çä¿¡ä»°","Leap of Faith","IllaoiR","主动","{{ abilityresourcename }}","是","物","不可选取/无敌/霸体 | 充能技能 | 伤害 | 位移 | 召唤/部署","无"
"16.3.1","Irelia","åéèè","Irelia","P","è¾æ¬§å°¼äºç­è¯","Ionian Fervor","Irelia_Passive.png","被动","无","否","无/未标注","伤害 | 自我增益","无"
"16.3.1","Irelia","åéèè","Irelia","Q","å©åå²å»","Bladesurge","IreliaQ","主动","{{ abilityresourcename }}","是","物","充能技能 | 伤害 | 位移 | 治疗/回复","无"
"16.3.1","Irelia","åéèè","Irelia","W","è·ç ´ä¹è","Defiant Dance","IreliaW","主动","{{ abilityresourcename }}","是","混合(物理+魔法)","充能技能 | 敌方减益 | 二段/形态切换 | 伤害","无"
"16.3.1","Irelia","åéèè","Irelia","E","æ¯ç¿¼åå","Flawless Duet","IreliaE","主动","{{ abilityresourcename }}","是","魔","充能技能 | 二段/形态切换 | 控制 | 伤害","眩晕"
"16.3.1","Irelia","åéèè","Irelia","R","åéä¹å","Vanguard's Edge","IreliaR","主动","{{ abilityresourcename }}","是","魔","充能技能 | 控制 | 伤害 | 资源交互","减速"
"16.3.1","Ivern","ç¿ ç¥","Ivern","P","æ£®æä¹å","Friend of the Forest","IvernP.png","被动","无","否","无/未标注","无","无"
"16.3.1","Ivern","ç¿ ç¥","Ivern","Q","æ ¹æ·±æåº","Rootcaller","IvernQ","主动","{{ abilityresourcename }}","是","魔","充能技能 | 敌方减益 | 二段/形态切换 | 控制 | 伤害 | 位移","禁锢"
"16.3.1","Ivern","ç¿ ç¥","Ivern","W","æ èå©æ»","Brushmaker","IvernW","主动","{{ abilityresourcename }}","是","魔","充能技能 | 伤害","无"
"16.3.1","Ivern","ç¿ ç¥","Ivern","E","ç§è±å¾ç","Triggerseed","IvernE","主动","{{ abilityresourcename }}","是","魔","充能技能 | 护盾 | 控制 | 伤害 | 召唤/部署","减速"
"16.3.1","Ivern","ç¿ ç¥","Ivern","R","å°èï¼","Daisy!","IvernR","主动","{{ abilityresourcename }}","是","魔","充能技能 | 二段/形态切换 | 伤害 | 位移 | 召唤/部署","无"
"16.3.1","Janna","é£æ´ä¹æ","Janna","P","é¡ºé£èè¡","Tailwind","JannaP.png","被动","无","否","魔","伤害","无"
"16.3.1","Janna","é£æ´ä¹æ","Janna","Q","é£é£å¼å¸","Howling Gale","HowlingGale","主动","{{ abilityresourcename }}","是","魔","充能技能 | 二段/形态切换 | 控制 | 伤害 | 召唤/部署","击飞"
"16.3.1","Janna","é£æ´ä¹æ","Janna","W","åé£å®æ¤","Zephyr","SowTheWind","主动","{{ abilityresourcename }}","是","魔","充能技能 | 控制 | 伤害 | 召唤/部署 | 自我增益","减速"
"16.3.1","Janna","é£æ´ä¹æ","Janna","E","é£æ´ä¹ç¼","Eye Of The Storm","EyeOfTheStorm","主动","{{ abilityresourcename }}","是","无/未标注","充能技能 | 护盾 | 伤害 | 召唤/部署","无"
"16.3.1","Janna","é£æ´ä¹æ","Janna","R","å¤èå­£é£","Monsoon","ReapTheWhirlwind","主动","{{ abilityresourcename }}","是","无/未标注","充能技能 | 召唤/部署 | 治疗/回复","无"
"16.3.1","JarvanIV","å¾·çè¥¿äºçå­","Jarvan IV","P","æäºå¾å¨","Martial Cadence","JarvanIVP.png","被动","无","否","物","伤害 | 治疗/回复","无"
"16.3.1","JarvanIV","å¾·çè¥¿äºçå­","Jarvan IV","Q","å·¨é¾æå»","Dragon Strike","JarvanIVDragonStrike","主动","{{ abilityresourcename }}","是","物","充能技能 | 伤害","无"
"16.3.1","JarvanIV","å¾·çè¥¿äºçå­","Jarvan IV","W","é»éå£ç¾","Golden Aegis","JarvanIVGoldenAegis","主动","{{ abilityresourcename }}","是","无/未标注","充能技能 | 护盾 | 控制 | 召唤/部署","减速"
"16.3.1","JarvanIV","å¾·çè¥¿äºçå­","Jarvan IV","E","å¾·é¦åæ","Demacian Standard","JarvanIVDemacianStandard","主动","{{ abilityresourcename }}","是","魔","充能技能 | 伤害 | 自我增益","无"
"16.3.1","JarvanIV","å¾·çè¥¿äºçå­","Jarvan IV","R","å¤©å´©å°è£","Cataclysm","JarvanIVCataclysm","主动","{{ abilityresourcename }}","是","物","充能技能 | 二段/形态切换 | 伤害 | 位移","无"
"16.3.1","Jax","æ­¦å¨å¤§å¸","Jax","P","æ æè¿æ","Relentless Assault","Armsmaster_MasterOfArms.png","被动","无","否","无/未标注","自我增益","无"
"16.3.1","Jax","æ­¦å¨å¤§å¸","Jax","Q","è·³æ©","Leap Strike","JaxQ","主动","{{ abilityresourcename }}","是","物","充能技能 | 伤害 | 位移","无"
"16.3.1","Jax","æ­¦å¨å¤§å¸","Jax","W","èåä¸å»","Empower","JaxW","主动","{{ abilityresourcename }}","是","魔","充能技能 | 伤害 | 位移 | 资源交互 | 自我增益","无"
"16.3.1","Jax","æ­¦å¨å¤§å¸","Jax","E","åå»é£æ´","Counter Strike","JaxE","主动","{{ abilityresourcename }}","是","魔","充能技能 | 二段/形态切换 | 控制 | 伤害 | 治疗/回复","眩晕"
"16.3.1","Jax","æ­¦å¨å¤§å¸","Jax","R","æ­¦å¨å¤§å¸","Grandmaster-at-Arms","JaxR","主动","{{ abilityresourcename }}","是","魔","充能技能 | 伤害 | 自我增益","无"
"16.3.1","Jayce","æªæ¥å®æ¤è","Jayce","P","æµ·åæ¯ç§æçµå®¹","Hextech Capacitor","Jayce_Passive.png","被动","无","否","无/未标注","自我增益","无"
"16.3.1","Jayce","æªæ¥å®æ¤è","Jayce","Q","èç©¹ä¹è· / çµè½éè¡","To the Skies! / Shock Blast","JayceToTheSkies","主动","{{ abilityresourcename }}","是","物","充能技能 | 二段/形态切换 | 控制 | 伤害 | 位移","减速"
"16.3.1","Jayce","æªæ¥å®æ¤è","Jayce","W","éªçµé¢å / è¶è½çµè·","Lightning Field / Hyper Charge","JayceStaticField","主动","{{ abilityresourcename }}","是","魔","充能技能 | 二段/形态切换 | 伤害 | 召唤/部署 | 资源交互 | 自我增益","无"
"16.3.1","Jayce","æªæ¥å®æ¤è","Jayce","E","é·éä¸å» / å éä¹é¨","Thundering Blow / Acceleration Gate","JayceThunderingBlow","主动","{{ abilityresourcename }}","是","魔","充能技能 | 二段/形态切换 | 伤害 | 治疗/回复","无"
"16.3.1","Jayce","æªæ¥å®æ¤è","Jayce","R","å¢¨ä¸å©ä¹ç® / å¢¨ä¸å©ä¹é¤","Mercury Cannon / Mercury Hammer","JayceStanceHtG","主动","No Cost","是","魔","充能技能 | 敌方减益 | 二段/形态切换 | 伤害","无"
"16.3.1","Jhin","æå½å¸","Jhin","P","ä½è¯­","Whisper","Jhin_P.png","被动","无","否","无/未标注","伤害 | 斩杀/缺失生命值联动","无"
"16.3.1","Jhin","æå½å¸","Jhin","Q","æ¼èæé·","Dancing Grenade","JhinQ","主动","{{ abilityresourcename }}","是","物","充能技能 | 伤害 | 自我增益","无"
"16.3.1","Jhin","æå½å¸","Jhin","W","è´å½åå½©","Deadly Flourish","JhinW","主动","{{ abilityresourcename }}","是","物","充能技能 | 控制 | 伤害 | 召唤/部署","禁锢"
"16.3.1","Jhin","æå½å¸","Jhin","E","ä¸ä¼å¾å","Captive Audience","JhinE","主动","{{ abilityresourcename }}","是","魔","充能技能 | 复活/免死相关 | 控制 | 伤害 | 隐身/伪装 | 召唤/部署","减速"
"16.3.1","Jhin","æå½å¸","Jhin","R","å®ç¾è°¢å¹","Curtain Call","JhinR","主动","{{ abilityresourcename }}","是","物","充能技能 | 二段/形态切换 | 控制 | 伤害 | 斩杀/缺失生命值联动 | 治疗/回复","减速"
"16.3.1","Jinx","æ´èµ°èè","Jinx","P","ç½ªæ¶å¿«æ","Get Excited!","Jinx_Passive.png","被动","无","否","无/未标注","自我增益","无"
"16.3.1","Jinx","æ´èµ°èè","Jinx","Q","æªç®äº¤åæ²ï¼","Switcheroo!","JinxQ","主动","Mana Per Rocket","是","物","充能技能 | 控制 | 伤害 | 资源交互 | 自我增益","减速"
"16.3.1","Jinx","æ´èµ°èè","Jinx","W","éè¡çµç£æ³¢ï¼","Zap!","JinxW","主动","{{ abilityresourcename }}","是","物","充能技能 | 控制 | 伤害","减速"
"16.3.1","Jinx","æ´èµ°èè","Jinx","E","å¼ç«èæé·ï¼","Flame Chompers!","JinxE","主动","{{ abilityresourcename }}","是","魔","充能技能 | 控制 | 伤害","禁锢"
"16.3.1","Jinx","æ´èµ°èè","Jinx","R","è¶ç©¶ææ­»ç¥é£å¼¹ï¼","Super Mega Death Rocket!","JinxR","主动","{{ abilityresourcename }}","是","物","充能技能 | 复活/免死相关 | 伤害 | 斩杀/缺失生命值联动 | 治疗/回复 | 自我增益","无"
"16.3.1","Kaisa","èç©ºä¹å¥³","Kai'Sa","P","ä½è¡¨æ´»è¤","Second Skin","Kaisa_Passive.png","被动","无","否","魔","伤害","无"
"16.3.1","Kaisa","èç©ºä¹å¥³","Kai'Sa","Q","è¾å¡è¥¿äºæ´é¨","Icathian Rain","KaisaQ","主动","{{ abilityresourcename }}","是","物","充能技能 | 伤害","无"
"16.3.1","Kaisa","èç©ºä¹å¥³","Kai'Sa","W","èç©ºç´¢æ","Void Seeker","KaisaW","主动","{{ abilityresourcename }}","是","魔","充能技能 | 敌方减益 | 伤害","无"
"16.3.1","Kaisa","èç©ºä¹å¥³","Kai'Sa","E","æéè¶è½½","Supercharge","KaisaE","主动","{{ abilityresourcename }}","是","无/未标注","充能技能 | 敌方减益 | 隐身/伪装 | 资源交互 | 自我增益","无"
"16.3.1","Kaisa","èç©ºä¹å¥³","Kai'Sa","R","çææ¬è½","Killer Instinct","KaisaR","主动","{{ abilityresourcename }}","是","无/未标注","充能技能 | 护盾 | 位移 | 自我增益","无"
"16.3.1","Kalista","å¤ä»ä¹ç","Kalista","P","æ­¦æ¯å§¿æ","Martial Poise","Kalista_Passive.png","被动","无","否","无/未标注","二段/形态切换 | 位移","无"
"16.3.1","Kalista","å¤ä»ä¹ç","Kalista","Q","ç©¿åº","Pierce","KalistaMysticShot","主动","{{ abilityresourcename }}","是","物","充能技能 | 伤害 | 位移","无"
"16.3.1","Kalista","å¤ä»ä¹ç","Kalista","W","å¨åµ","Sentinel","KalistaW","主动","No Cost","是","魔","充能技能 | 伤害 | 治疗/回复 | 自我增益","无"
"16.3.1","Kalista","å¤ä»ä¹ç","Kalista","E","æè£","Rend","KalistaExpungeWrapper","主动","{{ abilityresourcename }}","是","物","充能技能 | 控制 | 伤害 | 资源交互","减速"
"16.3.1","Kalista","å¤ä»ä¹ç","Kalista","R","å½è¿çå¬å¤","Fate's Call","KalistaRx","主动","{{ abilityresourcename }}","是","无/未标注","不可选取/无敌/霸体 | 充能技能 | 位移","无"
"16.3.1","Karma","å¤©å¯è","Karma","P","èè½ä¹ç","Gathering Fire","Karma_Passive.png","被动","无","否","无/未标注","敌方减益","无"
"16.3.1","Karma","å¤©å¯è","Karma","Q","å¿çµçç°","Inner Flame","KarmaQ","主动","{{ abilityresourcename }}","是","魔","充能技能 | 控制 | 伤害 | 资源交互","减速"
"16.3.1","Karma","å¤©å¯è","Karma","W","åå®ä¸ç§»","Focused Resolve","KarmaSpiritBind","主动","{{ abilityresourcename }}","是","魔","充能技能 | 控制 | 伤害 | 召唤/部署 | 治疗/回复","禁锢"
"16.3.1","Karma","å¤©å¯è","Karma","E","é¼è","Inspire","KarmaSolKimShield","主动","{{ abilityresourcename }}","是","无/未标注","充能技能 | 护盾 | 伤害 | 召唤/部署 | 资源交互","无"
"16.3.1","Karma","å¤©å¯è","Karma","R","æ¢µå","Mantra","KarmaMantra","主动","No Cost","是","魔","充能技能 | 护盾 | 控制 | 伤害 | 斩杀/缺失生命值联动 | 治疗/回复 | 自我增益","减速 | 禁锢"
"16.3.1","Karthus","æ­»äº¡é¢å±è","Karthus","P","æ­»äº¡å¥çº¦","Death Defied","Karthus_Passive.png","被动","无","否","无/未标注","复活/免死相关","无"
"16.3.1","Karthus","æ­»äº¡é¢å±è","Karthus","Q","èè","Lay Waste","KarthusLayWasteA1","主动","{{ abilityresourcename }}","是","魔","充能技能 | 伤害 | 召唤/部署","无"
"16.3.1","Karthus","æ­»äº¡é¢å±è","Karthus","W","çè¦ä¹å¢","Wall of Pain","KarthusWallOfPain","主动","{{ abilityresourcename }}","是","无/未标注","充能技能 | 敌方减益 | 控制 | 召唤/部署 | 资源交互","减速"
"16.3.1","Karthus","æ­»äº¡é¢å±è","Karthus","E","äºµæ¸","Defile","KarthusDefile","主动","Mana per Second","是","魔","充能技能 | 伤害 | 召唤/部署 | 资源交互","无"
"16.3.1","Karthus","æ­»äº¡é¢å±è","Karthus","R","å®é­æ²","Requiem","KarthusFallenOne","主动","{{ abilityresourcename }}","是","魔","充能技能 | 二段/形态切换 | 伤害","无"
"16.3.1","Kassadin","èç©ºè¡è","Kassadin","P","èç©ºä¹ç³","Void Stone","Kassadin_Passive.png","被动","无","否","魔","敌方减益 | 伤害","无"
"16.3.1","Kassadin","èç©ºè¡è","Kassadin","Q","èæ æ³ç","Null Sphere","NullLance","主动","{{ abilityresourcename }}","是","魔","充能技能 | 护盾 | 伤害 | 资源交互 | 自我增益","无"
"16.3.1","Kassadin","èç©ºè¡è","Kassadin","W","èç©ºä¹å","Nether Blade","NetherBlade","主动","{{ abilityresourcename }}","是","魔","充能技能 | 伤害 | 资源交互 | 自我增益","无"
"16.3.1","Kassadin","èç©ºè¡è","Kassadin","E","è½éèå²","Force Pulse","ForcePulse","主动","{{ abilityresourcename }}","是","魔","充能技能 | 敌方减益 | 控制 | 伤害 | 资源交互","减速"
"16.3.1","Kassadin","èç©ºè¡è","Kassadin","R","èç©ºè¡èµ°","Riftwalk","RiftWalk","主动","{{ abilityresourcename }}","是","魔","充能技能 | 伤害 | 位移 | 资源交互","无"
"16.3.1","Katarina","ä¸ç¥¥ä¹å","Katarina","P","è´ªå©ª","Voracity","Katarina_Passive.png","被动","无","否","魔","敌方减益 | 伤害","无"
"16.3.1","Katarina","ä¸ç¥¥ä¹å","Katarina","Q","å¼¹å°ä¹å","Bouncing Blade","KatarinaQ","主动","No Cost","是","魔","充能技能 | 伤害","无"
"16.3.1","Katarina","ä¸ç¥¥ä¹å","Katarina","W","ä¼ºæºå¾å","Preparation","KatarinaW","主动","No Cost","是","无/未标注","充能技能 | 自我增益","无"
"16.3.1","Katarina","ä¸ç¥¥ä¹å","Katarina","E","ç¬æ­¥","Shunpo","KatarinaEWrapper","主动","No Cost","是","魔","充能技能 | 敌方减益 | 伤害 | 位移","无"
"16.3.1","Katarina","ä¸ç¥¥ä¹å","Katarina","R","æ­»äº¡è²å","Death Lotus","KatarinaR","主动","No Cost","是","混合(物理+魔法)","充能技能 | 敌方减益 | 复活/免死相关 | 伤害","无"
"16.3.1","Kayle","æ­£ä¹å¤©ä½¿","Kayle","P","ç»ç¥é¿é¶","Divine Ascent","Kayle_P.png","被动","无","否","无/未标注","自我增益","无"
"16.3.1","Kayle","æ­£ä¹å¤©ä½¿","Kayle","Q","èç°å²å»","Radiant Blast","KayleQ","主动","{{ abilityresourcename }}","是","魔","充能技能 | 二段/形态切换 | 控制 | 伤害 | 召唤/部署","减速"
"16.3.1","Kayle","æ­£ä¹å¤©ä½¿","Kayle","W","æçæ©å¸","Celestial Blessing","KayleW","主动","{{ abilityresourcename }}","是","无/未标注","充能技能 | 治疗/回复","无"
"16.3.1","Kayle","æ­£ä¹å¤©ä½¿","Kayle","E","æç«ç¬¦å","Starfire Spellblade","KayleE","主动","No Cost","是","魔","充能技能 | 伤害 | 斩杀/缺失生命值联动 | 治疗/回复","无"
"16.3.1","Kayle","æ­£ä¹å¤©ä½¿","Kayle","R","å£è£ä¹å»","Divine Judgment","KayleR","主动","{{ abilityresourcename }}","是","魔","不可选取/无敌/霸体 | 充能技能 | 敌方减益 | 伤害","无"
"16.3.1","Kayn","å½±æµä¹é°","Kayn","P","æè£é­é°","The Darkin Scythe","Kayn_Passive_Primary.png","被动","无","否","无/未标注","伤害 | 治疗/回复","无"
"16.3.1","Kayn","å½±æµä¹é°","Kayn","Q","å·¨é°æ¨ªæ«","Reaping Slash","KaynQ","主动","{{ abilityresourcename }}","是","物","充能技能 | 伤害 | 位移 | 治疗/回复","无"
"16.3.1","Kayn","å½±æµä¹é°","Kayn","W","å©åçºµè´¯","Blade's Reach","KaynW","主动","{{ abilityresourcename }}","是","物","充能技能 | 控制 | 伤害","减速"
"16.3.1","Kayn","å½±æµä¹é°","Kayn","E","æ å½±æ­¥","Shadow Step","KaynE","主动","{{ abilityresourcename }}","是","无/未标注","充能技能 | 敌方减益 | 控制 | 治疗/回复 | 自我增益","减速"
"16.3.1","Kayn","å½±æµä¹é°","Kayn","R","è£èå½±","Umbral Trespass","KaynR","主动","{{ abilityresourcename }}","是","物","不可选取/无敌/霸体 | 充能技能 | 二段/形态切换 | 伤害 | 治疗/回复","无"
"16.3.1","Kennen","çæ´ä¹å¿","Kennen","P","ãå¿æ³ï¼é·ç¼å°ã","Mark of the Storm","Kennen_Passive.png","被动","无","否","无/未标注","控制","眩晕"
"16.3.1","Kennen","çæ´ä¹å¿","Kennen","Q","å¥¥ä¹ï¼åé¸","Thundering Shuriken","KennenShurikenHurlMissile1","主动","{{ abilityresourcename }}","是","魔","充能技能 | 伤害","无"
"16.3.1","Kennen","çæ´ä¹å¿","Kennen","W","å¥¥ä¹ï¼çµå","Electrical Surge","KennenBringTheLight","主动","{{ abilityresourcename }}","是","魔","充能技能 | 伤害","无"
"16.3.1","Kennen","çæ´ä¹å¿","Kennen","E","å¥¥ä¹ï¼é·é ","Lightning Rush","KennenLightningRush","主动","{{ abilityresourcename }}","是","魔","充能技能 | 二段/形态切换 | 伤害 | 资源交互 | 自我增益","无"
"16.3.1","Kennen","çæ´ä¹å¿","Kennen","R","ç§å¥¥ä¹ï¼ä¸é·å¤©ç¢å¼","Slicing Maelstrom","KennenShurikenStorm","主动","No Cost","是","魔","充能技能 | 伤害 | 召唤/部署","无"
"16.3.1","Khazix","èç©ºæ å¤ºè","Kha'Zix","P","æ å½¢å¨è","Unseen Threat","Khazix_P.png","被动","无","否","魔","控制 | 伤害 | 自我增益","减速"
"16.3.1","Khazix","èç©ºæ å¤ºè","Kha'Zix","Q","åå°ææ§","Taste Their Fear","KhazixQ","主动","{{ abilityresourcename }}","是","物","充能技能 | 控制 | 伤害 | 自我增益","恐惧"
"16.3.1","Khazix","èç©ºæ å¤ºè","Kha'Zix","W","èç©ºçªåº","Void Spike","KhazixW","主动","{{ abilityresourcename }}","是","物","充能技能 | 控制 | 伤害 | 治疗/回复","减速"
"16.3.1","Khazix","èç©ºæ å¤ºè","Kha'Zix","E","è·å»","Leap","KhazixE","主动","{{ abilityresourcename }}","是","物","充能技能 | 伤害 | 位移","无"
"16.3.1","Khazix","èç©ºæ å¤ºè","Kha'Zix","R","èç©ºæ¥è¢­","Void Assault","KhazixR","主动","{{ abilityresourcename }}","是","无/未标注","充能技能 | 二段/形态切换 | 控制 | 位移 | 隐身/伪装 | 自我增益","减速 | 恐惧"
"16.3.1","Kindred","æ°¸çåå­","Kindred","P","åçä¹å°","Mark of the Kindred","Kindred_Passive.png","被动","无","否","无/未标注","自我增益","无"
"16.3.1","Kindred","æ°¸çåå­","Kindred","Q","ä¹±ç®­ä¹è","Dance of Arrows","KindredQ","主动","{{ abilityresourcename }}","是","物","充能技能 | 敌方减益 | 伤害 | 位移 | 自我增益","无"
"16.3.1","Kindred","æ°¸çåå­","Kindred","W","ç¼çµçç­","Wolf's Frenzy","KindredW","主动","{{ abilityresourcename }}","是","魔","充能技能 | 伤害 | 斩杀/缺失生命值联动 | 治疗/回复 | 资源交互 | 自我增益","无"
"16.3.1","Kindred","æ°¸çåå­","Kindred","E","æ¨ªçæ§æ","Mounting Dread","KindredEWrapper","主动","{{ abilityresourcename }}","是","物","充能技能 | 控制 | 伤害 | 斩杀/缺失生命值联动 | 治疗/回复 | 自我增益","减速"
"16.3.1","Kindred","æ°¸çåå­","Kindred","R","ç¾çµçæ¯","Lamb's Respite","KindredR","主动","{{ abilityresourcename }}","是","无/未标注","充能技能 | 复活/免死相关 | 伤害 | 治疗/回复","无"
"16.3.1","Kled","æ´æéªå£«","Kled","P","æ¯æè¥è´æ¯åå°","Skaarl, the Cowardly Lizard","Kled_P.png","被动","无","否","无/未标注","伤害 | 治疗/回复 | 资源交互","无"
"16.3.1","Kled","æ´æéªå£«","Kled","Q","é£ç´¢æçå¨","Bear Trap on a Rope","KledQ","主动","No Cost","是","物","充能技能 | 控制 | 伤害 | 召唤/部署 | 资源交互","减速"
"16.3.1","Kled","æ´æéªå£«","Kled","W","æ´çç§æ§","Violent Tendencies","KledW","主动","No Cost","是","物","充能技能 | 伤害 | 治疗/回复 | 自我增益","无"
"16.3.1","Kled","æ´æéªå£«","Kled","E","æ¯æ­¦","Jousting","KledE","主动","No Cost","是","物","充能技能 | 二段/形态切换 | 伤害 | 位移 | 自我增益","无"
"16.3.1","Kled","æ´æéªå£«","Kled","R","å²åââï¼ï¼","Chaaaaaaaarge!!!","KledR","主动","No Cost","是","魔","充能技能 | 二段/形态切换 | 护盾 | 伤害 | 治疗/回复 | 自我增益","无"
"16.3.1","KogMaw","æ·±æ¸å·¨å£","Kog'Maw","P","æ¥èªè¾å¡è¥¿äºçæå","Icathian Surprise","KogMaw_IcathianSurprise.png","被动","无","否","真","伤害","无"
"16.3.1","KogMaw","æ·±æ¸å·¨å£","Kog'Maw","Q","èèå¾æ¶²","Caustic Spittle","KogMawQ","主动","{{ abilityresourcename }}","是","魔","充能技能 | 敌方减益 | 伤害 | 自我增益","无"
"16.3.1","KogMaw","æ·±æ¸å·¨å£","Kog'Maw","W","çåå¼¹å¹","Bio-Arcane Barrage","KogMawBioArcaneBarrage","主动","{{ abilityresourcename }}","是","魔","充能技能 | 伤害 | 治疗/回复 | 资源交互 | 自我增益","无"
"16.3.1","KogMaw","æ·±æ¸å·¨å£","Kog'Maw","E","èç©ºæ·¤æ³¥","Void Ooze","KogMawVoidOoze","主动","{{ abilityresourcename }}","是","魔","充能技能 | 控制 | 伤害","减速"
"16.3.1","KogMaw","æ·±æ¸å·¨å£","Kog'Maw","R","æ´»ä½å¤§ç®","Living Artillery","KogMawLivingArtillery","主动","{{ abilityresourcename }}","是","魔","充能技能 | 二段/形态切换 | 伤害 | 隐身/伪装 | 斩杀/缺失生命值联动 | 治疗/回复 | 资源交互","无"
"16.3.1","KSante","çº³ç¥èè£è","K'Sante","P","è¡æ§æ¬è½","Dauntless Instinct","Icons_KSante_P.png","被动","无","否","无/未标注","伤害","无"
"16.3.1","KSante","çº³ç¥èè£è","K'Sante","Q","æ åéæ§","Ntofo Strikes","KSanteQ","主动","{{ abilityresourcename }}","是","物","充能技能 | 敌方减益 | 控制 | 伤害 | 自我增益","减速 | 眩晕"
"16.3.1","KSante","çº³ç¥èè£è","K'Sante","W","è¾è·¯åé","Path Maker","KSanteW","主动","{{ abilityresourcename }}","是","混合(物理+真实)","不可选取/无敌/霸体 | 充能技能 | 敌方减益 | 控制 | 伤害 | 位移 | 治疗/回复","击退 | 眩晕"
"16.3.1","KSante","çº³ç¥èè£è","K'Sante","E","å¤§æ­¥é©°æ´","Footwork","KSanteE","主动","{{ abilityresourcename }}","是","无/未标注","充能技能 | 敌方减益 | 二段/形态切换 | 护盾 | 位移 | 自我增益","无"
"16.3.1","KSante","çº³ç¥èè£è","K'Sante","R","å²å²¸éå§¿","All Out","KSanteR","主动","{{ abilityresourcename }}","是","物","充能技能 | 敌方减益 | 二段/形态切换 | 控制 | 伤害 | 位移 | 治疗/回复 | 自我增益","击退"
"16.3.1","Leblanc","è¯¡æ¯å¦å§¬","LeBlanc","P","éè±æ°´æ","Mirror Image","LeblancP.Leblanc_Rework.png","被动","无","否","无/未标注","伤害 | 隐身/伪装 | 斩杀/缺失生命值联动 | 召唤/部署 | 治疗/回复","无"
"16.3.1","Leblanc","è¯¡æ¯å¦å§¬","LeBlanc","Q","æ¶æé­å°","Sigil of Malice","LeblancQ","主动","{{ abilityresourcename }}","是","魔","充能技能 | 伤害 | 资源交互","无"
"16.3.1","Leblanc","è¯¡æ¯å¦å§¬","LeBlanc","W","é­å½±è¿·è¸ª","Distortion","LeblancW","主动","{{ abilityresourcename }}","是","魔","充能技能 | 二段/形态切换 | 伤害 | 位移","无"
"16.3.1","Leblanc","è¯¡æ¯å¦å§¬","LeBlanc","E","å¹»å½±éé¾","Ethereal Chains","LeblancE","主动","{{ abilityresourcename }}","是","魔","充能技能 | 控制 | 伤害","禁锢"
"16.3.1","Leblanc","è¯¡æ¯å¦å§¬","LeBlanc","R","ææéæ½","Mimic","LeblancR","主动","No Cost","是","魔","充能技能 | 控制 | 伤害","禁锢"
"16.3.1","LeeSin","ç²å§","Lee Sin","P","ç¾é£éª¤é¨","Flurry","LeeSinPassive.png","被动","无","否","无/未标注","资源交互 | 自我增益","无"
"16.3.1","LeeSin","ç²å§","Lee Sin","Q","å¤©é³æ³¢/åé³å»","Sonic Wave / Resonating Strike","LeeSinQOne","主动","{{ abilityresourcename }}","是","物","充能技能 | 二段/形态切换 | 伤害 | 位移 | 斩杀/缺失生命值联动 | 治疗/回复","无"
"16.3.1","LeeSin","ç²å§","Lee Sin","W","ééç½©/éå¸è¡«","Safeguard / Iron Will","LeeSinWOne","主动","{{ abilityresourcename }}","是","无/未标注","充能技能 | 敌方减益 | 二段/形态切换 | 护盾 | 伤害 | 位移 | 自我增益","无"
"16.3.1","LeeSin","ç²å§","Lee Sin","E","å¤©é·ç ´/æ§ç­æ­éª¨","Tempest / Cripple","LeeSinEOne","主动","{{ abilityresourcename }}","是","魔","充能技能 | 二段/形态切换 | 控制 | 伤害","减速"
"16.3.1","LeeSin","ç²å§","Lee Sin","R","çé¾æå°¾","Dragon's Rage","LeeSinR","主动","No Cost","是","物","充能技能 | 控制 | 伤害 | 治疗/回复 | 资源交互","击飞"
"16.3.1","Leona","æåå¥³ç¥","Leona","P","æ¥å","Sunlight","LeonaSunlight.png","被动","无","否","魔","伤害","无"
"16.3.1","Leona","æåå¥³ç¥","Leona","Q","ç ´æä¹ç¾","Shield of Daybreak","LeonaShieldOfDaybreak","主动","{{ abilityresourcename }}","是","魔","充能技能 | 护盾 | 控制 | 伤害","眩晕"
"16.3.1","Leona","æåå¥³ç¥","Leona","W","æ¥è","Eclipse","LeonaSolarBarrier","主动","{{ abilityresourcename }}","是","魔","充能技能 | 护盾 | 伤害","无"
"16.3.1","Leona","æåå¥³ç¥","Leona","E","å¤©é¡¶ä¹å","Zenith Blade","LeonaZenithBlade","主动","{{ abilityresourcename }}","是","魔","充能技能 | 控制 | 伤害 | 位移","禁锢"
"16.3.1","Leona","æåå¥³ç¥","Leona","R","æ¥çèæ","Solar Flare","LeonaSolarFlare","主动","{{ abilityresourcename }}","是","魔","充能技能 | 控制 | 伤害 | 资源交互","减速 | 眩晕"
"16.3.1","Lillia","å«ç¾èè¾","Lillia","P","æ¢¦æ»¡æ","Dream-Laden Bough","Lillia_Icon_Passive.png","被动","无","否","无/未标注","伤害 | 治疗/回复","无"
"16.3.1","Lillia","å«ç¾èè¾","Lillia","Q","é£è±æ","Blooming Blows","LilliaQ","主动","{{ abilityresourcename }}","是","混合(魔法+真实)","充能技能 | 伤害 | 自我增益","无"
"16.3.1","Lillia","å«ç¾èè¾","Lillia","W","ææ¶æ¨","Watch Out! Eep!","LilliaW","主动","{{ abilityresourcename }}","是","魔","充能技能 | 伤害","无"
"16.3.1","Lillia","å«ç¾èè¾","Lillia","E","æµæ¶¡ç§","Swirlseed","LilliaE","主动","{{ abilityresourcename }}","是","魔","充能技能 | 控制 | 伤害","减速"
"16.3.1","Lillia","å«ç¾èè¾","Lillia","R","å¤éè°£","Lilting Lullaby","LilliaR","主动","{{ abilityresourcename }}","是","魔","充能技能 | 控制 | 伤害","睡眠"
"16.3.1","Lissandra","å°éå¥³å·«","Lissandra","P","å°èé©±å½¹","Iceborn Subjugation","Lissandra_Passive.png","被动","无","否","魔","控制 | 伤害","减速"
"16.3.1","Lissandra","å°éå¥³å·«","Lissandra","Q","å¯å°ç¢ç","Ice Shard","LissandraQ","主动","{{ abilityresourcename }}","是","魔","充能技能 | 控制 | 伤害","减速"
"16.3.1","Lissandra","å°éå¥³å·«","Lissandra","W","å°éä¹ç¯","Ring of Frost","LissandraW","主动","{{ abilityresourcename }}","是","魔","充能技能 | 控制 | 伤害 | 召唤/部署","禁锢"
"16.3.1","Lissandra","å°éå¥³å·«","Lissandra","E","å°å·ä¹å¾","Glacial Path","LissandraE","主动","{{ abilityresourcename }}","是","魔","充能技能 | 二段/形态切换 | 伤害 | 位移 | 召唤/部署","无"
"16.3.1","Lissandra","å°éå¥³å·«","Lissandra","R","å°å°éµå¢","Frozen Tomb","LissandraR","主动","{{ abilityresourcename }}","是","魔","不可选取/无敌/霸体 | 充能技能 | 敌方减益 | 控制 | 伤害 | 斩杀/缺失生命值联动 | 治疗/回复 | 资源交互","减速 | 眩晕"
"16.3.1","Lucian","å£æªæ¸¸ä¾ ","Lucian","P","å£åé¶å¼¹","Lightslinger","Lucian_Passive.png","被动","无","否","魔","护盾 | 伤害 | 治疗/回复","无"
"16.3.1","Lucian","å£æªæ¸¸ä¾ ","Lucian","Q","éä½å£å","Piercing Light","LucianQ","主动","{{ abilityresourcename }}","是","物","充能技能 | 伤害","无"
"16.3.1","Lucian","å£æªæ¸¸ä¾ ","Lucian","W","ç­è¯çå¼¹","Ardent Blaze","LucianW","主动","{{ abilityresourcename }}","是","魔","充能技能 | 伤害 | 自我增益","无"
"16.3.1","Lucian","å£æªæ¸¸ä¾ ","Lucian","E","å·é·è¿½å»","Relentless Pursuit","LucianE","主动","{{ abilityresourcename }}","是","无/未标注","充能技能 | 敌方减益 | 二段/形态切换 | 位移","无"
"16.3.1","Lucian","å£æªæ¸¸ä¾ ","Lucian","R","å£æªæ´ç¤¼","The Culling","LucianR","主动","{{ abilityresourcename }}","是","物","充能技能 | 二段/形态切换 | 伤害","无"
"16.3.1","Lulu","ä»çµå¥³å·«","Lulu","P","ç®åæ¯ï¼ä»çµä¼ä¼´","Pix, Faerie Companion","Lulu_PixFaerieCompanion.png","被动","无","否","无/未标注","资源交互","无"
"16.3.1","Lulu","ä»çµå¥³å·«","Lulu","Q","éªèé¿æª","Glitterlance","LuluQ","主动","{{ abilityresourcename }}","是","魔","充能技能 | 控制 | 伤害 | 资源交互","减速"
"16.3.1","Lulu","ä»çµå¥³å·«","Lulu","W","å¥æå¦æ³","Whimsy","LuluW","主动","{{ abilityresourcename }}","是","无/未标注","充能技能 | 控制 | 自我增益","变形"
"16.3.1","Lulu","ä»çµå¥³å·«","Lulu","E","å¸®å¿ï¼ç®åæ¯ï¼","Help, Pix!","LuluE","主动","{{ abilityresourcename }}","是","魔","充能技能 | 护盾 | 伤害 | 位移","无"
"16.3.1","Lulu","ä»çµå¥³å·«","Lulu","R","çéçé¿","Wild Growth","LuluR","主动","{{ abilityresourcename }}","是","无/未标注","充能技能 | 控制 | 治疗/回复 | 自我增益","减速"
"16.3.1","Lux","åè¾å¥³é","Lux","P","åèåå°","Illumination","LuxIlluminatingFraulein.png","被动","无","否","魔","伤害 | 资源交互","无"
"16.3.1","Lux","åè¾å¥³é","Lux","Q","åä¹æç¼","Light Binding","LuxLightBinding","主动","{{ abilityresourcename }}","是","魔","充能技能 | 控制 | 伤害","禁锢"
"16.3.1","Lux","åè¾å¥³é","Lux","W","æ²åå±é","Prismatic Barrier","LuxPrismaticWave","主动","{{ abilityresourcename }}","是","无/未标注","充能技能 | 护盾 | 伤害","无"
"16.3.1","Lux","åè¾å¥³é","Lux","E","éåå¥ç¹","Lucent Singularity","LuxLightStrikeKugel","主动","{{ abilityresourcename }}","是","魔","充能技能 | 二段/形态切换 | 控制 | 伤害 | 召唤/部署","减速"
"16.3.1","Lux","åè¾å¥³é","Lux","R","ç»æéªå","Final Spark","LuxR","主动","{{ abilityresourcename }}","是","魔","充能技能 | 伤害 | 资源交互","无"
"16.3.1","Malphite","çå²©å·¨å½","Malphite","P","è±å²å²©æ¤ç¾","Granite Shield","Malphite_GraniteShield.png","被动","无","否","无/未标注","护盾 | 伤害 | 治疗/回复","无"
"16.3.1","Malphite","çå²©å·¨å½","Malphite","Q","å°éç¢ç","Seismic Shard","SeismicShard","主动","{{ abilityresourcename }}","是","魔","充能技能 | 控制 | 伤害","减速"
"16.3.1","Malphite","çå²©å·¨å½","Malphite","W","é·éæå»","Thunderclap","Obduracy","主动","{{ abilityresourcename }}","是","物","充能技能 | 护盾 | 伤害 | 召唤/部署 | 自我增益","无"
"16.3.1","Malphite","çå²©å·¨å½","Malphite","E","å¤§å°éé¢¤","Ground Slam","Landslide","主动","{{ abilityresourcename }}","是","魔","充能技能 | 敌方减益 | 伤害 | 自我增益","无"
"16.3.1","Malphite","çå²©å·¨å½","Malphite","R","å¿ä¸å¯æ¡","Unstoppable Force","UFSlash","主动","{{ abilityresourcename }}","是","魔","不可选取/无敌/霸体 | 充能技能 | 伤害 | 位移","无"
"16.3.1","Malzahar","èç©ºåç¥","Malzahar","P","èç©ºç©¿è¶","Void Shift","Malzahar_Passive.png","被动","无","否","无/未标注","伤害 | 自我增益","无"
"16.3.1","Malzahar","èç©ºåç¥","Malzahar","Q","èç©ºå¬å¤","Call of the Void","MalzaharQ","主动","{{ abilityresourcename }}","是","魔","充能技能 | 控制 | 伤害","沉默"
"16.3.1","Malzahar","èç©ºåç¥","Malzahar","W","èç©ºè«ç¾¤","Void Swarm","MalzaharW","主动","{{ abilityresourcename }}","否","魔","伤害 | 召唤/部署","无"
"16.3.1","Malzahar","èç©ºåç¥","Malzahar","E","çæå¹»è±¡","Malefic Visions","MalzaharE","主动","{{ abilityresourcename }}","是","魔","充能技能 | 伤害 | 斩杀/缺失生命值联动 | 治疗/回复 | 资源交互 | 自我增益","无"
"16.3.1","Malzahar","èç©ºåç¥","Malzahar","R","å¥åºä¹æ¡","Nether Grasp","MalzaharR","主动","{{ abilityresourcename }}","是","魔","充能技能 | 控制 | 伤害 | 治疗/回复 | 资源交互","压制"
"16.3.1","Maokai","æ­æ²æ ç²¾","Maokai","P","å¸åç§æ¯","Sap Magic","Maokai_Passive.png","被动","无","否","无/未标注","敌方减益 | 伤害 | 治疗/回复","无"
"16.3.1","Maokai","æ­æ²æ ç²¾","Maokai","Q","èæ£éå»","Bramble Smash","MaokaiQ","主动","{{ abilityresourcename }}","是","魔","充能技能 | 控制 | 伤害 | 治疗/回复","击退 | 减速"
"16.3.1","Maokai","æ­æ²æ ç²¾","Maokai","W","æ­æ²çªåº","Twisted Advance","MaokaiW","主动","{{ abilityresourcename }}","是","魔","不可选取/无敌/霸体 | 充能技能 | 二段/形态切换 | 控制 | 伤害 | 位移","禁锢"
"16.3.1","Maokai","æ­æ²æ ç²¾","Maokai","E","æ èææ·","Sapling Toss","MaokaiE","主动","{{ abilityresourcename }}","是","魔","充能技能 | 敌方减益 | 控制 | 伤害","减速"
"16.3.1","Maokai","æ­æ²æ ç²¾","Maokai","R","èªç¶ä¹æ¡","Nature's Grasp","MaokaiR","主动","{{ abilityresourcename }}","是","魔","充能技能 | 二段/形态切换 | 控制 | 伤害 | 召唤/部署","减速 | 禁锢"
"16.3.1","MasterYi","æ æåå£","Master Yi","P","åéæå»","Double Strike","MasterYi_Passive1.png","被动","无","否","无/未标注","伤害","无"
"16.3.1","MasterYi","æ æåå£","Master Yi","Q","é¿å°æ³çªè¢­","Alpha Strike","AlphaStrike","主动","{{ abilityresourcename }}","是","物","不可选取/无敌/霸体 | 充能技能 | 敌方减益 | 控制 | 伤害 | 位移","致盲"
"16.3.1","MasterYi","æ æåå£","Master Yi","W","å¥æ³","Meditate","Meditate","主动","Mana (+{{ percentmanacostpersecond*100 }}% Max Mana per second)","是","无/未标注","充能技能 | 敌方减益 | 伤害 | 斩杀/缺失生命值联动 | 治疗/回复","无"
"16.3.1","MasterYi","æ æåå£","Master Yi","E","æ æåé","Wuju Style","WujuStyle","主动","No Cost","是","真","充能技能 | 伤害","无"
"16.3.1","MasterYi","æ æåå£","Master Yi","R","é«åè¡ç»","Highlander","Highlander","主动","{{ abilityresourcename }}","是","无/未标注","充能技能 | 敌方减益 | 控制 | 自我增益","减速"
"16.3.1","Mel","æµåéå½±","Mel","P","ç¼ç¼ä¹å","Searing Brilliance","Mel_Passive.png","被动","无","否","无/未标注","伤害 | 斩杀/缺失生命值联动 | 自我增益","无"
"16.3.1","Mel","æµåéå½±","Mel","Q","èåé½å°","Radiant Volley","MelQ","主动","{{ abilityresourcename }}","是","魔","充能技能 | 伤害 | 资源交互","无"
"16.3.1","Mel","æµåéå½±","Mel","W","çµé­æé","Rebuttal","MelW","主动","{{ abilityresourcename }}","是","魔","充能技能 | 护盾 | 伤害 | 自我增益","无"
"16.3.1","Mel","æµåéå½±","Mel","E","é³çæ¶¡æ","Solar Snare","MelE","主动","{{ abilityresourcename }}","是","魔","充能技能 | 控制 | 伤害","减速 | 禁锢"
"16.3.1","Mel","æµåéå½±","Mel","R","ééèæ¥","Golden Eclipse","MelR","主动","{{ abilityresourcename }}","是","魔","充能技能 | 二段/形态切换 | 伤害","无"
"16.3.1","Milio","æç","Milio","P","ç­ææ´æº¢ï¼","Fired Up!","Milio_P.png","被动","无","否","无/未标注","伤害","无"
"16.3.1","Milio","æç","Milio","Q","ç«çé£è¸¢","Ultra Mega Fire Kick","MilioQ","主动","{{ abilityresourcename }}","是","魔","充能技能 | 控制 | 伤害 | 资源交互","减速"
"16.3.1","Milio","æç","Milio","W","ä¾ä¾ä¸è","Cozy Campfire","MilioW","主动","{{ abilityresourcename }}","是","无/未标注","充能技能 | 二段/形态切换 | 召唤/部署 | 治疗/回复 | 自我增益","无"
"16.3.1","Milio","æç","Milio","E","èèæè°","Warm Hugs","MilioE","主动","{{ abilityresourcename }}","是","无/未标注","充能技能 | 护盾 | 自我增益","无"
"16.3.1","Milio","æç","Milio","R","ççä¸æ¯","Breath of Life","MilioR","主动","{{ abilityresourcename }}","是","无/未标注","充能技能 | 治疗/回复 | 自我增益","无"
"16.3.1","MissFortune","èµéçäºº","Miss Fortune","P","åè¿çç·é¡¾","Love Tap","MissFortune_W.png","被动","无","否","物","伤害","无"
"16.3.1","MissFortune","èµéçäºº","Miss Fortune","Q","ä¸ç®­åé","Double Up","MissFortuneRicochetShot","主动","{{ abilityresourcename }}","是","物","充能技能 | 伤害","无"
"16.3.1","MissFortune","èµéçäºº","Miss Fortune","W","å¤§æ­¥æµæ","Strut","MissFortuneViciousStrikes","主动","{{ abilityresourcename }}","是","无/未标注","充能技能 | 敌方减益 | 伤害 | 自我增益","无"
"16.3.1","MissFortune","èµéçäºº","Miss Fortune","E","æªæå¼¹é¨","Make It Rain","MissFortuneScattershot","主动","{{ abilityresourcename }}","是","魔","充能技能 | 控制 | 伤害","减速"
"16.3.1","MissFortune","èµéçäºº","Miss Fortune","R","å¼¹å¹æ¶é´","Bullet Time","MissFortuneBulletTime","主动","{{ abilityresourcename }}","是","物","充能技能 | 伤害 | 资源交互","无"
"16.3.1","MonkeyKing","é½å¤©å¤§å£","Wukong","P","éåä¸å","Stone Skin","MonkeyKingStoneSkin.png","被动","无","否","无/未标注","治疗/回复 | 自我增益","无"
"16.3.1","MonkeyKing","é½å¤©å¤§å£","Wukong","Q","ç²ç¢æå»","Crushing Blow","MonkeyKingDoubleAttack","主动","{{ abilityresourcename }}","是","物","充能技能 | 敌方减益 | 伤害 | 召唤/部署 | 自我增益","无"
"16.3.1","MonkeyKing","é½å¤©å¤§å£","Wukong","W","çåç´ç","Warrior Trickster","MonkeyKingDecoy","主动","{{ abilityresourcename }}","是","无/未标注","充能技能 | 伤害 | 位移 | 隐身/伪装 | 召唤/部署","无"
"16.3.1","MonkeyKing","é½å¤©å¤§å£","Wukong","E","è¾äºçªå»","Nimbus Strike","MonkeyKingNimbus","主动","{{ abilityresourcename }}","是","魔","充能技能 | 伤害 | 位移 | 召唤/部署 | 自我增益","无"
"16.3.1","MonkeyKing","é½å¤©å¤§å£","Wukong","R","å¤§é¹å¤©å®«","Cyclone","MonkeyKingSpinToWin","主动","{{ abilityresourcename }}","是","物","充能技能 | 控制 | 伤害 | 召唤/部署 | 治疗/回复 | 自我增益","击飞"
"16.3.1","Mordekaiser","éé å¥é­","Mordekaiser","P","é»æèµ·å®","Darkness Rise","MordekaiserPassive.png","被动","无","否","无/未标注","伤害 | 自我增益","无"
"16.3.1","Mordekaiser","éé å¥é­","Mordekaiser","Q","ç ´ç­ä¹é¤","Obliterate","MordekaiserQ","主动","No Cost","是","魔","充能技能 | 伤害","无"
"16.3.1","Mordekaiser","éé å¥é­","Mordekaiser","W","ä¸åä¹èº«","Indestructible","MordekaiserW","主动","No Cost","是","无/未标注","充能技能 | 二段/形态切换 | 护盾 | 伤害 | 治疗/回复 | 自我增益","无"
"16.3.1","Mordekaiser","éé å¥é­","Mordekaiser","E","æ­é­ä¸æ¼","Death's Grasp","MordekaiserE","主动","No Cost","是","魔","充能技能 | 复活/免死相关 | 伤害 | 自我增益","无"
"16.3.1","Mordekaiser","éé å¥é­","Mordekaiser","R","è½®åç»å¢","Realm of Death","MordekaiserR","主动","No Cost","是","无/未标注","充能技能 | 复活/免死相关 | 召唤/部署","无"
"16.3.1","Morgana","å è½å¤©ä½¿","Morgana","P","çµé­å¸å","Soul Siphon","FallenAngel_Empathize.png","被动","无","否","无/未标注","伤害 | 治疗/回复","无"
"16.3.1","Morgana","å è½å¤©ä½¿","Morgana","Q","æä¹ç¦é¢","Dark Binding","MorganaQ","主动","{{ abilityresourcename }}","是","魔","充能技能 | 控制 | 伤害","禁锢"
"16.3.1","Morgana","å è½å¤©ä½¿","Morgana","W","æç£¨ä¹å½±","Tormented Shadow","MorganaW","主动","{{ abilityresourcename }}","是","魔","充能技能 | 敌方减益 | 伤害 | 斩杀/缺失生命值联动 | 治疗/回复","无"
"16.3.1","Morgana","å è½å¤©ä½¿","Morgana","E","é»æä¹ç¾","Black Shield","MorganaE","主动","{{ abilityresourcename }}","是","无/未标注","充能技能 | 护盾 | 伤害","无"
"16.3.1","Morgana","å è½å¤©ä½¿","Morgana","R","çµé­é£é","Soul Shackles","MorganaR","主动","{{ abilityresourcename }}","是","魔","充能技能 | 控制 | 伤害 | 自我增益","减速 | 眩晕"
"16.3.1","Naafiri","ç¾è£å¥ç¬","Naafiri","P","ççç§ç¾¤","We Are More","Icons_Naafiri_P.png","被动","无","否","无/未标注","召唤/部署","无"
"16.3.1","Naafiri","ç¾è£å¥ç¬","Naafiri","Q","æè£ç¬ç","Darkin Daggers","NaafiriQ","主动","{{ abilityresourcename }}","是","物","充能技能 | 二段/形态切换 | 伤害 | 位移 | 斩杀/缺失生命值联动 | 治疗/回复","无"
"16.3.1","Naafiri","ç¾è£å¥ç¬","Naafiri","W","æ´å¼","The Call of the Pack","NaafiriR","主动","{{ abilityresourcename }}","是","无/未标注","不可选取/无敌/霸体 | 充能技能 | 伤害 | 召唤/部署 | 自我增益","无"
"16.3.1","Naafiri","ç¾è£å¥ç¬","Naafiri","E","åéª¨æ¬è½","Eviscerate","NaafiriE","主动","{{ abilityresourcename }}","是","物","不可选取/无敌/霸体 | 充能技能 | 伤害 | 位移 | 治疗/回复","无"
"16.3.1","Naafiri","ç¾è£å¥ç¬","Naafiri","R","ççè¡æ§","Hounds' Pursuit","NaafiriW","主动","{{ abilityresourcename }}","是","物","不可选取/无敌/霸体 | 充能技能 | 二段/形态切换 | 护盾 | 控制 | 伤害 | 位移","减速"
"16.3.1","Nami","å¤æ½®é²å§¬","Nami","P","è¸æµªä¹è¡","Surging Tides","NamiPassive.png","被动","无","否","无/未标注","无","无"
"16.3.1","Nami","å¤æ½®é²å§¬","Nami","Q","ç¢§æ³¢ä¹ç¢","Aqua Prison","NamiQ","主动","{{ abilityresourcename }}","是","魔","充能技能 | 控制 | 伤害","眩晕"
"16.3.1","Nami","å¤æ½®é²å§¬","Nami","W","å²å»ä¹æ½®","Ebb and Flow","NamiW","主动","{{ abilityresourcename }}","是","魔","充能技能 | 伤害 | 治疗/回复","无"
"16.3.1","Nami","å¤æ½®é²å§¬","Nami","E","å¤æ½®ä¹ä½","Tidecaller's Blessing","NamiE","主动","{{ abilityresourcename }}","是","魔","充能技能 | 控制 | 伤害 | 自我增益","减速"
"16.3.1","Nami","å¤æ½®é²å§¬","Nami","R","ææ¶ä¹å¸","Tidal Wave","NamiR","主动","{{ abilityresourcename }}","是","魔","充能技能 | 二段/形态切换 | 控制 | 伤害 | 召唤/部署","减速"
"16.3.1","Nasus","æ²æ¼ æ­»ç¥","Nasus","P","åå¬çµé­","Soul Eater","Nasus_Passive.png","被动","无","否","无/未标注","资源交互","无"
"16.3.1","Nasus","æ²æ¼ æ­»ç¥","Nasus","Q","æ±²é­çå»","Siphoning Strike","NasusQ","主动","{{ abilityresourcename }}","是","物","充能技能 | 伤害 | 自我增益","无"
"16.3.1","Nasus","æ²æ¼ æ­»ç¥","Nasus","W","æ¯è","Wither","NasusW","主动","{{ abilityresourcename }}","是","无/未标注","充能技能 | 敌方减益 | 控制 | 自我增益","减速"
"16.3.1","Nasus","æ²æ¼ æ­»ç¥","Nasus","E","çµé­çç°","Spirit Fire","NasusE","主动","{{ abilityresourcename }}","是","魔","充能技能 | 伤害","无"
"16.3.1","Nasus","æ²æ¼ æ­»ç¥","Nasus","R","æ­»ç¥éä¸´","Fury of the Sands","NasusR","主动","{{ abilityresourcename }}","是","魔","充能技能 | 敌方减益 | 二段/形态切换 | 伤害 | 治疗/回复 | 资源交互 | 自我增益","无"
"16.3.1","Nautilus","æ·±æµ·æ³°å¦","Nautilus","P","æå±±åæµ·","Staggering Blow","Nautilus_StaggeringBlow.png","被动","无","否","物","控制 | 伤害 | 自我增益","禁锢"
"16.3.1","Nautilus","æ·±æµ·æ³°å¦","Nautilus","Q","çéèªé","Dredge Line","NautilusAnchorDrag","主动","{{ abilityresourcename }}","是","魔","充能技能 | 控制 | 伤害","眩晕"
"16.3.1","Nautilus","æ·±æµ·æ³°å¦","Nautilus","W","æ³°å¦ä¹æ","Titan's Wrath","NautilusPiercingGaze","主动","{{ abilityresourcename }}","是","魔","充能技能 | 护盾 | 伤害 | 自我增益","无"
"16.3.1","Nautilus","æ·±æµ·æ³°å¦","Nautilus","E","ææµæ¶å¨","Riptide","NautilusSplashZone","主动","{{ abilityresourcename }}","是","魔","充能技能 | 控制 | 伤害","减速"
"16.3.1","Nautilus","æ·±æµ·æ³°å¦","Nautilus","R","æ·±æµ·å²å»","Depth Charge","NautilusGrandLine","主动","{{ abilityresourcename }}","是","魔","充能技能 | 控制 | 伤害","击飞 | 眩晕"
"16.3.1","Neeko","ä¸è±éçµ","Neeko","P","å¤©çå¹»é­","Inherent Glamour","Neeko_P.png","被动","无","否","无/未标注","伤害 | 治疗/回复","无"
"16.3.1","Neeko","ä¸è±éçµ","Neeko","Q","çå¼è±ç§","Blooming Burst","NeekoQ","主动","{{ abilityresourcename }}","是","魔","充能技能 | 伤害","无"
"16.3.1","Neeko","ä¸è±éçµ","Neeko","W","ä¸¤çè±å½±","Shapesplitter","NeekoW","主动","No Cost","是","魔","充能技能 | 二段/形态切换 | 伤害 | 隐身/伪装 | 召唤/部署","无"
"16.3.1","Neeko","ä¸è±éçµ","Neeko","E","ç¼ ç»ååº","Tangle-Barbs","NeekoE","主动","{{ abilityresourcename }}","是","魔","充能技能 | 控制 | 伤害 | 自我增益","禁锢"
"16.3.1","Neeko","ä¸è±éçµ","Neeko","R","ææ¾","Pop Blossom","NeekoR","主动","{{ abilityresourcename }}","是","魔","充能技能 | 控制 | 伤害 | 位移 | 隐身/伪装","眩晕"
"16.3.1","Nidalee","çéå¥³çæ","Nidalee","P","å¯»è§","Prowl","Nidalee_Passive.png","被动","无","否","无/未标注","自我增益","无"
"16.3.1","Nidalee","çéå¥³çæ","Nidalee","Q","æ æªææ· / æ¨å","Javelin Toss / Takedown","JavelinToss","主动","{{ abilityresourcename }}","是","魔","充能技能 | 二段/形态切换 | 伤害 | 自我增益","无"
"16.3.1","Nidalee","çéå¥³çæ","Nidalee","W","ä¸æä¼å» / çæ","Bushwhack / Pounce","Bushwhack","主动","{{ abilityresourcename }}","否","魔","伤害 | 位移 | 隐身/伪装 | 召唤/部署","无"
"16.3.1","Nidalee","çéå¥³çæ","Nidalee","E","éæ§å¥è¾ / æ¥å»","Primal Surge / Swipe","PrimalSurge","主动","{{ abilityresourcename }}","是","无/未标注","充能技能 | 伤害 | 斩杀/缺失生命值联动 | 治疗/回复 | 自我增益","无"
"16.3.1","Nidalee","çéå¥³çæ","Nidalee","R","ç¾æ´²ç®å½¢æ","Aspect Of The Cougar","AspectOfTheCougar","主动","No Cost","是","无/未标注","充能技能 | 二段/形态切换","无"
"16.3.1","Nilah","ä¸ç¾ä¹æ¦","Nilah","P","åè²å·æµ","Joy Unending","NIlahP.png","被动","无","否","无/未标注","护盾 | 治疗/回复 | 自我增益","无"
"16.3.1","Nilah","ä¸ç¾ä¹æ¦","Nilah","Q","æ¸¸åä¸å","Formless Blade","NilahQ","主动","{{ abilityresourcename }}","是","物","充能技能 | 护盾 | 伤害 | 治疗/回复 | 自我增益","无"
"16.3.1","Nilah","ä¸ç¾ä¹æ¦","Nilah","W","è½»çº±é£æ¼¾","Jubilant Veil","NilahW","主动","{{ abilityresourcename }}","是","魔","充能技能 | 伤害 | 自我增益","无"
"16.3.1","Nilah","ä¸ç¾ä¹æ¦","Nilah","E","çºµæéæµ","Slipstream","NilahE","主动","{{ abilityresourcename }}","是","物","充能技能 | 伤害 | 位移","无"
"16.3.1","Nilah","ä¸ç¾ä¹æ¦","Nilah","R","ç¥æ©æ¿è¡","Apotheosis","NilahR","主动","{{ abilityresourcename }}","是","物","充能技能 | 护盾 | 伤害 | 治疗/回复","无"
"16.3.1","Nocturne","æ°¸ææ¢¦é­","Nocturne","P","æå½±ä¹å","Umbra Blades","Nocturne_UmbraBlades.png","被动","无","否","物","敌方减益 | 伤害 | 治疗/回复","无"
"16.3.1","Nocturne","æ°¸ææ¢¦é­","Nocturne","Q","æ¢¦é­ä¹å¾","Duskbringer","NocturneDuskbringer","主动","{{ abilityresourcename }}","是","物","充能技能 | 伤害 | 自我增益","无"
"16.3.1","Nocturne","æ°¸ææ¢¦é­","Nocturne","W","é»æåºæ¤","Shroud of Darkness","NocturneShroudofDarkness","主动","{{ abilityresourcename }}","是","无/未标注","充能技能 | 护盾 | 召唤/部署 | 自我增益","无"
"16.3.1","Nocturne","æ°¸ææ¢¦é­","Nocturne","E","æ è¨ææ§","Unspeakable Horror","NocturneUnspeakableHorror","主动","{{ abilityresourcename }}","是","魔","充能技能 | 控制 | 伤害 | 自我增益","恐惧"
"16.3.1","Nocturne","æ°¸ææ¢¦é­","Nocturne","R","é¬¼å½±éé","Paranoia","NocturneParanoia","主动","{{ abilityresourcename }}","是","物","充能技能 | 敌方减益 | 二段/形态切换 | 伤害","无"
"16.3.1","Nunu","éªååå­","Nunu & Willump","P","å¼é·å°åå¾·çå¬å¤","Call of the Freljord","NunuPassive.png","被动","无","否","无/未标注","伤害 | 自我增益","无"
"16.3.1","Nunu","éªååå­","Nunu & Willump","Q","åå¬","Consume","NunuQ","主动","Mana","是","混合(魔法+真实)","充能技能 | 伤害 | 斩杀/缺失生命值联动 | 治疗/回复 | 自我增益","无"
"16.3.1","Nunu","éªååå­","Nunu & Willump","W","å²ä¸æå¤§éªçï¼","Biggest Snowball Ever!","NunuW","主动","{{ abilityresourcename }}","是","魔","充能技能 | 二段/形态切换 | 控制 | 伤害 | 召唤/部署","减速"
"16.3.1","Nunu","éªååå­","Nunu & Willump","E","éªçé£å°","Snowball Barrage","NunuE","主动","{{ abilityresourcename }}","是","魔","充能技能 | 二段/形态切换 | 控制 | 伤害 | 资源交互","减速 | 禁锢"
"16.3.1","Nunu","éªååå­","Nunu & Willump","R","ç»å¯¹é¶åº¦","Absolute Zero","NunuR","主动","{{ abilityresourcename }}","是","魔","充能技能 | 二段/形态切换 | 护盾 | 控制 | 伤害","减速"
"16.3.1","Olaf","çæå£«","Olaf","P","çæä¹æ","Berserker Rage","Olaf_Passive.png","被动","无","否","无/未标注","斩杀/缺失生命值联动 | 治疗/回复 | 资源交互 | 自我增益","无"
"16.3.1","Olaf","çæå£«","Olaf","Q","éæµææ·","Undertow","OlafAxeThrowCast","主动","{{ abilityresourcename }}","是","物","充能技能 | 敌方减益 | 二段/形态切换 | 控制 | 伤害","减速"
"16.3.1","Olaf","çæå£«","Olaf","W","æºè¿å»","Tough It Out","OlafFrenziedStrikes","主动","{{ abilityresourcename }}","是","无/未标注","充能技能 | 护盾 | 斩杀/缺失生命值联动 | 治疗/回复 | 自我增益","无"
"16.3.1","Olaf","çæå£«","Olaf","E","é²è½æ¥å»","Reckless Swing","OlafRecklessStrike","主动","Health","是","真","充能技能 | 伤害 | 治疗/回复","无"
"16.3.1","Olaf","çæå£«","Olaf","R","è¯¸ç¥é»æ","Ragnarok","OlafRagnarok","主动","{{ abilityresourcename }}","是","无/未标注","充能技能 | 伤害 | 自我增益","无"
"16.3.1","Orianna","åæ¡é­çµ","Orianna","P","åæ¡åå¥","Clockwork Windup","OriannaPassive.png","被动","无","否","魔","伤害","无"
"16.3.1","Orianna","åæ¡é­çµ","Orianna","Q","æä»¤ï¼æ»å»","Command: Attack","OrianaIzunaCommand","主动","{{ abilityresourcename }}","是","魔","充能技能 | 伤害","无"
"16.3.1","Orianna","åæ¡é­çµ","Orianna","W","æä»¤ï¼æé³","Command: Dissonance","OrianaDissonanceCommand","主动","{{ abilityresourcename }}","是","魔","充能技能 | 控制 | 伤害 | 资源交互","减速"
"16.3.1","Orianna","åæ¡é­çµ","Orianna","E","æä»¤ï¼é²å«","Command: Protect","OrianaRedactCommand","主动","{{ abilityresourcename }}","是","魔","充能技能 | 护盾 | 伤害","无"
"16.3.1","Orianna","åæ¡é­çµ","Orianna","R","æä»¤ï¼å²å»æ³¢","Command: Shockwave","OrianaDetonateCommand","主动","{{ abilityresourcename }}","是","魔","充能技能 | 伤害","无"
"16.3.1","Ornn","å±±éä¹ç°","Ornn","P","æ´»ä½é»ç","Living Forge","OrnnP.png","被动","无","否","无/未标注","自我增益","无"
"16.3.1","Ornn","å±±éä¹ç°","Ornn","Q","ç«å±±çªå ","Volcanic Rupture","OrnnQ","主动","{{ abilityresourcename }}","是","物","充能技能 | 控制 | 伤害","减速"
"16.3.1","Ornn","å±±éä¹ç°","Ornn","W","é£ç®±çæ¯","Bellows Breath","OrnnW","主动","{{ abilityresourcename }}","是","魔","充能技能 | 伤害 | 治疗/回复 | 自我增益","无"
"16.3.1","Ornn","å±±éä¹ç°","Ornn","E","ç½çå²é","Searing Charge","OrnnE","主动","{{ abilityresourcename }}","是","物","充能技能 | 伤害 | 召唤/部署","无"
"16.3.1","Ornn","å±±éä¹ç°","Ornn","R","çé¸ä¹ç¥çå¬å¤","Call of the Forge God","OrnnR","主动","{{ abilityresourcename }}","是","魔","充能技能 | 二段/形态切换 | 控制 | 伤害 | 位移 | 召唤/部署 | 自我增益","击飞 | 减速"
"16.3.1","Pantheon","ä¸å±ä¹æª","Pantheon","P","ç¢å¿ä¸é","Mortal Will","Pantheon_Passive.png","被动","无","否","无/未标注","自我增益","无"
"16.3.1","Pantheon","ä¸å±ä¹æª","Pantheon","Q","è´¯æé¿æª","Comet Spear","PantheonQ","主动","{{ abilityresourcename }}","是","物","充能技能 | 伤害 | 斩杀/缺失生命值联动 | 治疗/回复 | 自我增益","无"
"16.3.1","Pantheon","ä¸å±ä¹æª","Pantheon","W","æç¾è·å»","Shield Vault","PantheonW","主动","{{ abilityresourcename }}","是","物","充能技能 | 护盾 | 控制 | 伤害 | 位移 | 治疗/回复","眩晕"
"16.3.1","Pantheon","ä¸å±ä¹æª","Pantheon","E","ç¥ä½æªéµ","Aegis Assault","PantheonE","主动","{{ abilityresourcename }}","是","物","不可选取/无敌/霸体 | 充能技能 | 敌方减益 | 护盾 | 伤害 | 自我增益","无"
"16.3.1","Pantheon","ä¸å±ä¹æª","Pantheon","R","å¤§èæé¨","Grand Starfall","PantheonR","主动","{{ abilityresourcename }}","是","混合(物理+魔法)","充能技能 | 控制 | 伤害 | 位移 | 自我增益","减速"
"16.3.1","Poppy","å£é¤ä¹æ¯","Poppy","P","é¢éå¤§ä½¿","Iron Ambassador","Poppy_Passive.png","被动","无","否","无/未标注","护盾","无"
"16.3.1","Poppy","å£é¤ä¹æ¯","Poppy","Q","å£é¤çå»","Hammer Shock","PoppyQ","主动","{{ abilityresourcename }}","是","物","充能技能 | 控制 | 伤害 | 治疗/回复","减速"
"16.3.1","Poppy","å£é¤ä¹æ¯","Poppy","W","åå®é£é","Steadfast Presence","PoppyW","主动","{{ abilityresourcename }}","是","魔","充能技能 | 控制 | 伤害 | 位移 | 斩杀/缺失生命值联动 | 治疗/回复 | 自我增益","缚地 | 减速"
"16.3.1","Poppy","å£é¤ä¹æ¯","Poppy","E","è±åå²é","Heroic Charge","PoppyE","主动","{{ abilityresourcename }}","是","物","充能技能 | 控制 | 伤害 | 位移","眩晕"
"16.3.1","Poppy","å£é¤ä¹æ¯","Poppy","R","æå«çè£å³","Keeper's Verdict","PoppyR","主动","{{ abilityresourcename }}","是","物","不可选取/无敌/霸体 | 充能技能 | 二段/形态切换 | 控制 | 伤害","击退 | 减速"
"16.3.1","Pyke","è¡æ¸¯é¬¼å½±","Pyke","P","æººæ°´ä¹å¹¸","Gift of the Drowned Ones","PykePassive.png","被动","无","否","无/未标注","伤害 | 隐身/伪装 | 治疗/回复 | 自我增益","无"
"16.3.1","Pyke","è¡æ¸¯é¬¼å½±","Pyke","Q","ééª¨å°é","Bone Skewer","PykeQ","主动","{{ abilityresourcename }}","是","物","充能技能 | 控制 | 伤害 | 资源交互","减速"
"16.3.1","Pyke","è¡æ¸¯é¬¼å½±","Pyke","W","å¹½æ½­æ½è¡","Ghostwater Dive","PykeW","主动","{{ abilityresourcename }}","是","无/未标注","充能技能 | 隐身/伪装 | 自我增益","无"
"16.3.1","Pyke","è¡æ¸¯é¬¼å½±","Pyke","E","é­å½±æµªæ´","Phantom Undertow","PykeE","主动","{{ abilityresourcename }}","是","物","充能技能 | 控制 | 伤害 | 位移","眩晕"
"16.3.1","Pyke","è¡æ¸¯é¬¼å½±","Pyke","R","æ¶æ³ä¹æ¨","Death From Below","PykeR","主动","{{ abilityresourcename }}","是","物","充能技能 | 二段/形态切换 | 复活/免死相关 | 伤害 | 位移 | 斩杀/缺失生命值联动 | 治疗/回复","无"
"16.3.1","Qiyana","åç´ å¥³ç","Qiyana","P","åäººè´µæ°","Royal Privilege","Qiyana_Passive.png","被动","无","否","无/未标注","伤害 | 自我增益","无"
"16.3.1","Qiyana","åç´ å¥³ç","Qiyana","Q","åç´ ä¹æ / ä»¥ç»ªå¡å°ä¹é","Elemental Wrath / Edge of Ixtal","QiyanaQ","主动","{{ abilityresourcename }}","否","物","控制 | 伤害 | 隐身/伪装 | 斩杀/缺失生命值联动 | 治疗/回复 | 自我增益","减速 | 禁锢"
"16.3.1","Qiyana","åç´ å¥³ç","Qiyana","W","æ¹åå¡ä»¤","Terrashape","QiyanaW","主动","{{ abilityresourcename }}","否","魔","伤害 | 位移 | 自我增益","无"
"16.3.1","Qiyana","åç´ å¥³ç","Qiyana","E","å¤©çºµä¹å","Audacity","QiyanaE","主动","{{ abilityresourcename }}","否","物","伤害 | 位移","无"
"16.3.1","Qiyana","åç´ å¥³ç","Qiyana","R","ææç»æ¯","Supreme Display of Talent","QiyanaR","主动","{{ abilityresourcename }}","否","物","二段/形态切换 | 控制 | 伤害 | 治疗/回复","眩晕"
"16.3.1","Quinn","å¾·çè¥¿äºä¹ç¿¼","Quinn","P","ä¾µæ°","Harrier","Quinn_Passive.png","被动","无","否","物","敌方减益 | 伤害 | 自我增益","无"
"16.3.1","Quinn","å¾·çè¥¿äºä¹ç¿¼","Quinn","Q","ç«ç®æ»å¿","Blinding Assault","QuinnQ","主动","{{ abilityresourcename }}","是","物","充能技能 | 敌方减益 | 控制 | 伤害","缴械 | 致盲"
"16.3.1","Quinn","å¾·çè¥¿äºä¹ç¿¼","Quinn","W","æéæç¥","Heightened Senses","QuinnW","主动","No Cost","是","无/未标注","充能技能 | 敌方减益 | 自我增益","无"
"16.3.1","Quinn","å¾·çè¥¿äºä¹ç¿¼","Quinn","E","æç¿æ æ","Vault","QuinnE","主动","{{ abilityresourcename }}","是","物","充能技能 | 敌方减益 | 控制 | 伤害 | 位移","减速"
"16.3.1","Quinn","å¾·çè¥¿äºä¹ç¿¼","Quinn","R","æ·±å¥æå","Behind Enemy Lines","QuinnR","主动","{{ abilityresourcename }}","是","物","充能技能 | 敌方减益 | 二段/形态切换 | 控制 | 伤害 | 位移","致盲"
"16.3.1","Rakan","å¹»ç¿","Rakan","P","å¼è²ç¾½è£³","Fey Feathers","Rakan_P.png","被动","无","否","无/未标注","护盾 | 自我增益","无"
"16.3.1","Rakan","å¹»ç¿","Rakan","Q","å¾®åé£ç¿","Gleaming Quill","RakanQ","主动","{{ abilityresourcename }}","是","魔","充能技能 | 伤害 | 治疗/回复","无"
"16.3.1","Rakan","å¹»ç¿","Rakan","W","çå¤§ç»åº","Grand Entrance","RakanW","主动","{{ abilityresourcename }}","是","魔","充能技能 | 伤害 | 位移","无"
"16.3.1","Rakan","å¹»ç¿","Rakan","E","è½»èæå","Battle Dance","RakanE","主动","{{ abilityresourcename }}","是","无/未标注","充能技能 | 二段/形态切换 | 护盾 | 位移","无"
"16.3.1","Rakan","å¹»ç¿","Rakan","R","æé¸¿è¿é","The Quickness","RakanR","主动","{{ abilityresourcename }}","是","魔","充能技能 | 控制 | 伤害 | 自我增益","魅惑"
"16.3.1","Rammus","æ«ç²é¾é¾","Rammus","P","é¥åºç²å£³","Spiked Shell","Armordillo_ScavengeArmor.png","被动","无","否","无/未标注","二段/形态切换 | 伤害 | 自我增益","无"
"16.3.1","Rammus","æ«ç²é¾é¾","Rammus","Q","å¨åå²åº","Powerball","PowerBall","主动","{{ abilityresourcename }}","是","魔","充能技能 | 二段/形态切换 | 控制 | 伤害","减速"
"16.3.1","Rammus","æ«ç²é¾é¾","Rammus","W","å°åºé²å¾¡","Defensive Ball Curl","DefensiveBallCurl","主动","{{ abilityresourcename }}","是","魔","充能技能 | 二段/形态切换 | 伤害","无"
"16.3.1","Rammus","æ«ç²é¾é¾","Rammus","E","çä¹±å²è®½","Frenzying Taunt","PuncturingTaunt","主动","{{ abilityresourcename }}","是","魔","充能技能 | 控制 | 伤害 | 自我增益","嘲讽"
"16.3.1","Rammus","æ«ç²é¾é¾","Rammus","R","å²å¤©çæ","Soaring Slam","Tremors2","主动","{{ abilityresourcename }}","是","魔","充能技能 | 控制 | 伤害 | 召唤/部署","击飞 | 减速"
"16.3.1","RekSai","èç©ºéå°å½","Rek'Sai","P","è¾åå¡ä¹æ","Fury of the Xer'Sai","RekSai_Passive.png","被动","无","否","无/未标注","治疗/回复 | 资源交互","无"
"16.3.1","RekSai","èç©ºéå°å½","Rek'Sai","Q","å¥³çä¹æ / çç©æå¯»","Queen's Wrath / Prey Seeker","RekSaiQ","主动","No Cost","是","物","充能技能 | 伤害 | 自我增益","无"
"16.3.1","RekSai","èç©ºéå°å½","Rek'Sai","W","éå° / ç ´åèåº","Burrow / Un-burrow","RekSaiW","主动","No Cost","是","无/未标注","充能技能 | 敌方减益 | 控制 | 伤害 | 自我增益","击飞"
"16.3.1","RekSai","èç©ºéå°å½","Rek'Sai","E","çéä¹å¬ / ææé§é","Furious Bite / Tunnel","RekSaiE","主动","No Cost","是","混合(物理+真实)","充能技能 | 伤害 | 召唤/部署 | 资源交互","无"
"16.3.1","RekSai","èç©ºéå°å½","Rek'Sai","R","èç©ºçå²","Void Rush","RekSaiR","主动","No Cost","是","物","不可选取/无敌/霸体 | 充能技能 | 伤害 | 位移 | 治疗/回复","无"
"16.3.1","Rell","ééå°å¥³","Rell","P","æºææ²å","Break the Mold","RellP.png","被动","无","否","魔","伤害","无"
"16.3.1","Rell","ééå°å¥³","Rell","Q","è£éµ","Shattering Strike","RellQ","主动","{{ abilityresourcename }}","是","魔","充能技能 | 护盾 | 控制 | 伤害","眩晕"
"16.3.1","Rell","ééå°å¥³","Rell","W","é©­éæ¯ï¼è½°è½","Ferromancy: Crash Down","RellW_Dismount","主动","{{ abilityresourcename }}","是","魔","充能技能 | 护盾 | 控制 | 伤害 | 位移 | 自我增益","减速"
"16.3.1","Rell","ééå°å¥³","Rell","E","å¨éå²é","Full Tilt","RellE","主动","{{ abilityresourcename }}","是","魔","充能技能 | 伤害 | 治疗/回复 | 自我增益","无"
"16.3.1","Rell","ééå°å¥³","Rell","R","ææ¶","Magnet Storm","RellR","主动","{{ abilityresourcename }}","是","魔","充能技能 | 伤害 | 资源交互","无"
"16.3.1","Renata","ç¼éç·çµ","Renata Glasc","P","ç©å°½å¶ç¨","Leverage","Renata_P.png","被动","无","否","无/未标注","伤害 | 资源交互","无"
"16.3.1","Renata","ç¼éç·çµ","Renata Glasc","Q","éèç«å","Handshake","RenataQ","主动","{{ abilityresourcename }}","是","魔","充能技能 | 二段/形态切换 | 控制 | 伤害","禁锢 | 眩晕"
"16.3.1","Renata","ç¼éç·çµ","Renata Glasc","W","åæ¶æé¾","Bailout","RenataW","主动","{{ abilityresourcename }}","是","无/未标注","充能技能 | 复活/免死相关 | 治疗/回复 | 自我增益","无"
"16.3.1","Renata","ç¼éç·çµ","Renata Glasc","E","å¿ è¯æ¿å±","Loyalty Program","RenataE","主动","{{ abilityresourcename }}","是","魔","充能技能 | 护盾 | 控制 | 伤害","减速"
"16.3.1","Renata","ç¼éç·çµ","Renata Glasc","R","æ¶ææ¶è´­","Hostile Takeover","RenataR","主动","{{ abilityresourcename }}","是","无/未标注","充能技能 | 自我增益","无"
"16.3.1","Renekton","èæ¼ å± å¤«","Renekton","P","æä¹é¢å","Reign of Anger","Renekton_Passive.png","被动","无","否","无/未标注","资源交互 | 自我增益","无"
"16.3.1","Renekton","èæ¼ å± å¤«","Renekton","Q","å·¨é³çè¢­","Cull the Meek","RenektonCleave","主动","No Cost","是","物","充能技能 | 伤害 | 治疗/回复 | 资源交互 | 自我增益","无"
"16.3.1","Renekton","èæ¼ å± å¤«","Renekton","W","å·é·æç","Ruthless Predator","RenektonPreExecute","主动","No Cost","是","物","充能技能 | 护盾 | 控制 | 伤害 | 资源交互","眩晕"
"16.3.1","Renekton","èæ¼ å± å¤«","Renekton","E","æ¨ªå²ç´æ","Slice and Dice","RenektonSliceAndDice","主动","No Cost","是","物","充能技能 | 敌方减益 | 二段/形态切换 | 伤害 | 位移 | 资源交互 | 自我增益","无"
"16.3.1","Renekton","èæ¼ å± å¤«","Renekton","R","ç»æç»æ²»","Dominus","RenektonReignOfTheTyrant","主动","No Cost","是","魔","充能技能 | 二段/形态切换 | 伤害 | 治疗/回复 | 资源交互 | 自我增益","无"
"16.3.1","Rengar","å²ä¹è¿½çè","Rengar","P","æ å½¢æ é£è","Unseen Predator","Rengar_P.png","被动","无","否","无/未标注","伤害 | 位移 | 自我增益","无"
"16.3.1","Rengar","å²ä¹è¿½çè","Rengar","Q","æ®å¿æ æ","Savagery","RengarQ","主动","Generates 1 Ferocity","是","物","充能技能 | 伤害 | 自我增益","无"
"16.3.1","Rengar","å²ä¹è¿½çè","Rengar","W","æäºåå®","Battle Roar","RengarW","主动","Generates 1 Ferocity","是","魔","充能技能 | 伤害 | 治疗/回复","无"
"16.3.1","Rengar","å²ä¹è¿½çè","Rengar","E","å¥ç´¢æå»","Bola Strike","RengarE","主动","Generates 1 Ferocity","是","物","充能技能 | 控制 | 伤害","减速 | 禁锢"
"16.3.1","Rengar","å²ä¹è¿½çè","Rengar","R","ç©çå¾å¨","Thrill of the Hunt","RengarR","主动","No Cost","是","物","充能技能 | 敌方减益 | 伤害 | 位移 | 隐身/伪装 | 自我增益","无"
"16.3.1","Riven","æ¾éä¹å","Riven","P","ç¬¦æä¹å","Runic Blade","RivenRunicBlades.png","被动","无","否","无/未标注","伤害","无"
"16.3.1","Riven","æ¾éä¹å","Riven","Q","æç¿¼ä¹è","Broken Wings","RivenTriCleave","主动","No Cost","是","物","充能技能 | 二段/形态切换 | 伤害 | 位移","无"
"16.3.1","Riven","æ¾éä¹å","Riven","W","éé­æå¼","Ki Burst","RivenMartyr","主动","No Cost","是","物","充能技能 | 控制 | 伤害 | 资源交互","眩晕"
"16.3.1","Riven","æ¾éä¹å","Riven","E","åå¾ç´å","Valor","RivenFeint","主动","No Cost","是","无/未标注","充能技能 | 二段/形态切换 | 护盾 | 伤害 | 位移 | 自我增益","无"
"16.3.1","Riven","æ¾éä¹å","Riven","R","æ¾éä¹é","Blade of the Exile","RivenFengShuiEngine","主动","No Cost","是","物","充能技能 | 二段/形态切换 | 伤害 | 斩杀/缺失生命值联动 | 治疗/回复 | 资源交互 | 自我增益","无"
"16.3.1","Rumble","æºæ¢°å¬æ","Rumble","P","æºæ¢°éç»","Junkyard Titan","Rumble_JunkyardTitan1.png","被动","无","否","无/未标注","伤害 | 资源交互 | 自我增益","无"
"16.3.1","Rumble","æºæ¢°å¬æ","Rumble","Q","çºµç«çå®´","Flamespitter","RumbleFlameThrower","主动","Heat","是","魔","充能技能 | 敌方减益 | 伤害 | 治疗/回复 | 自我增益","无"
"16.3.1","Rumble","æºæ¢°å¬æ","Rumble","W","ç ´ç¢æ¤ç¾","Scrap Shield","RumbleShield","主动","Heat","是","无/未标注","充能技能 | 护盾 | 伤害","无"
"16.3.1","Rumble","æºæ¢°å¬æ","Rumble","E","çµå­é±¼å","Electro Harpoon","RumbleGrenade","主动","Heat","是","魔","充能技能 | 敌方减益 | 控制 | 伤害","减速"
"16.3.1","Rumble","æºæ¢°å¬æ","Rumble","R","ææ¸©ç¼ç§","The Equalizer","RumbleCarpetBomb","主动","No Cost","是","魔","充能技能 | 控制 | 伤害","减速"
"16.3.1","Ryze","ç¬¦ææ³å¸","Ryze","P","å¥¥æ¯ä¸ç²¾","Arcane Mastery","Ryze_P.png","被动","无","否","无/未标注","伤害 | 资源交互 | 自我增益","无"
"16.3.1","Ryze","ç¬¦ææ³å¸","Ryze","Q","è¶è´è·","Overload","RyzeQWrapper","主动","{{ abilityresourcename }}","是","魔","充能技能 | 伤害 | 资源交互 | 自我增益","无"
"16.3.1","Ryze","ç¬¦ææ³å¸","Ryze","W","ç¬¦æç¦é¢","Rune Prison","RyzeW","主动","{{ abilityresourcename }}","是","魔","充能技能 | 控制 | 伤害 | 召唤/部署","减速 | 禁锢"
"16.3.1","Ryze","ç¬¦ææ³å¸","Ryze","E","æ³æ¯æ¶å¨","Spell Flux","RyzeE","主动","{{ abilityresourcename }}","是","魔","充能技能 | 伤害 | 自我增益","无"
"16.3.1","Ryze","ç¬¦ææ³å¸","Ryze","R","æ²å¢æè·","Realm Warp","RyzeR","主动","{{ abilityresourcename }}","是","无/未标注","充能技能 | 伤害 | 位移 | 召唤/部署 | 自我增益","无"
"16.3.1","Samira","æ²æ¼ ç«ç°","Samira","P","æåæ¬è²","Daredevil Impulse","SamiraP.png","被动","无","否","魔","控制 | 伤害 | 位移 | 自我增益","击飞"
"16.3.1","Samira","æ²æ¼ ç«ç°","Samira","Q","äº¤ç«","Flair","SamiraQ","主动","{{ abilityresourcename }}","是","物","充能技能 | 伤害","无"
"16.3.1","Samira","æ²æ¼ ç«ç°","Samira","W","éæ","Blade Whirl","SamiraW","主动","{{ abilityresourcename }}","是","物","充能技能 | 伤害","无"
"16.3.1","Samira","æ²æ¼ ç«ç°","Samira","E","çé£","Wild Rush","SamiraE","主动","{{ abilityresourcename }}","是","魔","充能技能 | 伤害 | 位移 | 自我增益","无"
"16.3.1","Samira","æ²æ¼ ç«ç°","Samira","R","ç¼ç±æ³æº","Inferno Trigger","SamiraR","主动","{{ abilityresourcename }}","是","物","充能技能 | 伤害","无"
"16.3.1","Sejuani","åå°ä¹æ","Sejuani","P","åå°ä¹æ","Fury of the North","Sejuani_passive.png","被动","无","否","魔","控制 | 伤害 | 资源交互 | 自我增益","减速 | 眩晕"
"16.3.1","Sejuani","åå°ä¹æ","Sejuani","Q","æå¯çªè¢­","Arctic Assault","SejuaniQ","主动","{{ abilityresourcename }}","是","魔","充能技能 | 伤害","无"
"16.3.1","Sejuani","åå°ä¹æ","Sejuani","W","åå¬ä¹æ","Winter's Wrath","SejuaniW","主动","{{ abilityresourcename }}","是","物","充能技能 | 控制 | 伤害","减速"
"16.3.1","Sejuani","åå°ä¹æ","Sejuani","E","æ°¸å»é¢å","Permafrost","SejuaniE","主动","{{ abilityresourcename }}","是","魔","充能技能 | 控制 | 伤害","眩晕"
"16.3.1","Sejuani","åå°ä¹æ","Sejuani","R","æå°å¯ç±","Glacial Prison","SejuaniR","主动","{{ abilityresourcename }}","是","魔","充能技能 | 控制 | 伤害 | 召唤/部署","减速 | 眩晕"
"16.3.1","Senna","æ¶¤é­å£æª","Senna","P","èµ¦é¤","Absolution","Senna_Passive.png","被动","无","否","无/未标注","复活/免死相关 | 伤害 | 召唤/部署","无"
"16.3.1","Senna","æ¶¤é­å£æª","Senna","Q","é»ææ´ç­","Piercing Darkness","SennaQ","主动","{{ abilityresourcename }}","是","物","充能技能 | 敌方减益 | 控制 | 伤害 | 治疗/回复","减速"
"16.3.1","Senna","æ¶¤é­å£æª","Senna","W","æ å°½å®å®","Last Embrace","SennaW","主动","{{ abilityresourcename }}","是","物","充能技能 | 控制 | 伤害","禁锢"
"16.3.1","Senna","æ¶¤é­å£æª","Senna","E","é»é¾åé","Curse of the Black Mist","SennaE","主动","{{ abilityresourcename }}","是","无/未标注","充能技能 | 隐身/伪装","无"
"16.3.1","Senna","æ¶¤é­å£æª","Senna","R","æå½±çå","Dawning Shadow","SennaR","主动","{{ abilityresourcename }}","是","物","充能技能 | 护盾 | 伤害","无"
"16.3.1","Seraphine","æç±æ­å§¬","Seraphine","P","æåæ¼«å°","Stage Presence","Seraphine_Passive.png","被动","无","否","魔","伤害","无"
"16.3.1","Seraphine","æç±æ­å§¬","Seraphine","Q","æ¸ç±ç©¿äº","High Note","SeraphineQ","主动","{{ abilityresourcename }}","是","魔","充能技能 | 伤害 | 斩杀/缺失生命值联动 | 治疗/回复 | 自我增益","无"
"16.3.1","Seraphine","æç±æ­å§¬","Seraphine","W","èåå¿å£°","Surround Sound","SeraphineW","主动","{{ abilityresourcename }}","是","无/未标注","充能技能 | 护盾 | 斩杀/缺失生命值联动 | 治疗/回复","无"
"16.3.1","Seraphine","æç±æ­å§¬","Seraphine","E","å¢å¹èæ","Beat Drop","SeraphineE","主动","{{ abilityresourcename }}","是","魔","充能技能 | 控制 | 伤害","减速 | 禁锢 | 眩晕"
"16.3.1","Seraphine","æç±æ­å§¬","Seraphine","R","ç«é³è¿åº","Encore","SeraphineR","主动","{{ abilityresourcename }}","是","魔","充能技能 | 控制 | 伤害","魅惑"
"16.3.1","Sett","èè±ª","Sett","P","æ²åºè±ªæ","Pit Grit","Sett_P.png","被动","无","否","无/未标注","斩杀/缺失生命值联动 | 治疗/回复","无"
"16.3.1","Sett","èè±ª","Sett","Q","å±äººä¹å¨","Knuckle Down","SettQ","主动","No Cost","是","物","充能技能 | 伤害 | 治疗/回复 | 自我增益","无"
"16.3.1","Sett","èè±ª","Sett","W","èæè½°æ³","Haymaker","SettW","主动","No Cost","是","混合(物理+真实)","充能技能 | 护盾 | 伤害","无"
"16.3.1","Sett","èè±ª","Sett","E","å¼ºæè£é¢","Facebreaker","SettE","主动","No Cost","是","物","充能技能 | 控制 | 伤害","减速 | 眩晕"
"16.3.1","Sett","èè±ª","Sett","R","å¹ä¸ºè§æ­¢","The Show Stopper","SettR","主动","No Cost","是","物","充能技能 | 控制 | 伤害 | 治疗/回复","减速 | 压制"
"16.3.1","Shaco","æ¶é­å°ä¸","Shaco","P","èåº","Backstab","Jester_CarefulStrikes.png","被动","无","否","无/未标注","伤害","无"
"16.3.1","Shaco","æ¶é­å°ä¸","Shaco","Q","æ¬ºè¯é­æ¯","Deceive","Deceive","主动","{{ abilityresourcename }}","是","物","充能技能 | 伤害 | 位移 | 隐身/伪装 | 自我增益","无"
"16.3.1","Shaco","æ¶é­å°ä¸","Shaco","W","æåé­ç","Jack In The Box","JackInTheBox","主动","{{ abilityresourcename }}","是","魔","充能技能 | 控制 | 伤害 | 隐身/伪装 | 召唤/部署","恐惧"
"16.3.1","Shaco","æ¶é­å°ä¸","Shaco","E","åé¢æ¯å","Two-Shiv Poison","TwoShivPoison","主动","{{ abilityresourcename }}","是","魔","充能技能 | 控制 | 伤害 | 斩杀/缺失生命值联动 | 治疗/回复","减速"
"16.3.1","Shaco","æ¶é­å°ä¸","Shaco","R","å¹»å","Hallucinate","HallucinateFull","主动","{{ abilityresourcename }}","是","魔","充能技能 | 敌方减益 | 复活/免死相关 | 控制 | 伤害 | 召唤/部署","恐惧"
"16.3.1","Shen","æ®åä¹ç¼","Shen","P","å¿æ³ï¼æ°åç¾","Ki Barrier","Shen_Passive.png","被动","无","否","无/未标注","敌方减益 | 护盾","无"
"16.3.1","Shen","æ®åä¹ç¼","Shen","Q","å¥¥ä¹ï¼æ®ä¸´","Twilight Assault","ShenQ","主动","{{ abilityresourcename }}","是","魔","充能技能 | 控制 | 伤害 | 治疗/回复 | 自我增益","减速"
"16.3.1","Shen","æ®åä¹ç¼","Shen","W","å¥¥ä¹ï¼é­ä½","Spirit's Refuge","ShenW","主动","{{ abilityresourcename }}","是","无/未标注","充能技能 | 召唤/部署 | 自我增益","无"
"16.3.1","Shen","æ®åä¹ç¼","Shen","E","å¥¥ä¹ï¼å½±ç¼","Shadow Dash","ShenE","主动","{{ abilityresourcename }}","是","物","充能技能 | 控制 | 伤害 | 位移 | 资源交互","嘲讽"
"16.3.1","Shen","æ®åä¹ç¼","Shen","R","ç§å¥¥ä¹ï¼ææ²åº¦é­è½","Stand United","ShenR","主动","No Cost","是","无/未标注","充能技能 | 护盾 | 伤害 | 位移 | 斩杀/缺失生命值联动 | 治疗/回复","无"
"16.3.1","Shyvana","é¾è¡æ­¦å§¬","Shyvana","P","é¾æä¹æ","Fury of the Dragonborn","ShyvanaReinforcedScales.png","被动","无","否","无/未标注","二段/形态切换 | 伤害 | 资源交互 | 自我增益","无"
"16.3.1","Shyvana","é¾è¡æ­¦å§¬","Shyvana","Q","é¾ççªåº","Twin Bite","ShyvanaDoubleAttack","主动","No Cost","是","物","充能技能 | 敌方减益 | 伤害 | 自我增益","无"
"16.3.1","Shyvana","é¾è¡æ­¦å§¬","Shyvana","W","çç«çå","Burnout","ShyvanaImmolationAura","主动","No Cost","是","魔","充能技能 | 敌方减益 | 伤害 | 召唤/部署","无"
"16.3.1","Shyvana","é¾è¡æ­¦å§¬","Shyvana","E","çç°åæ¯","Flame Breath","ShyvanaFireball","主动","No Cost","是","魔","充能技能 | 伤害 | 治疗/回复 | 自我增益","无"
"16.3.1","Shyvana","é¾è¡æ­¦å§¬","Shyvana","R","é­é¾éä¸","Dragon's Descent","ShyvanaTransformCast","主动","Fury a Second","是","魔","充能技能 | 二段/形态切换 | 伤害 | 治疗/回复 | 资源交互 | 自我增益","无"
"16.3.1","Singed","ç¼éæ¯å£«","Singed","P","å§æ¯å²æµ","Noxious Slipstream","Singed_Passive.png","被动","无","否","无/未标注","无","无"
"16.3.1","Singed","ç¼éæ¯å£«","Singed","Q","å§æ¯è¸ªè¿¹","Poison Trail","PoisonTrail","主动","Mana per Second","是","魔","充能技能 | 伤害","无"
"16.3.1","Singed","ç¼éæ¯å£«","Singed","W","å¼ºåç²è¶","Mega Adhesive","MegaAdhesive","主动","{{ abilityresourcename }}","是","无/未标注","充能技能 | 控制","减速"
"16.3.1","Singed","ç¼éæ¯å£«","Singed","E","è¿è©æ","Fling","Fling","主动","{{ abilityresourcename }}","是","魔","充能技能 | 控制 | 伤害 | 治疗/回复","禁锢"
"16.3.1","Singed","ç¼éæ¯å£«","Singed","R","ç¯çè¯å","Insanity Potion","InsanityPotion","主动","{{ abilityresourcename }}","是","无/未标注","充能技能 | 敌方减益 | 治疗/回复 | 资源交互","无"
"16.3.1","Sion","äº¡çµæç¥","Sion","P","æ­»äº¡è£è","Glory in Death","Sion_Passive1.png","被动","无","否","无/未标注","复活/免死相关 | 伤害 | 治疗/回复","无"
"16.3.1","Sion","äº¡çµæç¥","Sion","Q","æ®èçå»","Decimating Smash","SionQ","主动","{{ abilityresourcename }}","是","物","充能技能 | 控制 | 伤害","击飞 | 减速 | 眩晕"
"16.3.1","Sion","äº¡çµæç¥","Sion","W","çµé­çç","Soul Furnace","SionW","主动","{{ abilityresourcename }}","是","魔","充能技能 | 二段/形态切换 | 护盾 | 伤害 | 治疗/回复 | 自我增益","无"
"16.3.1","Sion","äº¡çµæç¥","Sion","E","æææå¼","Roar of the Slayer","SionE","主动","{{ abilityresourcename }}","是","魔","充能技能 | 敌方减益 | 控制 | 伤害","击退 | 减速"
"16.3.1","Sion","äº¡çµæç¥","Sion","R","è®æ¨ªå²æ","Unstoppable Onslaught","SionR","主动","{{ abilityresourcename }}","是","物","不可选取/无敌/霸体 | 充能技能 | 二段/形态切换 | 控制 | 伤害","减速 | 眩晕"
"16.3.1","Sivir","æäºå¥³ç¥","Sivir","P","æéç¾è¡","Fleet of Foot","Sivir_Passive.png","被动","无","否","无/未标注","控制 | 自我增益","恐惧"
"16.3.1","Sivir","æäºå¥³ç¥","Sivir","Q","åæä¹å","Boomerang Blade","SivirQ","主动","{{ abilityresourcename }}","是","无/未标注","充能技能 | 敌方减益 | 伤害","无"
"16.3.1","Sivir","æäºå¥³ç¥","Sivir","W","å¼¹å°","Ricochet","SivirW","主动","{{ abilityresourcename }}","是","物","充能技能 | 敌方减益 | 伤害 | 自我增益","无"
"16.3.1","Sivir","æäºå¥³ç¥","Sivir","E","æ³æ¯æ¤ç¾","Spell Shield","SivirE","主动","{{ abilityresourcename }}","是","无/未标注","充能技能 | 护盾 | 控制 | 召唤/部署 | 治疗/回复 | 自我增益","恐惧"
"16.3.1","Sivir","æäºå¥³ç¥","Sivir","R","ç©ç","On The Hunt","SivirR","主动","{{ abilityresourcename }}","是","无/未标注","充能技能 | 敌方减益 | 伤害 | 自我增益","无"
"16.3.1","Skarner","ä¸å¤é¢ä¸»","Skarner","P","ææ ","Threads of Vibration","Skarner_Passive.png","被动","无","否","魔","伤害 | 治疗/回复","无"
"16.3.1","Skarner","ä¸å¤é¢ä¸»","Skarner","Q","æ¼å° / æå¤©","Shattered Earth / Upheaval","SkarnerQ","主动","{{ abilityresourcename }}","是","物","充能技能 | 二段/形态切换 | 控制 | 伤害 | 治疗/回复 | 自我增益","减速"
"16.3.1","Skarner","ä¸å¤é¢ä¸»","Skarner","W","éå°å£å","Seismic Bastion","SkarnerW","主动","{{ abilityresourcename }}","是","魔","充能技能 | 护盾 | 控制 | 伤害 | 召唤/部署 | 自我增益","减速"
"16.3.1","Skarner","ä¸å¤é¢ä¸»","Skarner","E","ä»¥ç»ªå¡å°å²å»","Ixtal's Impact","SkarnerE","主动","{{ abilityresourcename }}","是","物","充能技能 | 二段/形态切换 | 控制 | 伤害","眩晕"
"16.3.1","Skarner","ä¸å¤é¢ä¸»","Skarner","R","æ¯åºè´¯ä½","Impale","SkarnerR","主动","{{ abilityresourcename }}","是","魔","充能技能 | 控制 | 伤害 | 自我增益","压制"
"16.3.1","Smolder","ç½çéé¾","Smolder","P","é¾ä¹ç ä¹ ","Dragon Practice","Icons_Smolder_Passive.png","被动","无","否","无/未标注","伤害","无"
"16.3.1","Smolder","ç½çéé¾","Smolder","Q","è¶çº§ç¼ç­é¾æ¯","Super Scorcher Breath","SmolderQ","主动","{{ abilityresourcename }}","是","混合(物理+魔法+真实)","充能技能 | 伤害 | 斩杀/缺失生命值联动 | 治疗/回复 | 资源交互 | 自我增益","无"
"16.3.1","Smolder","ç½çéé¾","Smolder","W","é¿åï¼","Achooo!","SmolderW","主动","{{ abilityresourcename }}","是","混合(物理+魔法)","充能技能 | 控制 | 伤害","减速"
"16.3.1","Smolder","ç½çéé¾","Smolder","E","ææ£±ï¼ææ£±ï¼ææ£±ï¼","Flap, Flap, Flap","SmolderE","主动","{{ abilityresourcename }}","是","混合(物理+魔法)","充能技能 | 伤害 | 治疗/回复","无"
"16.3.1","Smolder","ç½çéé¾","Smolder","R","å¦----ï¼","MMOOOMMMM!","SmolderR","主动","{{ abilityresourcename }}","是","物","充能技能 | 控制 | 伤害 | 治疗/回复","减速"
"16.3.1","Sona","ç´çä»å¥³","Sona","P","è½éåå¼¦","Power Chord","Sona_Passive_Charged.png","被动","无","否","魔","敌方减益 | 伤害 | 自我增益","无"
"16.3.1","Sona","ç´çä»å¥³","Sona","Q","è±åèµç¾è¯","Hymn of Valor","SonaQ","主动","{{ abilityresourcename }}","是","魔","充能技能 | 伤害 | 自我增益","无"
"16.3.1","Sona","ç´çä»å¥³","Sona","W","åæ¯åå¹è°","Aria of Perseverance","SonaW","主动","{{ abilityresourcename }}","是","魔","充能技能 | 敌方减益 | 护盾 | 伤害 | 治疗/回复 | 自我增益","无"
"16.3.1","Sona","ç´çä»å¥³","Sona","E","è¿æ·å¥é¸£æ²","Song of Celerity","SonaE","主动","{{ abilityresourcename }}","是","无/未标注","充能技能 | 控制 | 伤害 | 自我增益","减速"
"16.3.1","Sona","ç´çä»å¥³","Sona","R","çèç»ä¹ç« ","Crescendo","SonaR","主动","{{ abilityresourcename }}","是","魔","充能技能 | 控制 | 伤害","眩晕"
"16.3.1","Soraka","ä¼æä¹å­","Soraka","P","æ¯æ","Salvation","Soraka_Passive.png","被动","无","否","无/未标注","治疗/回复","无"
"16.3.1","Soraka","ä¼æä¹å­","Soraka","Q","æµæå è½","Starcall","SorakaQ","主动","{{ abilityresourcename }}","是","魔","充能技能 | 控制 | 伤害 | 治疗/回复","减速"
"16.3.1","Soraka","ä¼æä¹å­","Soraka","W","æä¹çæ³¨","Astral Infusion","SorakaW","主动","% Max Health, {{ cost }} Mana","是","无/未标注","充能技能 | 敌方减益 | 治疗/回复","无"
"16.3.1","Soraka","ä¼æä¹å­","Soraka","E","æä½ç»ç","Equinox","SorakaE","主动","{{ abilityresourcename }}","是","魔","充能技能 | 控制 | 伤害 | 召唤/部署","沉默 | 禁锢"
"16.3.1","Soraka","ä¼æä¹å­","Soraka","R","ç¥æ¿","Wish","SorakaR","主动","{{ abilityresourcename }}","是","无/未标注","充能技能 | 二段/形态切换 | 斩杀/缺失生命值联动 | 治疗/回复","无"
"16.3.1","Swain","è¯ºåè¨æ¯ç»é¢","Swain","P","çé£é¸¦ç¾¤","Ravenous Flock","Swain_P.png","被动","无","否","无/未标注","治疗/回复","无"
"16.3.1","Swain","è¯ºåè¨æ¯ç»é¢","Swain","Q","è§£è±ä¹è§¦","Death's Hand","SwainQ","主动","{{ abilityresourcename }}","是","魔","充能技能 | 复活/免死相关 | 伤害","无"
"16.3.1","Swain","è¯ºåè¨æ¯ç»é¢","Swain","W","å¸å½è§ç","Vision of Empire","SwainW","主动","{{ abilityresourcename }}","是","魔","充能技能 | 控制 | 伤害","减速"
"16.3.1","Swain","è¯ºåè¨æ¯ç»é¢","Swain","E","æ°¸ä¸å¤è¡","Nevermove","SwainE","主动","{{ abilityresourcename }}","是","魔","充能技能 | 控制 | 伤害","禁锢"
"16.3.1","Swain","è¯ºåè¨æ¯ç»é¢","Swain","R","æ¶é­åå","Demonic Ascension","SwainR","主动","{{ abilityresourcename }}","是","魔","充能技能 | 二段/形态切换 | 控制 | 伤害 | 治疗/回复 | 资源交互","减速"
"16.3.1","Sylas","è§£è±è","Sylas","P","ç ´æç¦æ³","Petricite Burst","SylasP.png","被动","无","否","魔","伤害 | 召唤/部署 | 自我增益","无"
"16.3.1","Sylas","è§£è±è","Sylas","Q","éé¾é­å»","Chain Lash","SylasQ","主动","{{ abilityresourcename }}","是","魔","充能技能 | 控制 | 伤害 | 资源交互","减速"
"16.3.1","Sylas","è§£è±è","Sylas","W","å¼åçªåº","Kingslayer","SylasW","主动","{{ abilityresourcename }}","是","魔","充能技能 | 伤害 | 位移 | 斩杀/缺失生命值联动 | 治疗/回复 | 自我增益","无"
"16.3.1","Sylas","è§£è±è","Sylas","E","æ½æ /å¼ºæ³","Abscond / Abduct","SylasE","主动","{{ abilityresourcename }}","是","魔","充能技能 | 二段/形态切换 | 伤害 | 位移","无"
"16.3.1","Sylas","è§£è±è","Sylas","R","å¶äººä¹é","Hijack","SylasR","主动","{{ abilityresourcename }}","是","无/未标注","充能技能","无"
"16.3.1","Syndra","æé»åé¦","Syndra","P","åå°ä¸å¡","Transcendent","SyndraPassive.png","被动","无","否","真","控制 | 伤害 | 斩杀/缺失生命值联动 | 治疗/回复","减速"
"16.3.1","Syndra","æé»åé¦","Syndra","Q","æé»æ³ç","Dark Sphere","SyndraQ","主动","{{ abilityresourcename }}","是","魔","充能技能 | 伤害","无"
"16.3.1","Syndra","æé»åé¦","Syndra","W","é©±ä½¿å¿µå","Force of Will","SyndraW","主动","{{ abilityresourcename }}","是","混合(魔法+真实)","充能技能 | 二段/形态切换 | 控制 | 伤害","减速"
"16.3.1","Syndra","æé»åé¦","Syndra","E","å¼±èéæ£","Scatter the Weak","SyndraE","主动","{{ abilityresourcename }}","是","魔","充能技能 | 控制 | 伤害","减速 | 眩晕"
"16.3.1","Syndra","æé»åé¦","Syndra","R","è½éå¾æ³»","Unleashed Power","SyndraR","主动","{{ abilityresourcename }}","是","魔","充能技能 | 伤害 | 斩杀/缺失生命值联动 | 治疗/回复 | 自我增益","无"
"16.3.1","TahmKench","æ²³æµä¹ç","Tahm Kench","P","å¹å»åå³","An Acquired Taste","TahmKenchP.png","被动","无","否","无/未标注","伤害 | 治疗/回复","无"
"16.3.1","TahmKench","æ²³æµä¹ç","Tahm Kench","Q","å·¨èé­ç¬","Tongue Lash","TahmKenchQ","主动","{{ abilityresourcename }}","是","魔","充能技能 | 二段/形态切换 | 控制 | 伤害 | 斩杀/缺失生命值联动 | 治疗/回复","减速 | 眩晕"
"16.3.1","TahmKench","æ²³æµä¹ç","Tahm Kench","W","æ·±æ¸æ½èª","Abyssal Dive","TahmKenchW","主动","{{ abilityresourcename }}","是","魔","充能技能 | 控制 | 伤害 | 资源交互","击飞"
"16.3.1","TahmKench","æ²³æµä¹ç","Tahm Kench","E","åå®è¡¨ç®","Thick Skin","TahmKenchE","主动","{{ abilityresourcename }}","是","无/未标注","充能技能 | 护盾 | 伤害 | 治疗/回复","无"
"16.3.1","TahmKench","æ²³æµä¹ç","Tahm Kench","R","å¤§å¿«æµé¢","Devour","TahmKenchRWrapper","主动","Mana","是","魔","充能技能 | 二段/形态切换 | 护盾 | 控制 | 伤害 | 治疗/回复 | 自我增益","缚地 | 减速"
"16.3.1","Taliyah","å²©é","Taliyah","P","æµ®ç³å²","Rock Surfing","Taliyah_Passive.png","被动","无","否","无/未标注","自我增益","无"
"16.3.1","Taliyah","å²©é","Taliyah","Q","ç³ç©¿","Threaded Volley","TaliyahQ","主动","{{ abilityresourcename }}","是","魔","充能技能 | 控制 | 伤害 | 资源交互 | 自我增益","减速 | 眩晕"
"16.3.1","Taliyah","å²©é","Taliyah","W","å²©çª","Seismic Shove","TaliyahWVC","主动","{{ abilityresourcename }}","是","无/未标注","充能技能","无"
"16.3.1","Taliyah","å²©é","Taliyah","E","æç³éµ","Unraveled Earth","TaliyahE","主动","{{ abilityresourcename }}","是","魔","充能技能 | 控制 | 伤害 | 位移 | 召唤/部署","减速 | 眩晕"
"16.3.1","Taliyah","å²©é","Taliyah","R","å¢å¹","Weaver's Wall","TaliyahR","主动","{{ abilityresourcename }}","是","无/未标注","充能技能 | 二段/形态切换 | 伤害 | 召唤/部署","无"
"16.3.1","Talon","åéä¹å½±","Talon","P","åéä¹æ«","Blade's End","TalonP.png","被动","无","否","无/未标注","伤害","无"
"16.3.1","Talon","åéä¹å½±","Talon","Q","è¯ºåè¨æ¯å¼å¤äº¤","Noxian Diplomacy","TalonQ","主动","{{ abilityresourcename }}","是","物","充能技能 | 伤害 | 位移 | 治疗/回复","无"
"16.3.1","Talon","åéä¹å½±","Talon","W","æ©èé¤æ ¹","Rake","TalonW","主动","{{ abilityresourcename }}","是","物","充能技能 | 控制 | 伤害","减速"
"16.3.1","Talon","åéä¹å½±","Talon","E","åºå®¢ä¹é","Assassin's Path","TalonE","主动","No Cost","是","无/未标注","充能技能 | 二段/形态切换 | 位移","无"
"16.3.1","Talon","åéä¹å½±","Talon","R","æå½±çªè¢­","Shadow Assault","TalonR","主动","{{ abilityresourcename }}","是","物","充能技能 | 伤害 | 隐身/伪装 | 自我增益","无"
"16.3.1","Taric","ç¦æ´å°ä¹ç¾","Taric","P","æ­£æ°åäºº","Bravado","Taric_Passive.png","被动","无","否","魔","敌方减益 | 伤害 | 自我增益","无"
"16.3.1","Taric","ç¦æ´å°ä¹ç¾","Taric","Q","æåä¹è§¦","Starlight's Touch","TaricQ","主动","Mana, all Charges","是","无/未标注","充能技能 | 治疗/回复 | 自我增益","无"
"16.3.1","Taric","ç¦æ´å°ä¹ç¾","Taric","W","åæ¯å£å","Bastion","TaricW","主动","{{ abilityresourcename }}","是","无/未标注","充能技能 | 护盾 | 治疗/回复 | 自我增益","无"
"16.3.1","Taric","ç¦æ´å°ä¹ç¾","Taric","E","ç«å","Dazzle","TaricE","主动","{{ abilityresourcename }}","是","魔","充能技能 | 控制 | 伤害","眩晕"
"16.3.1","Taric","ç¦æ´å°ä¹ç¾","Taric","R","å®å®ä¹è¾","Cosmic Radiance","TaricR","主动","{{ abilityresourcename }}","是","无/未标注","不可选取/无敌/霸体 | 充能技能 | 敌方减益 | 资源交互","无"
"16.3.1","Teemo","è¿æ·æ¥å","Teemo","P","æ¸¸å»éåå¤","Guerrilla Warfare","TeemoPassive.ASU_Teemo.png","被动","无","否","无/未标注","隐身/伪装 | 自我增益","无"
"16.3.1","Teemo","è¿æ·æ¥å","Teemo","Q","è´ç²å¹ç®­","Blinding Dart","TeemoQ","主动","{{ abilityresourcename }}","是","魔","充能技能 | 控制 | 伤害","致盲"
"16.3.1","Teemo","è¿æ·æ¥å","Teemo","W","å°è«å¿«è·","Move Quick","TeemoW","主动","{{ abilityresourcename }}","是","无/未标注","充能技能 | 伤害 | 召唤/部署 | 自我增益","无"
"16.3.1","Teemo","è¿æ·æ¥å","Teemo","E","æ¯æ§å°å»","Toxic Shot","TeemoE","主动","Passive","是","魔","充能技能 | 伤害","无"
"16.3.1","Teemo","è¿æ·æ¥å","Teemo","R","ç§èè","Noxious Trap","TeemoR","主动","{{ abilityresourcename }}","是","魔","充能技能 | 控制 | 伤害 | 隐身/伪装 | 召唤/部署","减速"
"16.3.1","Thresh","é­éå¸ç±é¿","Thresh","P","å°ç±è¯å","Damnation","Thresh_Passive.png","被动","无","否","无/未标注","无","无"
"16.3.1","Thresh","é­éå¸ç±é¿","Thresh","Q","æ­»äº¡å¤å³","Death Sentence","ThreshQ","主动","{{ abilityresourcename }}","是","魔","充能技能 | 敌方减益 | 二段/形态切换 | 复活/免死相关 | 控制 | 伤害","眩晕"
"16.3.1","Thresh","é­éå¸ç±é¿","Thresh","W","é­å¼ä¹ç¯","Dark Passage","ThreshW","主动","{{ abilityresourcename }}","是","无/未标注","充能技能 | 护盾 | 伤害 | 位移","无"
"16.3.1","Thresh","é­éå¸ç±é¿","Thresh","E","åè¿éæ","Flay","ThreshE","主动","{{ abilityresourcename }}","是","魔","充能技能 | 控制 | 伤害","减速"
"16.3.1","Thresh","é­éå¸ç±é¿","Thresh","R","å¹½å¥çç¢","The Box","ThreshRPenta","主动","{{ abilityresourcename }}","是","魔","充能技能 | 控制 | 伤害 | 召唤/部署","减速"
"16.3.1","Tristana","éº¦æç®æ","Tristana","P","çå","Draw a Bead","Tristana_Passive.png","被动","无","否","无/未标注","无","无"
"16.3.1","Tristana","éº¦æç®æ","Tristana","Q","æ¥éå°å»","Rapid Fire","TristanaQ","主动","{{ abilityresourcename }}","是","无/未标注","充能技能 | 自我增益","无"
"16.3.1","Tristana","éº¦æç®æ","Tristana","W","ç«ç®­è·³è·","Rocket Jump","TristanaW","主动","{{ abilityresourcename }}","是","魔","充能技能 | 控制 | 伤害 | 位移","减速"
"16.3.1","Tristana","éº¦æç®æ","Tristana","E","çç¸ç«è±","Explosive Charge","TristanaE","主动","{{ abilityresourcename }}","是","混合(物理+魔法)","充能技能 | 伤害 | 召唤/部署","无"
"16.3.1","Tristana","éº¦æç®æ","Tristana","R","æ¯ç­å°å»","Buster Shot","TristanaR","主动","{{ abilityresourcename }}","是","魔","充能技能 | 控制 | 伤害","眩晕"
"16.3.1","Trundle","å·¨é­ä¹ç","Trundle","P","å½ççè´¡å","King's Tribute","Trundle_Passive.png","被动","无","否","无/未标注","治疗/回复","无"
"16.3.1","Trundle","å·¨é­ä¹ç","Trundle","Q","å©é½¿æå¬","Chomp","TrundleTrollSmash","主动","{{ abilityresourcename }}","是","物","充能技能 | 控制 | 伤害 | 自我增益","减速"
"16.3.1","Trundle","å·¨é­ä¹ç","Trundle","W","å°å°é¢å","Frozen Domain","trundledesecrate","主动","{{ abilityresourcename }}","是","无/未标注","充能技能 | 治疗/回复 | 自我增益","无"
"16.3.1","Trundle","å·¨é­ä¹ç","Trundle","E","å¯å°ä¹æ±","Pillar of Ice","TrundleCircle","主动","{{ abilityresourcename }}","是","无/未标注","充能技能 | 控制 | 召唤/部署","减速"
"16.3.1","Trundle","å·¨é­ä¹ç","Trundle","R","å¼ºæè³ä¸","Subjugate","TrundlePain","主动","{{ abilityresourcename }}","是","魔","充能技能 | 二段/形态切换 | 伤害 | 治疗/回复","无"
"16.3.1","Tryndamere","è®æä¹ç","Tryndamere","P","ææçæ","Battle Fury","Tryndamere_Passive.png","被动","无","否","无/未标注","伤害 | 资源交互 | 自我增益","无"
"16.3.1","Tryndamere","è®æä¹ç","Tryndamere","Q","åè¡ææ®","Bloodlust","TryndamereQ","主动","No Cost","是","无/未标注","充能技能 | 伤害 | 斩杀/缺失生命值联动 | 治疗/回复 | 资源交互","无"
"16.3.1","Tryndamere","è®æä¹ç","Tryndamere","W","èè§","Mocking Shout","TryndamereW","主动","No Cost","是","无/未标注","充能技能 | 敌方减益 | 控制 | 伤害","减速"
"16.3.1","Tryndamere","è®æä¹ç","Tryndamere","E","æé£æ©","Spinning Slash","TryndamereE","主动","No Cost","是","物","充能技能 | 敌方减益 | 伤害 | 资源交互 | 自我增益","无"
"16.3.1","Tryndamere","è®æä¹ç","Tryndamere","R","æ å°½æç«","Undying Rage","UndyingRage","主动","No Cost","是","无/未标注","充能技能 | 敌方减益 | 复活/免死相关 | 治疗/回复 | 资源交互 | 自我增益","无"
"16.3.1","TwistedFate","å¡çå¤§å¸","Twisted Fate","P","çééª°å­","Loaded Dice","Cardmaster_SealFate.png","被动","无","否","无/未标注","无","无"
"16.3.1","TwistedFate","å¡çå¤§å¸","Twisted Fate","Q","ä¸è½ç","Wild Cards","WildCards","主动","{{ abilityresourcename }}","是","魔","充能技能 | 伤害","无"
"16.3.1","TwistedFate","å¡çå¤§å¸","Twisted Fate","W","éç","Pick a Card","PickACard","主动","{{ abilityresourcename }}","是","魔","充能技能 | 二段/形态切换 | 控制 | 伤害 | 资源交互","减速 | 眩晕"
"16.3.1","TwistedFate","å¡çå¤§å¸","Twisted Fate","E","å¡çéªæ¯","Stacked Deck","CardmasterStack","主动","Passive","是","魔","充能技能 | 伤害 | 自我增益","无"
"16.3.1","TwistedFate","å¡çå¤§å¸","Twisted Fate","R","å½è¿","Destiny","Destiny","主动","{{ abilityresourcename }}","是","无/未标注","充能技能 | 二段/形态切换 | 位移","无"
"16.3.1","Twitch","çç«ä¹æº","Twitch","P","æ­»äº¡æ¯æ¶²","Deadly Venom","Twitch_Passive.png","被动","无","否","真","伤害","无"
"16.3.1","Twitch","çç«ä¹æº","Twitch","Q","åä¼","Ambush","TwitchHideInShadows","主动","{{ abilityresourcename }}","是","无/未标注","充能技能 | 隐身/伪装 | 自我增益","无"
"16.3.1","Twitch","çç«ä¹æº","Twitch","W","å§æ¯ä¹æ¡¶","Venom Cask","TwitchVenomCask","主动","{{ abilityresourcename }}","是","无/未标注","充能技能 | 控制","减速"
"16.3.1","Twitch","çç«ä¹æº","Twitch","E","æ¯æ§çå","Contaminate","TwitchExpunge","主动","{{ abilityresourcename }}","是","物","充能技能 | 伤害","无"
"16.3.1","Twitch","çç«ä¹æº","Twitch","R","ç«åå¨å¼","Spray and Pray","TwitchFullAutomatic","主动","{{ abilityresourcename }}","是","无/未标注","充能技能 | 二段/形态切换 | 伤害","无"
"16.3.1","Udyr","å½çµè¡è","Udyr","P","ä¼çµçº½å¸¦","Bridge Between","Udyr_P.png","被动","无","否","无/未标注","二段/形态切换 | 自我增益","无"
"16.3.1","Udyr","å½çµè¡è","Udyr","Q","çæ´çªå»","Wilding Claw","UdyrQ","主动","{{ abilityresourcename }}","是","混合(物理+魔法)","充能技能 | 二段/形态切换 | 伤害 | 治疗/回复 | 自我增益","无"
"16.3.1","Udyr","å½çµè¡è","Udyr","W","åéç²è","Iron Mantle","UdyrW","主动","{{ abilityresourcename }}","是","无/未标注","充能技能 | 二段/形态切换 | 护盾 | 治疗/回复 | 自我增益","无"
"16.3.1","Udyr","å½çµè¡è","Udyr","E","è¸ç«è®å²","Blazing Stampede","UdyrE","主动","{{ abilityresourcename }}","是","无/未标注","充能技能 | 二段/形态切换 | 控制 | 位移 | 自我增益","眩晕"
"16.3.1","Udyr","å½çµè¡è","Udyr","R","æåé£é£","Wingborne Storm","UdyrR","主动","{{ abilityresourcename }}","是","魔","充能技能 | 二段/形态切换 | 控制 | 伤害 | 治疗/回复 | 自我增益","减速"
"16.3.1","Urgot","æ çæè½¦","Urgot","P","ååçç°","Echoing Flames","Urgot_Passive.png","被动","无","否","物","伤害","无"
"16.3.1","Urgot","æ çæè½¦","Urgot","Q","èèçµè·","Corrosive Charge","UrgotQ","主动","{{ abilityresourcename }}","是","物","充能技能 | 控制 | 伤害","减速"
"16.3.1","Urgot","æ çæè½¦","Urgot","W","åé¤","Purge","UrgotW","主动","{{ abilityresourcename }}","是","物","充能技能 | 二段/形态切换 | 控制 | 伤害","减速"
"16.3.1","Urgot","æ çæè½¦","Urgot","E","éå¼","Disdain","UrgotE","主动","{{ abilityresourcename }}","是","物","充能技能 | 护盾 | 控制 | 伤害","眩晕"
"16.3.1","Urgot","æ çæè½¦","Urgot","R","è¶è¶æ­»äº¡çææ§","Fear Beyond Death","UrgotR","主动","{{ abilityresourcename }}","是","物","充能技能 | 二段/形态切换 | 复活/免死相关 | 控制 | 伤害 | 斩杀/缺失生命值联动 | 治疗/回复","减速 | 恐惧 | 压制"
"16.3.1","Varus","æ©æä¹ç®­","Varus","P","å¤ä»ä¹æ¬²","Living Vengeance","VarusPassive.png","被动","无","否","无/未标注","伤害 | 自我增益","无"
"16.3.1","Varus","æ©æä¹ç®­","Varus","Q","ç©¿åºä¹ç®­","Piercing Arrow","VarusQ","主动","{{ abilityresourcename }}","是","物","充能技能 | 敌方减益 | 控制 | 伤害 | 资源交互 | 自我增益","减速"
"16.3.1","Varus","æ©æä¹ç®­","Varus","W","æ¯èç®­è¢","Blighted Quiver","VarusW","主动","No Cost","是","魔","充能技能 | 敌方减益 | 伤害 | 斩杀/缺失生命值联动 | 治疗/回复 | 自我增益","无"
"16.3.1","Varus","æ©æä¹ç®­","Varus","E","æ¶çµç®­é¨","Hail of Arrows","VarusE","主动","{{ abilityresourcename }}","是","物","充能技能 | 敌方减益 | 控制 | 伤害 | 治疗/回复","减速"
"16.3.1","Varus","æ©æä¹ç®­","Varus","R","èè´¥éé¾","Chain of Corruption","VarusR","主动","{{ abilityresourcename }}","是","魔","充能技能 | 控制 | 伤害","禁锢"
"16.3.1","Vayne","æå¤çæ","Vayne","P","æå¤çæ","Night Hunter","Vayne_NightHunter.png","被动","无","否","无/未标注","无","无"
"16.3.1","Vayne","æå¤çæ","Vayne","Q","éªé¿çªè¢­","Tumble","VayneTumble","主动","{{ abilityresourcename }}","是","物","充能技能 | 二段/形态切换 | 伤害","无"
"16.3.1","Vayne","æå¤çæ","Vayne","W","å£é¶å¼©ç®­","Silver Bolts","VayneSilveredBolts","主动","Passive","是","真","充能技能 | 伤害 | 治疗/回复 | 自我增益","无"
"16.3.1","Vayne","æå¤çæ","Vayne","E","æ¶é­å®¡å¤","Condemn","VayneCondemn","主动","{{ abilityresourcename }}","是","物","充能技能 | 控制 | 伤害","眩晕"
"16.3.1","Vayne","æå¤çæ","Vayne","R","ç»ææ¶å»","Final Hour","VayneInquisition","主动","{{ abilityresourcename }}","是","无/未标注","充能技能 | 敌方减益 | 伤害 | 自我增益","无"
"16.3.1","Veigar","éªæ¶å°æ³å¸","Veigar","P","è¶å¡éªå","Phenomenal Evil Power","VeigarEntropy.png","被动","无","否","无/未标注","伤害","无"
"16.3.1","Veigar","éªæ¶å°æ³å¸","Veigar","Q","é»æç¥­ç¥","Baleful Strike","VeigarBalefulStrike","主动","{{ abilityresourcename }}","是","魔","充能技能 | 伤害 | 资源交互 | 自我增益","无"
"16.3.1","Veigar","éªæ¶å°æ³å¸","Veigar","W","é»æç©è´¨","Dark Matter","VeigarDarkMatter","主动","{{ abilityresourcename }}","是","魔","充能技能 | 敌方减益 | 伤害 | 召唤/部署","无"
"16.3.1","Veigar","éªæ¶å°æ³å¸","Veigar","E","æ­æ²ç©ºé´","Event Horizon","VeigarEventHorizon","主动","{{ abilityresourcename }}","是","无/未标注","充能技能 | 控制","眩晕"
"16.3.1","Veigar","éªæ¶å°æ³å¸","Veigar","R","è½éçè£","Primordial Burst","VeigarR","主动","{{ abilityresourcename }}","是","魔","充能技能 | 伤害 | 斩杀/缺失生命值联动 | 治疗/回复 | 自我增益","无"
"16.3.1","Velkoz","èç©ºä¹ç¼","Vel'Koz","P","ææºä½è§£æ","Organic Deconstruction","VelKoz_Passive.png","被动","无","否","真","伤害","无"
"16.3.1","Velkoz","èç©ºä¹ç¼","Vel'Koz","Q","ç­ç¦»å­è£å","Plasma Fission","VelkozQ","主动","{{ abilityresourcename }}","是","魔","充能技能 | 二段/形态切换 | 控制 | 伤害 | 资源交互","减速"
"16.3.1","Velkoz","èç©ºä¹ç¼","Vel'Koz","W","èç©ºè£é","Void Rift","VelkozW","主动","{{ abilityresourcename }}","是","魔","充能技能 | 伤害","无"
"16.3.1","Velkoz","èç©ºä¹ç¼","Vel'Koz","E","æé åè§£","Tectonic Disruption","VelkozE","主动","{{ abilityresourcename }}","是","魔","充能技能 | 控制 | 伤害","击飞 | 击退"
"16.3.1","Velkoz","èç©ºä¹ç¼","Vel'Koz","R","çå½å½¢æç¦è§£å°çº¿","Life Form Disintegration Ray","VelkozR","主动","{{ abilityresourcename }}","是","混合(魔法+真实)","充能技能 | 控制 | 伤害 | 资源交互","减速"
"16.3.1","Vex","æäºä½¿è","Vex","P","ç»çæ®æ°","Doom 'n Gloom","Icons_Vex_Passive.png","被动","无","否","无/未标注","敌方减益 | 控制 | 伤害 | 位移 | 自我增益","恐惧"
"16.3.1","Vex","æäºä½¿è","Vex","Q","å¯å¿æ³¢äº","Mistral Bolt","VexQ","主动","{{ abilityresourcename }}","是","魔","充能技能 | 伤害","无"
"16.3.1","Vex","æäºä½¿è","Vex","W","çäººå¿è¿","Personal Space","VexW","主动","{{ abilityresourcename }}","是","魔","充能技能 | 护盾 | 伤害 | 自我增益","无"
"16.3.1","Vex","æäºä½¿è","Vex","E","æºæ¿æ¸æ","Looming Darkness","VexE","主动","{{ abilityresourcename }}","是","魔","充能技能 | 敌方减益 | 控制 | 伤害 | 召唤/部署","减速"
"16.3.1","Vex","æäºä½¿è","Vex","R","æç","Shadow Surge","VexR","主动","{{ abilityresourcename }}","是","魔","充能技能 | 二段/形态切换 | 伤害 | 位移","无"
"16.3.1","Vi","ç®åæ§æ³å®","Vi","P","çè£æ¤ç¾","Blast Shield","ViPassive.png","被动","无","否","无/未标注","护盾","无"
"16.3.1","Vi","ç®åæ§æ³å®","Vi","Q","å¼ºè½å²æ³","Vault Breaker","ViQ","主动","{{ abilityresourcename }}","是","物","充能技能 | 控制 | 伤害 | 位移","击退 | 减速"
"16.3.1","Vi","ç®åæ§æ³å®","Vi","W","çå¼¹éæ³","Denting Blows","ViW","主动","Passive","是","物","充能技能 | 敌方减益 | 护盾 | 伤害 | 治疗/回复 | 自我增益","无"
"16.3.1","Vi","ç®åæ§æ³å®","Vi","E","éä½ä¹å²","Relentless Force","ViE","主动","{{ abilityresourcename }}","是","物","充能技能 | 伤害","无"
"16.3.1","Vi","ç®åæ§æ³å®","Vi","R","å¤©é¸æ¨ªç©ºçè½°","Cease and Desist","ViR","主动","{{ abilityresourcename }}","是","物","充能技能 | 控制 | 伤害 | 位移","眩晕"
"16.3.1","Viego","ç ´è´¥ä¹ç","Viego","P","åå½å·²å³","Sovereign's Domination","Viego_Passive.png","被动","无","否","无/未标注","治疗/回复","无"
"16.3.1","Viego","ç ´è´¥ä¹ç","Viego","Q","ç ´è´¥çå","Blade of the Ruined King","ViegoQ","主动","No Cost","是","物","充能技能 | 伤害 | 治疗/回复 | 自我增益","无"
"16.3.1","Viego","ç ´è´¥ä¹ç","Viego","W","åè½½å¹½å½","Spectral Maw","ViegoW","主动","No Cost","是","魔","充能技能 | 控制 | 伤害 | 位移","减速 | 眩晕"
"16.3.1","Viego","ç ´è´¥ä¹ç","Viego","E","è«è«ç¦å","Harrowed Path","ViegoE","主动","No Cost","是","无/未标注","充能技能 | 隐身/伪装 | 自我增益","无"
"16.3.1","Viego","ç ´è´¥ä¹ç","Viego","R","çè´¯å¤©çµ","Heartbreaker","ViegoR","主动","No Cost","是","物","充能技能 | 控制 | 伤害 | 位移 | 斩杀/缺失生命值联动 | 治疗/回复","击退 | 减速"
"16.3.1","Viktor","å¥¥æ¯åé©±","Viktor","P","åè£è¿å","Glorious Evolution","Viktor_Passive.ViktorVGU.png","被动","无","否","无/未标注","自我增益","无"
"16.3.1","Viktor","å¥¥æ¯åé©±","Viktor","Q","è¹å¸è½é","Siphon Power","ViktorQ","主动","{{ abilityresourcename }}","是","魔","充能技能 | 护盾 | 伤害 | 自我增益","无"
"16.3.1","Viktor","å¥¥æ¯åé©±","Viktor","W","éååº","Gravity Field","ViktorW","主动","{{ abilityresourcename }}","是","无/未标注","充能技能 | 控制","减速 | 眩晕"
"16.3.1","Viktor","å¥¥æ¯åé©±","Viktor","E","æµ·åæ¯å°çº¿","Hextech Ray","ViktorE","主动","{{ abilityresourcename }}","是","魔","充能技能 | 伤害","无"
"16.3.1","Viktor","å¥¥æ¯åé©±","Viktor","R","å¥¥æ¯é£æ´","Arcane Storm","ViktorR","主动","{{ abilityresourcename }}","是","魔","充能技能 | 二段/形态切换 | 伤害","无"
"16.3.1","Vladimir","ç©çº¢æ¶å²è","Vladimir","P","è¡è²å¥çº¦","Crimson Pact","VladimirP.png","被动","无","否","无/未标注","治疗/回复","无"
"16.3.1","Vladimir","ç©çº¢æ¶å²è","Vladimir","Q","é²è¡è½¬æ¢","Transfusion","VladimirQ","主动","No Cost","是","魔","充能技能 | 伤害 | 斩杀/缺失生命值联动 | 治疗/回复 | 资源交互 | 自我增益","无"
"16.3.1","Vladimir","ç©çº¢æ¶å²è","Vladimir","W","è¡çº¢ä¹æ± ","Sanguine Pool","VladimirSanguinePool","主动","% of current Health","是","魔","不可选取/无敌/霸体 | 充能技能 | 控制 | 伤害 | 治疗/回复","减速"
"16.3.1","Vladimir","ç©çº¢æ¶å²è","Vladimir","E","è¡ä¹æ½®æ±","Tides of Blood","VladimirE","主动","% of max Health ({{ chargehealthtooltip }})","是","魔","充能技能 | 控制 | 伤害 | 治疗/回复","减速"
"16.3.1","Vladimir","ç©çº¢æ¶å²è","Vladimir","R","è¡ä¹çç«","Hemoplague","VladimirHemoplague","主动","No Cost","是","魔","充能技能 | 伤害 | 召唤/部署 | 治疗/回复","无"
"16.3.1","Volibear","ä¸ç­çé·","Volibear","P","çé·æ¸èµ·","The Relentless Storm","Volibear_Icon_P.png","被动","无","否","魔","伤害 | 自我增益","无"
"16.3.1","Volibear","ä¸ç­çé·","Volibear","Q","æé¦ä¸å»","Thundering Smash","VolibearQ","主动","{{ abilityresourcename }}","是","物","充能技能 | 控制 | 伤害 | 资源交互 | 自我增益","眩晕"
"16.3.1","Volibear","ä¸ç­çé·","Volibear","W","æ´ææå¬","Frenzied Maul","VolibearW","主动","{{ abilityresourcename }}","是","物","充能技能 | 伤害 | 斩杀/缺失生命值联动 | 治疗/回复","无"
"16.3.1","Volibear","ä¸ç­çé·","Volibear","E","é¹å¤©é³å°","Sky Splitter","VolibearE","主动","{{ abilityresourcename }}","是","魔","充能技能 | 护盾 | 控制 | 伤害 | 召唤/部署 | 治疗/回复 | 自我增益","减速"
"16.3.1","Volibear","ä¸ç­çé·","Volibear","R","å¤©å£°éè½","Stormbringer","VolibearR","主动","{{ abilityresourcename }}","是","物","充能技能 | 二段/形态切换 | 控制 | 伤害 | 位移 | 治疗/回复","减速"
"16.3.1","Warwick","ç¥å®æå½","Warwick","P","è¡ä¹é¥¥æ¸´","Eternal Hunger","WarwickP.png","被动","无","否","魔","伤害 | 斩杀/缺失生命值联动 | 治疗/回复","无"
"16.3.1","Warwick","ç¥å®æå½","Warwick","Q","éå½ä¹å£","Jaws of the Beast","WarwickQ","主动","{{ abilityresourcename }}","是","魔","充能技能 | 伤害 | 位移 | 治疗/回复","无"
"16.3.1","Warwick","ç¥å®æå½","Warwick","W","é²è¡è¿½ç","Blood Hunt","WarwickW","主动","{{ abilityresourcename }}","是","无/未标注","充能技能 | 敌方减益 | 斩杀/缺失生命值联动 | 治疗/回复 | 自我增益","无"
"16.3.1","Warwick","ç¥å®æå½","Warwick","E","è¿ç¥å¥å«","Primal Howl","WarwickE","主动","{{ abilityresourcename }}","是","无/未标注","充能技能 | 二段/形态切换 | 控制 | 伤害 | 自我增益","恐惧"
"16.3.1","Warwick","ç¥å®æå½","Warwick","R","æ å°½æç¼","Infinite Duress","WarwickR","主动","{{ abilityresourcename }}","是","魔","充能技能 | 二段/形态切换 | 控制 | 伤害 | 位移 | 治疗/回复","压制"
"16.3.1","Xayah","éç¾½","Xayah","P","éå","Clean Cuts","XayahPassive.png","被动","无","否","无/未标注","无","无"
"16.3.1","Xayah","éç¾½","Xayah","Q","åå","Double Daggers","XayahQ","主动","{{ abilityresourcename }}","是","物","充能技能 | 伤害","无"
"16.3.1","Xayah","éç¾½","Xayah","W","è´æ­»ç¾½è¡£","Deadly Plumage","XayahW","主动","{{ abilityresourcename }}","是","无/未标注","充能技能 | 伤害 | 召唤/部署 | 自我增益","无"
"16.3.1","Xayah","éç¾½","Xayah","E","åé©","Bladecaller","XayahE","主动","{{ abilityresourcename }}","是","物","充能技能 | 控制 | 伤害","禁锢"
"16.3.1","Xayah","éç¾½","Xayah","R","æ´é£ç¾½å","Featherstorm","XayahR","主动","{{ abilityresourcename }}","是","物","不可选取/无敌/霸体 | 充能技能 | 伤害 | 位移","无"
"16.3.1","Xerath","è¿å¤å·«çµ","Xerath","P","æ³åæ¾æ¹","Mana Surge","Xerath_Passive1.png","被动","无","否","无/未标注","敌方减益 | 资源交互","无"
"16.3.1","Xerath","è¿å¤å·«çµ","Xerath","Q","å¥¥è½èå²","Arcanopulse","XerathArcanopulseChargeUp","主动","{{ abilityresourcename }}","否","魔","控制 | 伤害 | 资源交互","减速"
"16.3.1","Xerath","è¿å¤å·«çµ","Xerath","W","æ¯ç­ä¹ç¼","Eye of Destruction","XerathArcaneBarrage2","主动","{{ abilityresourcename }}","否","魔","控制 | 伤害 | 资源交互","减速"
"16.3.1","Xerath","è¿å¤å·«çµ","Xerath","E","å²å»æ³ç","Shocking Orb","XerathMageSpear","主动","{{ abilityresourcename }}","否","魔","二段/形态切换 | 控制 | 伤害","眩晕"
"16.3.1","Xerath","è¿å¤å·«çµ","Xerath","R","å¥¥æ¯ä»ªå¼","Rite of the Arcane","XerathLocusOfPower2","主动","{{ abilityresourcename }}","是","魔","充能技能 | 二段/形态切换 | 伤害 | 资源交互 | 自我增益","无"
"16.3.1","XinZhao","å¾·é¦æ»ç®¡","Xin Zhao","P","æå³","Determination","XinZhaoReworkP.XinZhaoRework.png","被动","无","否","无/未标注","伤害 | 治疗/回复","无"
"16.3.1","XinZhao","å¾·é¦æ»ç®¡","Xin Zhao","Q","ä¸éçªå»","Three Talon Strike","XinZhaoQ","主动","{{ abilityresourcename }}","是","物","充能技能 | 敌方减益 | 伤害","无"
"16.3.1","XinZhao","å¾·é¦æ»ç®¡","Xin Zhao","W","é£æ©çµåº","Wind Becomes Lightning","XinZhaoW","主动","{{ abilityresourcename }}","是","物","充能技能 | 控制 | 伤害 | 隐身/伪装","减速"
"16.3.1","XinZhao","å¾·é¦æ»ç®¡","Xin Zhao","E","æ çå²é","Audacious Charge","XinZhaoE","主动","{{ abilityresourcename }}","是","魔","充能技能 | 控制 | 伤害 | 自我增益","减速"
"16.3.1","XinZhao","å¾·é¦æ»ç®¡","Xin Zhao","R","æ°ææ¤å«","Crescent Guard","XinZhaoR","主动","{{ abilityresourcename }}","是","物","充能技能 | 伤害 | 治疗/回复","无"
"16.3.1","Yasuo","ç¾é£åè±ª","Yasuo","P","æµªå®¢ä¹é","Way of the Wanderer","Yasuo_Passive.png","被动","无","否","无/未标注","护盾 | 伤害","无"
"16.3.1","Yasuo","ç¾é£åè±ª","Yasuo","Q","æ©é¢éª","Steel Tempest","YasuoQ1Wrapper","主动","No Cost","是","物","充能技能 | 控制 | 伤害 | 位移 | 自我增益","击飞 | 腾空"
"16.3.1","Yasuo","ç¾é£åè±ª","Yasuo","W","é£ä¹éå£","Wind Wall","YasuoW","主动","No Cost","是","无/未标注","充能技能 | 召唤/部署","无"
"16.3.1","Yasuo","ç¾é£åè±ª","Yasuo","E","è¸åæ©","Sweeping Blade","YasuoE","主动","No Cost","是","魔","充能技能 | 伤害 | 位移","无"
"16.3.1","Yasuo","ç¾é£åè±ª","Yasuo","R","çé£ç»æ¯æ©","Last Breath","YasuoR","主动","No Cost","是","物","充能技能 | 控制 | 伤害 | 位移 | 自我增益","击飞 | 腾空"
"16.3.1","Yone","å°é­åé­","Yone","P","ç©äººä¹é","Way of the Hunter","YonePassive.png","被动","无","否","魔","伤害","无"
"16.3.1","Yone","å°é­åé­","Yone","Q","éçå","Mortal Steel","YoneQ","主动","No Cost","是","物","充能技能 | 控制 | 伤害 | 位移","击飞 | 腾空"
"16.3.1","Yone","å°é­åé­","Yone","W","åç¥æ©","Spirit Cleave","YoneW","主动","No Cost","是","混合(物理+魔法)","充能技能 | 护盾 | 伤害 | 治疗/回复 | 自我增益","无"
"16.3.1","Yone","å°é­åé­","Yone","E","ç ´éä¹é","Soul Unbound","YoneE","主动","No Cost","是","无/未标注","充能技能 | 二段/形态切换 | 伤害","无"
"16.3.1","Yone","å°é­åé­","Yone","R","å°å°ç»å¿µæ©","Fate Sealed","YoneR","主动","No Cost","是","混合(物理+魔法)","充能技能 | 伤害 | 位移","无"
"16.3.1","Yorick","ç§é­äºº","Yorick","P","ç§é­äºº","Shepherd of Souls","Yorick_P.png","被动","无","否","无/未标注","召唤/部署","无"
"16.3.1","Yorick","ç§é­äºº","Yorick","Q","ä¸´ç»ä»ªå¼","Last Rites","YorickQ","主动","{{ abilityresourcename }}","是","物","充能技能 | 敌方减益 | 二段/形态切换 | 伤害 | 斩杀/缺失生命值联动 | 召唤/部署 | 治疗/回复 | 自我增益","无"
"16.3.1","Yorick","ç§é­äºº","Yorick","W","æçµç¼ èº«","Dark Procession","YorickW","主动","{{ abilityresourcename }}","是","无/未标注","充能技能 | 召唤/部署 | 治疗/回复","无"
"16.3.1","Yorick","ç§é­äºº","Yorick","E","åä¼¤ä¹é¾","Mourning Mist","YorickE","主动","{{ abilityresourcename }}","是","魔","充能技能 | 敌方减益 | 控制 | 伤害 | 位移 | 召唤/部署 | 治疗/回复","减速"
"16.3.1","Yorick","ç§é­äºº","Yorick","R","æµ·å±¿æ¼è¯","Eulogy of the Isles","YorickR","主动","{{ abilityresourcename }}","是","魔","充能技能 | 二段/形态切换 | 复活/免死相关 | 伤害 | 召唤/部署 | 治疗/回复 | 自我增益","无"
"16.3.1","Yunara","ä¸ç ´ä¹èª","Yunara","P","åçä¹èª","Vow of the First Lands","Yunara_Passive.Yunara.png","被动","无","否","魔","伤害","无"
"16.3.1","Yunara","ä¸ç ´ä¹èª","Yunara","Q","çµè´æ³","Cultivation of Spirit","YunaraQ","主动","Mana","是","混合(物理+魔法)","充能技能 | 伤害 | 自我增益","无"
"16.3.1","Yunara","ä¸ç ´ä¹èª","Yunara","W","åæ¶è½® | å¯ç­æ","Arc of Judgment | Arc of Ruin","YunaraW","主动","Mana","是","魔","充能技能 | 控制 | 伤害","减速"
"16.3.1","Yunara","ä¸ç ´ä¹èª","Yunara","E","æè¸ªæ­¥ | å¤å½±ç¿»","Kanmei's Steps | Untouchable Shadow","YunaraE","主动","Mana","是","无/未标注","充能技能 | 位移 | 自我增益","无"
"16.3.1","Yunara","ä¸ç ´ä¹èª","Yunara","R","å®å£è¯","Transcend One's Self","YunaraR","主动","{{ abilityresourcename }}","是","无/未标注","充能技能","无"
"16.3.1","Yuumi","é­æ³ç«åª","Yuumi","P","ç«çåç±","Feline Friendship","YuumiP2.png","被动","无","否","无/未标注","伤害 | 治疗/回复","无"
"16.3.1","Yuumi","é­æ³ç«åª","Yuumi","Q","æ¸é±¼é£å¼¹","Prowling Projectile","YuumiQ","主动","{{ abilityresourcename }}","是","魔","充能技能 | 控制 | 伤害 | 召唤/部署","减速"
"16.3.1","Yuumi","é­æ³ç«åª","Yuumi","W","æ ç±³åºå¨ï¼","You and Me!","YuumiW","主动","No Cost","是","无/未标注","不可选取/无敌/霸体 | 充能技能 | 护盾 | 位移 | 召唤/部署 | 治疗/回复 | 自我增益","无"
"16.3.1","Yuumi","é­æ³ç«åª","Yuumi","E","æºçç²¾å","Zoomies","YuumiE","主动","{{ abilityresourcename }}","否","无/未标注","护盾 | 伤害 | 资源交互 | 自我增益","无"
"16.3.1","Yuumi","é­æ³ç«åª","Yuumi","R","é­å¸ç»ç« ","Final Chapter","YuumiR","主动","{{ abilityresourcename }}","是","魔","充能技能 | 护盾 | 控制 | 伤害 | 治疗/回复","减速"
"16.3.1","Zaahen","ä¸è½é­é","Zaahen","P","ä¸è½ä¹å¿","Cultivation of War","ZaahenP.Zaahen.png","被动","无","否","无/未标注","复活/免死相关 | 伤害 | 自我增益","无"
"16.3.1","Zaahen","ä¸è½é­é","Zaahen","Q","æè£é¿å","The Darkin Glaive","ZaahenQ","主动","{{ abilityresourcename }}","是","物","充能技能 | 二段/形态切换 | 控制 | 伤害 | 治疗/回复","击飞"
"16.3.1","Zaahen","ä¸è½é­é","Zaahen","W","åå½±åé","Dreaded Return","ZaahenW","主动","{{ abilityresourcename }}","是","物","充能技能 | 伤害","无"
"16.3.1","Zaahen","ä¸è½é­é","Zaahen","E","èµ¤éçªè¢­","Aureate Rush","ZaahenE","主动","{{ abilityresourcename }}","是","混合(物理+魔法)","充能技能 | 伤害 | 位移 | 治疗/回复","无"
"16.3.1","Zaahen","ä¸è½é­é","Zaahen","R","å¤§èµ¦","Grim Deliverance","ZaahenR","主动","{{ abilityresourcename }}","是","物","充能技能 | 伤害 | 位移 | 治疗/回复 | 自我增益","无"
"16.3.1","Zac","çåé­äºº","Zac","P","ç»èåè£","Cell Division","ZacPassive.png","被动","无","否","无/未标注","二段/形态切换 | 复活/免死相关 | 伤害 | 治疗/回复","无"
"16.3.1","Zac","çåé­äºº","Zac","Q","å»¶ä¼¸æå»","Stretching Strikes","ZacQ","主动","% of current Health ({{ healthcosttooltip }})","是","魔","充能技能 | 控制 | 伤害 | 自我增益","减速"
"16.3.1","Zac","çåé­äºº","Zac","W","ä¸ç¨³å®ç©è´¨","Unstable Matter","ZacW","主动","% of current Health ({{ tooltiphealthcost }})","是","魔","充能技能 | 敌方减益 | 伤害 | 治疗/回复","无"
"16.3.1","Zac","çåé­äºº","Zac","E","æ©¡ç­å¼¹å¼","Elastic Slingshot","ZacE","主动","% of current Health ({{ healthcosttooltip }})","是","魔","充能技能 | 伤害 | 位移 | 召唤/部署","无"
"16.3.1","Zac","çåé­äºº","Zac","R","å¨æå¼¹ç","Let's Bounce!","ZacR","主动","No Cost","是","魔","充能技能 | 控制 | 伤害 | 自我增益","减速"
"16.3.1","Zed","å½±æµä¹ä¸»","Zed","P","å½±å¿æ³ï¼ç­é­å«","Contempt for the Weak","ZedP.png","被动","无","否","魔","伤害 | 治疗/回复 | 自我增益","无"
"16.3.1","Zed","å½±æµä¹ä¸»","Zed","Q","å½±å¥¥ä¹ï¼è¯¸å","Razor Shuriken","ZedQ","主动","{{ abilityresourcename }}","是","物","充能技能 | 伤害","无"
"16.3.1","Zed","å½±æµä¹ä¸»","Zed","W","å½±å¥¥ä¹ï¼åèº«","Living Shadow","ZedW","主动","{{ abilityresourcename }}","是","无/未标注","充能技能 | 二段/形态切换 | 伤害 | 位移 | 资源交互 | 自我增益","无"
"16.3.1","Zed","å½±æµä¹ä¸»","Zed","E","å½±å¥¥ä¹ï¼é¬¼æ©","Shadow Slash","ZedE","主动","{{ abilityresourcename }}","是","物","充能技能 | 敌方减益 | 控制 | 伤害","减速"
"16.3.1","Zed","å½±æµä¹ä¸»","Zed","R","ç¦å¥¥ä¹ï¼ç¬ç±å½±æéµ","Death Mark","ZedR","主动","No Cost","是","物","不可选取/无敌/霸体 | 充能技能 | 二段/形态切换 | 复活/免死相关 | 伤害 | 位移","无"
"16.3.1","Zeri","ç¥å®è±ç«","Zeri","P","åè½è¿è½¬","Living Battery","ZeriP.png","被动","无","否","魔","伤害 | 资源交互","无"
"16.3.1","Zeri","ç¥å®è±ç«","Zeri","Q","çµç«è¿¸å°","Burst Fire","ZeriQ","主动","No Cost","是","物","充能技能 | 伤害","无"
"16.3.1","Zeri","ç¥å®è±ç«","Zeri","W","å¼ºç©¿æ¿å","Ultrashock Laser","ZeriW","主动","{{ abilityresourcename }}","是","物","充能技能 | 控制 | 伤害","减速"
"16.3.1","Zeri","ç¥å®è±ç«","Zeri","E","ç¿ä¸½è±ç«","Spark Surge","ZeriE","主动","{{ abilityresourcename }}","是","魔","充能技能 | 敌方减益 | 二段/形态切换 | 伤害 | 位移","无"
"16.3.1","Zeri","ç¥å®è±ç«","Zeri","R","è¶éçéª","Lightning Crash","ZeriR","主动","{{ abilityresourcename }}","是","混合(物理+魔法)","充能技能 | 伤害 | 自我增益","无"
"16.3.1","Ziggs","çç ´é¬¼æ","Ziggs","P","ä¸è§¦å³å","Short Fuse","ZiggsPassiveReady.png","被动","无","否","魔","敌方减益 | 伤害","无"
"16.3.1","Ziggs","çç ´é¬¼æ","Ziggs","Q","å¼¹è·³ç¸å¼¹","Bouncing Bomb","ZiggsQ","主动","{{ abilityresourcename }}","是","魔","充能技能 | 伤害","无"
"16.3.1","Ziggs","çç ´é¬¼æ","Ziggs","W","å®ç¹çç ´","Satchel Charge","ZiggsW","主动","{{ abilityresourcename }}","是","魔","充能技能 | 敌方减益 | 二段/形态切换 | 伤害 | 斩杀/缺失生命值联动 | 召唤/部署 | 治疗/回复","无"
"16.3.1","Ziggs","çç ´é¬¼æ","Ziggs","E","æµ·åæ¯çç ´é·åº","Hexplosive Minefield","ZiggsE","主动","{{ abilityresourcename }}","是","魔","充能技能 | 敌方减益 | 控制 | 伤害","减速"
"16.3.1","Ziggs","çç ´é¬¼æ","Ziggs","R","ç§å­¦çå°ç±ç«ç®","Mega Inferno Bomb","ZiggsR","主动","{{ abilityresourcename }}","是","魔","充能技能 | 二段/形态切换 | 伤害","无"
"16.3.1","Zilean","æ¶åå®æ¤è","Zilean","P","ç¶ä¸­æ¶å","Time In A Bottle","Zilean_Passive.png","被动","无","否","无/未标注","无","无"
"16.3.1","Zilean","æ¶åå®æ¤è","Zilean","Q","å®æ¶ç¸å¼¹","Time Bomb","ZileanQ","主动","{{ abilityresourcename }}","是","魔","充能技能 | 控制 | 伤害","眩晕"
"16.3.1","Zilean","æ¶åå®æ¤è","Zilean","W","ç©¿æ¢­æªæ¥","Rewind","ZileanW","主动","Mana","是","无/未标注","充能技能","无"
"16.3.1","Zilean","æ¶åå®æ¤è","Zilean","E","æ¶ååæ¡","Time Warp","TimeWarp","主动","{{ abilityresourcename }}","是","无/未标注","充能技能 | 控制","减速"
"16.3.1","Zilean","æ¶åå®æ¤è","Zilean","R","æ¶ååæµ","Chronoshift","ChronoShift","主动","{{ abilityresourcename }}","是","无/未标注","不可选取/无敌/霸体 | 充能技能 | 伤害 | 位移 | 治疗/回复","无"
"16.3.1","Zoe","æ®åæçµ","Zoe","P","çç«åå°ï¼","More Sparkles!","Zoe_P.png","被动","无","否","魔","伤害","无"
"16.3.1","Zoe","æ®åæçµ","Zoe","Q","é£æä¹±å¥ï¼","Paddle Star!","ZoeQ","主动","{{ abilityresourcename }}","是","魔","充能技能 | 二段/形态切换 | 伤害","无"
"16.3.1","Zoe","æ®åæçµ","Zoe","W","çªæ³å·§æ","Spell Thief","ZoeW","主动","No Cost","是","魔","充能技能 | 伤害 | 召唤/部署 | 自我增益","无"
"16.3.1","Zoe","æ®åæçµ","Zoe","E","å¬ç æ°æ³¡","Sleepy Trouble Bubble","ZoeE","主动","{{ abilityresourcename }}","是","混合(魔法+真实)","充能技能 | 敌方减益 | 控制 | 伤害 | 召唤/部署","睡眠"
"16.3.1","Zoe","æ®åæçµ","Zoe","R","æè¿è·è¿","Portal Jump","ZoeR","主动","{{ abilityresourcename }}","是","无/未标注","充能技能 | 位移","无"
"16.3.1","Zyra","èæ£ä¹å´","Zyra","P","èæ£è±å­","Garden of Thorns","ZyraP.png","被动","无","否","无/未标注","控制 | 召唤/部署","禁锢"
"16.3.1","Zyra","èæ£ä¹å´","Zyra","Q","è´å½æ£åº","Deadly Spines","ZyraQ","主动","{{ abilityresourcename }}","是","魔","充能技能 | 伤害","无"
"16.3.1","Zyra","èæ£ä¹å´","Zyra","W","çéçé¿","Rampant Growth","ZyraW","主动","1 Seed","是","无/未标注","充能技能 | 敌方减益 | 控制","禁锢"
"16.3.1","Zyra","èæ£ä¹å´","Zyra","E","ç¼ ç»ä¹æ ¹","Grasping Roots","ZyraE","主动","{{ abilityresourcename }}","是","魔","充能技能 | 敌方减益 | 控制 | 伤害","减速 | 禁锢"
"16.3.1","Zyra","èæ£ä¹å´","Zyra","R","ç»æä¹è¤","Stranglethorns","ZyraR","主动","{{ abilityresourcename }}","是","魔","充能技能 | 控制 | 伤害 | 召唤/部署 | 治疗/回复 | 资源交互","击飞 | 腾空"
